[2025-08-11T14:27:57.002201+00:00] main.CRITICAL: PDOException: SQLSTATE[42S22]: Column not found: 1054 Unknown column 'fulltext' in 'WHERE' in /var/www/html/vendor/magento/framework/DB/Statement/Pdo/Mysql.php:90
Stack trace:
#0 /var/www/html/vendor/magento/framework/DB/Statement/Pdo/Mysql.php(90): PDOStatement->execute()
#1 /var/www/html/vendor/magento/framework/DB/Statement/Pdo/Mysql.php(106): Magento\Framework\DB\Statement\Pdo\Mysql->Magento\Framework\DB\Statement\Pdo\{closure}()
#2 /var/www/html/vendor/magento/framework/DB/Statement/Pdo/Mysql.php(89): Magento\Framework\DB\Statement\Pdo\Mysql->tryExecute(Object(Closure))
#3 /var/www/html/vendor/magento/zend-db/library/Zend/Db/Statement.php(313): Magento\Framework\DB\Statement\Pdo\Mysql->_execute(Array)
#4 /var/www/html/vendor/magento/zend-db/library/Zend/Db/Adapter/Abstract.php(480): Zend_Db_Statement->execute(Array)
#5 /var/www/html/vendor/magento/zend-db/library/Zend/Db/Adapter/Pdo/Abstract.php(242): Zend_Db_Adapter_Abstract->query('SELECT `main_ta...', Array)
#6 /var/www/html/vendor/magento/framework/DB/Adapter/Pdo/Mysql.php(614): Zend_Db_Adapter_Pdo_Abstract->query('SELECT `main_ta...', Array)
#7 /var/www/html/vendor/magento/framework/DB/Adapter/Pdo/Mysql.php(639): Magento\Framework\DB\Adapter\Pdo\Mysql->Magento\Framework\DB\Adapter\Pdo\{closure}()
#8 /var/www/html/vendor/magento/framework/DB/Adapter/Pdo/Mysql.php(614): Magento\Framework\DB\Adapter\Pdo\Mysql->performQuery(Object(Closure))
#9 /var/www/html/vendor/magento/framework/DB/Adapter/Pdo/Mysql.php(703): Magento\Framework\DB\Adapter\Pdo\Mysql->_query('SELECT `main_ta...', Array)
#10 /var/www/html/vendor/magento/zend-db/library/Zend/Db/Adapter/Abstract.php(737): Magento\Framework\DB\Adapter\Pdo\Mysql->query(Object(Magento\Framework\DB\Select), Array)
#11 /var/www/html/vendor/magento/framework/Data/Collection/Db/FetchStrategy/Query.php(21): Zend_Db_Adapter_Abstract->fetchAll(Object(Magento\Framework\DB\Select), Array)
#12 /var/www/html/vendor/magento/framework/Data/Collection/AbstractDb.php(1011): Magento\Framework\Data\Collection\Db\FetchStrategy\Query->fetchAll(Object(Magento\Framework\DB\Select), Array)
#13 /var/www/html/vendor/magento/framework/Data/Collection/AbstractDb.php(900): Magento\Framework\Data\Collection\AbstractDb->_fetchAll(Object(Magento\Framework\DB\Select))
#14 /var/www/html/vendor/magento/framework/Data/Collection/AbstractDb.php(793): Magento\Framework\Data\Collection\AbstractDb->getData()
#15 /var/www/html/vendor/magento/framework/Data/Collection/AbstractDb.php(777): Magento\Framework\Data\Collection\AbstractDb->loadWithFilter(false, false)
#16 /var/www/html/vendor/magento/framework/Data/Collection.php(340): Magento\Framework\Data\Collection\AbstractDb->load()
#17 /var/www/html/app/code/News/Manger/Ui/DataProvider/News/NewsGridDataProvider.php(46): Magento\Framework\Data\Collection->getItems()
#18 /var/www/html/vendor/magento/module-ui/Component/Listing.php(38): News\Manger\Ui\DataProvider\News\NewsGridDataProvider->getData()
#19 /var/www/html/vendor/magento/framework/View/Element/UiComponent/Context.php(250): Magento\Ui\Component\Listing->getDataSourceData()
#20 /var/www/html/vendor/magento/framework/View/Element/UiComponent/ContentType/Json.php(69): Magento\Framework\View\Element\UiComponent\Context->getDataSourceData(Object(Magento\Ui\Component\Listing))
#21 /var/www/html/vendor/magento/module-ui/Component/AbstractComponent.php(158): Magento\Framework\View\Element\UiComponent\ContentType\Json->render(Object(Magento\Ui\Component\Listing), 'templates/listi...')
#22 /var/www/html/vendor/magento/module-ui/Controller/Adminhtml/Index/Render.php(91): Magento\Ui\Component\AbstractComponent->render()
#23 /var/www/html/vendor/magento/framework/Interception/Interceptor.php(58): Magento\Ui\Controller\Adminhtml\Index\Render->execute()
#24 /var/www/html/vendor/magento/framework/Interception/Interceptor.php(138): Magento\Ui\Controller\Adminhtml\Index\Render\Interceptor->___callParent('execute', Array)
#25 /var/www/html/vendor/magento/framework/Interception/Interceptor.php(153): Magento\Ui\Controller\Adminhtml\Index\Render\Interceptor->Magento\Framework\Interception\{closure}()
#26 /var/www/html/generated/code/Magento/Ui/Controller/Adminhtml/Index/Render/Interceptor.php(23): Magento\Ui\Controller\Adminhtml\Index\Render\Interceptor->___callPlugins('execute', Array, Array)
#27 /var/www/html/vendor/magento/framework/App/Action/Action.php(111): Magento\Ui\Controller\Adminhtml\Index\Render\Interceptor->execute()
#28 /var/www/html/vendor/magento/module-backend/App/AbstractAction.php(151): Magento\Framework\App\Action\Action->dispatch(Object(Magento\Framework\App\Request\Http))
#29 /var/www/html/vendor/magento/framework/Interception/Interceptor.php(58): Magento\Backend\App\AbstractAction->dispatch(Object(Magento\Framework\App\Request\Http))
#30 /var/www/html/vendor/magento/framework/Interception/Interceptor.php(138): Magento\Ui\Controller\Adminhtml\Index\Render\Interceptor->___callParent('dispatch', Array)
#31 /var/www/html/vendor/magento/module-backend/App/Action/Plugin/Authentication.php(145): Magento\Ui\Controller\Adminhtml\Index\Render\Interceptor->Magento\Framework\Interception\{closure}(Object(Magento\Framework\App\Request\Http))
#32 /var/www/html/vendor/magento/framework/Interception/Interceptor.php(135): Magento\Backend\App\Action\Plugin\Authentication->aroundDispatch(Object(Magento\Ui\Controller\Adminhtml\Index\Render\Interceptor), Object(Closure), Object(Magento\Framework\App\Request\Http))
#33 /var/www/html/vendor/magento/framework/Interception/Interceptor.php(153): Magento\Ui\Controller\Adminhtml\Index\Render\Interceptor->Magento\Framework\Interception\{closure}(Object(Magento\Framework\App\Request\Http))
#34 /var/www/html/generated/code/Magento/Ui/Controller/Adminhtml/Index/Render/Interceptor.php(32): Magento\Ui\Controller\Adminhtml\Index\Render\Interceptor->___callPlugins('dispatch', Array, Array)
#35 /var/www/html/vendor/magento/framework/App/FrontController.php(245): Magento\Ui\Controller\Adminhtml\Index\Render\Interceptor->dispatch(Object(Magento\Framework\App\Request\Http))
#36 /var/www/html/vendor/magento/framework/App/FrontController.php(212): Magento\Framework\App\FrontController->getActionResponse(Object(Magento\Ui\Controller\Adminhtml\Index\Render\Interceptor), Object(Magento\Framework\App\Request\Http))
#37 /var/www/html/vendor/magento/framework/App/FrontController.php(146): Magento\Framework\App\FrontController->processRequest(Object(Magento\Framework\App\Request\Http), Object(Magento\Ui\Controller\Adminhtml\Index\Render\Interceptor))
#38 /var/www/html/vendor/magento/framework/Interception/Interceptor.php(58): Magento\Framework\App\FrontController->dispatch(Object(Magento\Framework\App\Request\Http))
#39 /var/www/html/vendor/magento/framework/Interception/Interceptor.php(138): Magento\Framework\App\FrontController\Interceptor->___callParent('dispatch', Array)
#40 /var/www/html/vendor/magento/framework/Interception/Interceptor.php(153): Magento\Framework\App\FrontController\Interceptor->Magento\Framework\Interception\{closure}(Object(Magento\Framework\App\Request\Http))
#41 /var/www/html/generated/code/Magento/Framework/App/FrontController/Interceptor.php(23): Magento\Framework\App\FrontController\Interceptor->___callPlugins('dispatch', Array, Array)
#42 /var/www/html/vendor/magento/framework/App/Http.php(116): Magento\Framework\App\FrontController\Interceptor->dispatch(Object(Magento\Framework\App\Request\Http))
#43 /var/www/html/vendor/magento/framework/Interception/Interceptor.php(58): Magento\Framework\App\Http->launch()
#44 /var/www/html/vendor/magento/framework/Interception/Interceptor.php(138): Magento\Framework\App\Http\Interceptor->___callParent('launch', Array)
#45 /var/www/html/vendor/magento/module-application-performance-monitor/Plugin/ApplicationPerformanceMonitor.php(38): Magento\Framework\App\Http\Interceptor->Magento\Framework\Interception\{closure}()
#46 /var/www/html/vendor/magento/framework/Interception/Interceptor.php(135): Magento\ApplicationPerformanceMonitor\Plugin\ApplicationPerformanceMonitor->aroundLaunch(Object(Magento\Framework\App\Http\Interceptor), Object(Closure))
#47 /var/www/html/vendor/magento/framework/Interception/Interceptor.php(153): Magento\Framework\App\Http\Interceptor->Magento\Framework\Interception\{closure}()
#48 /var/www/html/generated/code/Magento/Framework/App/Http/Interceptor.php(23): Magento\Framework\App\Http\Interceptor->___callPlugins('launch', Array, NULL)
#49 /var/www/html/vendor/magento/framework/App/Bootstrap.php(264): Magento\Framework\App\Http\Interceptor->launch()
#50 /var/www/html/pub/index.php(30): Magento\Framework\App\Bootstrap->run(Object(Magento\Framework\App\Http\Interceptor))
#51 {main}

Next Zend_Db_Statement_Exception: SQLSTATE[42S22]: Column not found: 1054 Unknown column 'fulltext' in 'WHERE', query was: SELECT `main_table`.* FROM `news_news` AS `main_table` WHERE (((`fulltext` = 'c'))) ORDER BY news_id ASC
 LIMIT 20 in /var/www/html/vendor/magento/framework/DB/Statement/Pdo/Mysql.php:109
Stack trace:
#0 /var/www/html/vendor/magento/framework/DB/Statement/Pdo/Mysql.php(89): Magento\Framework\DB\Statement\Pdo\Mysql->tryExecute(Object(Closure))
#1 /var/www/html/vendor/magento/zend-db/library/Zend/Db/Statement.php(313): Magento\Framework\DB\Statement\Pdo\Mysql->_execute(Array)
#2 /var/www/html/vendor/magento/zend-db/library/Zend/Db/Adapter/Abstract.php(480): Zend_Db_Statement->execute(Array)
#3 /var/www/html/vendor/magento/zend-db/library/Zend/Db/Adapter/Pdo/Abstract.php(242): Zend_Db_Adapter_Abstract->query('SELECT `main_ta...', Array)
#4 /var/www/html/vendor/magento/framework/DB/Adapter/Pdo/Mysql.php(614): Zend_Db_Adapter_Pdo_Abstract->query('SELECT `main_ta...', Array)
#5 /var/www/html/vendor/magento/framework/DB/Adapter/Pdo/Mysql.php(639): Magento\Framework\DB\Adapter\Pdo\Mysql->Magento\Framework\DB\Adapter\Pdo\{closure}()
#6 /var/www/html/vendor/magento/framework/DB/Adapter/Pdo/Mysql.php(614): Magento\Framework\DB\Adapter\Pdo\Mysql->performQuery(Object(Closure))
#7 /var/www/html/vendor/magento/framework/DB/Adapter/Pdo/Mysql.php(703): Magento\Framework\DB\Adapter\Pdo\Mysql->_query('SELECT `main_ta...', Array)
#8 /var/www/html/vendor/magento/zend-db/library/Zend/Db/Adapter/Abstract.php(737): Magento\Framework\DB\Adapter\Pdo\Mysql->query(Object(Magento\Framework\DB\Select), Array)
#9 /var/www/html/vendor/magento/framework/Data/Collection/Db/FetchStrategy/Query.php(21): Zend_Db_Adapter_Abstract->fetchAll(Object(Magento\Framework\DB\Select), Array)
#10 /var/www/html/vendor/magento/framework/Data/Collection/AbstractDb.php(1011): Magento\Framework\Data\Collection\Db\FetchStrategy\Query->fetchAll(Object(Magento\Framework\DB\Select), Array)
#11 /var/www/html/vendor/magento/framework/Data/Collection/AbstractDb.php(900): Magento\Framework\Data\Collection\AbstractDb->_fetchAll(Object(Magento\Framework\DB\Select))
#12 /var/www/html/vendor/magento/framework/Data/Collection/AbstractDb.php(793): Magento\Framework\Data\Collection\AbstractDb->getData()
#13 /var/www/html/vendor/magento/framework/Data/Collection/AbstractDb.php(777): Magento\Framework\Data\Collection\AbstractDb->loadWithFilter(false, false)
#14 /var/www/html/vendor/magento/framework/Data/Collection.php(340): Magento\Framework\Data\Collection\AbstractDb->load()
#15 /var/www/html/app/code/News/Manger/Ui/DataProvider/News/NewsGridDataProvider.php(46): Magento\Framework\Data\Collection->getItems()
#16 /var/www/html/vendor/magento/module-ui/Component/Listing.php(38): News\Manger\Ui\DataProvider\News\NewsGridDataProvider->getData()
#17 /var/www/html/vendor/magento/framework/View/Element/UiComponent/Context.php(250): Magento\Ui\Component\Listing->getDataSourceData()
#18 /var/www/html/vendor/magento/framework/View/Element/UiComponent/ContentType/Json.php(69): Magento\Framework\View\Element\UiComponent\Context->getDataSourceData(Object(Magento\Ui\Component\Listing))
#19 /var/www/html/vendor/magento/module-ui/Component/AbstractComponent.php(158): Magento\Framework\View\Element\UiComponent\ContentType\Json->render(Object(Magento\Ui\Component\Listing), 'templates/listi...')
#20 /var/www/html/vendor/magento/module-ui/Controller/Adminhtml/Index/Render.php(91): Magento\Ui\Component\AbstractComponent->render()
#21 /var/www/html/vendor/magento/framework/Interception/Interceptor.php(58): Magento\Ui\Controller\Adminhtml\Index\Render->execute()
#22 /var/www/html/vendor/magento/framework/Interception/Interceptor.php(138): Magento\Ui\Controller\Adminhtml\Index\Render\Interceptor->___callParent('execute', Array)
#23 /var/www/html/vendor/magento/framework/Interception/Interceptor.php(153): Magento\Ui\Controller\Adminhtml\Index\Render\Interceptor->Magento\Framework\Interception\{closure}()
#24 /var/www/html/generated/code/Magento/Ui/Controller/Adminhtml/Index/Render/Interceptor.php(23): Magento\Ui\Controller\Adminhtml\Index\Render\Interceptor->___callPlugins('execute', Array, Array)
#25 /var/www/html/vendor/magento/framework/App/Action/Action.php(111): Magento\Ui\Controller\Adminhtml\Index\Render\Interceptor->execute()
#26 /var/www/html/vendor/magento/module-backend/App/AbstractAction.php(151): Magento\Framework\App\Action\Action->dispatch(Object(Magento\Framework\App\Request\Http))
#27 /var/www/html/vendor/magento/framework/Interception/Interceptor.php(58): Magento\Backend\App\AbstractAction->dispatch(Object(Magento\Framework\App\Request\Http))
#28 /var/www/html/vendor/magento/framework/Interception/Interceptor.php(138): Magento\Ui\Controller\Adminhtml\Index\Render\Interceptor->___callParent('dispatch', Array)
#29 /var/www/html/vendor/magento/module-backend/App/Action/Plugin/Authentication.php(145): Magento\Ui\Controller\Adminhtml\Index\Render\Interceptor->Magento\Framework\Interception\{closure}(Object(Magento\Framework\App\Request\Http))
#30 /var/www/html/vendor/magento/framework/Interception/Interceptor.php(135): Magento\Backend\App\Action\Plugin\Authentication->aroundDispatch(Object(Magento\Ui\Controller\Adminhtml\Index\Render\Interceptor), Object(Closure), Object(Magento\Framework\App\Request\Http))
#31 /var/www/html/vendor/magento/framework/Interception/Interceptor.php(153): Magento\Ui\Controller\Adminhtml\Index\Render\Interceptor->Magento\Framework\Interception\{closure}(Object(Magento\Framework\App\Request\Http))
#32 /var/www/html/generated/code/Magento/Ui/Controller/Adminhtml/Index/Render/Interceptor.php(32): Magento\Ui\Controller\Adminhtml\Index\Render\Interceptor->___callPlugins('dispatch', Array, Array)
#33 /var/www/html/vendor/magento/framework/App/FrontController.php(245): Magento\Ui\Controller\Adminhtml\Index\Render\Interceptor->dispatch(Object(Magento\Framework\App\Request\Http))
#34 /var/www/html/vendor/magento/framework/App/FrontController.php(212): Magento\Framework\App\FrontController->getActionResponse(Object(Magento\Ui\Controller\Adminhtml\Index\Render\Interceptor), Object(Magento\Framework\App\Request\Http))
#35 /var/www/html/vendor/magento/framework/App/FrontController.php(146): Magento\Framework\App\FrontController->processRequest(Object(Magento\Framework\App\Request\Http), Object(Magento\Ui\Controller\Adminhtml\Index\Render\Interceptor))
#36 /var/www/html/vendor/magento/framework/Interception/Interceptor.php(58): Magento\Framework\App\FrontController->dispatch(Object(Magento\Framework\App\Request\Http))
#37 /var/www/html/vendor/magento/framework/Interception/Interceptor.php(138): Magento\Framework\App\FrontController\Interceptor->___callParent('dispatch', Array)
#38 /var/www/html/vendor/magento/framework/Interception/Interceptor.php(153): Magento\Framework\App\FrontController\Interceptor->Magento\Framework\Interception\{closure}(Object(Magento\Framework\App\Request\Http))
#39 /var/www/html/generated/code/Magento/Framework/App/FrontController/Interceptor.php(23): Magento\Framework\App\FrontController\Interceptor->___callPlugins('dispatch', Array, Array)
#40 /var/www/html/vendor/magento/framework/App/Http.php(116): Magento\Framework\App\FrontController\Interceptor->dispatch(Object(Magento\Framework\App\Request\Http))
#41 /var/www/html/vendor/magento/framework/Interception/Interceptor.php(58): Magento\Framework\App\Http->launch()
#42 /var/www/html/vendor/magento/framework/Interception/Interceptor.php(138): Magento\Framework\App\Http\Interceptor->___callParent('launch', Array)
#43 /var/www/html/vendor/magento/module-application-performance-monitor/Plugin/ApplicationPerformanceMonitor.php(38): Magento\Framework\App\Http\Interceptor->Magento\Framework\Interception\{closure}()
#44 /var/www/html/vendor/magento/framework/Interception/Interceptor.php(135): Magento\ApplicationPerformanceMonitor\Plugin\ApplicationPerformanceMonitor->aroundLaunch(Object(Magento\Framework\App\Http\Interceptor), Object(Closure))
#45 /var/www/html/vendor/magento/framework/Interception/Interceptor.php(153): Magento\Framework\App\Http\Interceptor->Magento\Framework\Interception\{closure}()
#46 /var/www/html/generated/code/Magento/Framework/App/Http/Interceptor.php(23): Magento\Framework\App\Http\Interceptor->___callPlugins('launch', Array, NULL)
#47 /var/www/html/vendor/magento/framework/App/Bootstrap.php(264): Magento\Framework\App\Http\Interceptor->launch()
#48 /var/www/html/pub/index.php(30): Magento\Framework\App\Bootstrap->run(Object(Magento\Framework\App\Http\Interceptor))
#49 {main} {"exception":"[object] (Zend_Db_Statement_Exception(code: 42): SQLSTATE[42S22]: Column not found: 1054 Unknown column 'fulltext' in 'WHERE', query was: SELECT `main_table`.* FROM `news_news` AS `main_table` WHERE (((`fulltext` = 'c'))) ORDER BY news_id ASC
 LIMIT 20 at /var/www/html/vendor/magento/framework/DB/Statement/Pdo/Mysql.php:109)
[previous exception] [object] (PDOException(code: 42S22): SQLSTATE[42S22]: Column not found: 1054 Unknown column 'fulltext' in 'WHERE' at /var/www/html/vendor/magento/framework/DB/Statement/Pdo/Mysql.php:90)"} []
[2025-08-11T15:19:07.324905+00:00] main.ERROR: News not found

GraphQL (2:3)
1: query newsById {
2:   newsById(id: 0) {
     ^
3:     news_id
 {"exception":"[object] (GraphQL\\Error\\Error(code: 0): News not found at /var/www/html/vendor/webonyx/graphql-php/src/Error/Error.php:171)
[previous exception] [object] (Magento\\Framework\\GraphQl\\Exception\\GraphQlInputException(code: 0): News not found at /var/www/html/app/code/News/Manger/Model/Resolver/NewsById.php:54)"} []
[2025-08-11T15:21:40.106368+00:00] main.ERROR: News not found

GraphQL (2:3)
1: query newsById {
2:   newsById(id: 2) {
     ^
3:     news_id
 {"exception":"[object] (GraphQL\\Error\\Error(code: 0): News not found at /var/www/html/vendor/webonyx/graphql-php/src/Error/Error.php:171)
[previous exception] [object] (Magento\\Framework\\GraphQl\\Exception\\GraphQlInputException(code: 0): News not found at /var/www/html/app/code/News/Manger/Model/Resolver/NewsById.php:54)"} []
[2025-08-18T13:22:57.429757+00:00] main.CRITICAL: PDOException: SQLSTATE[42S22]: Column not found: 1054 Unknown column 'fulltext' in 'WHERE' in /var/www/html/vendor/magento/framework/DB/Statement/Pdo/Mysql.php:90
Stack trace:
#0 /var/www/html/vendor/magento/framework/DB/Statement/Pdo/Mysql.php(90): PDOStatement->execute()
#1 /var/www/html/vendor/magento/framework/DB/Statement/Pdo/Mysql.php(106): Magento\Framework\DB\Statement\Pdo\Mysql->Magento\Framework\DB\Statement\Pdo\{closure}()
#2 /var/www/html/vendor/magento/framework/DB/Statement/Pdo/Mysql.php(89): Magento\Framework\DB\Statement\Pdo\Mysql->tryExecute(Object(Closure))
#3 /var/www/html/vendor/magento/zend-db/library/Zend/Db/Statement.php(313): Magento\Framework\DB\Statement\Pdo\Mysql->_execute(Array)
#4 /var/www/html/vendor/magento/zend-db/library/Zend/Db/Adapter/Abstract.php(480): Zend_Db_Statement->execute(Array)
#5 /var/www/html/vendor/magento/zend-db/library/Zend/Db/Adapter/Pdo/Abstract.php(242): Zend_Db_Adapter_Abstract->query('SELECT COUNT(*)...', Array)
#6 /var/www/html/vendor/magento/framework/DB/Adapter/Pdo/Mysql.php(614): Zend_Db_Adapter_Pdo_Abstract->query('SELECT COUNT(*)...', Array)
#7 /var/www/html/vendor/magento/framework/DB/Adapter/Pdo/Mysql.php(639): Magento\Framework\DB\Adapter\Pdo\Mysql->Magento\Framework\DB\Adapter\Pdo\{closure}()
#8 /var/www/html/vendor/magento/framework/DB/Adapter/Pdo/Mysql.php(614): Magento\Framework\DB\Adapter\Pdo\Mysql->performQuery(Object(Closure))
#9 /var/www/html/vendor/magento/framework/DB/Adapter/Pdo/Mysql.php(703): Magento\Framework\DB\Adapter\Pdo\Mysql->_query('SELECT COUNT(*)...', Array)
#10 /var/www/html/vendor/magento/zend-db/library/Zend/Db/Adapter/Abstract.php(828): Magento\Framework\DB\Adapter\Pdo\Mysql->query(Object(Magento\Framework\DB\Select), Array)
#11 /var/www/html/vendor/magento/framework/Data/Collection/AbstractDb.php(412): Zend_Db_Adapter_Abstract->fetchOne(Object(Magento\Framework\DB\Select), Array)
#12 /var/www/html/vendor/magento/framework/Data/Collection.php(745): Magento\Framework\Data\Collection\AbstractDb->getSize()
#13 /var/www/html/vendor/magento/module-ui/DataProvider/AbstractDataProvider.php(263): Magento\Framework\Data\Collection->toArray()
#14 /var/www/html/vendor/magento/module-ui/Component/Listing.php(38): Magento\Ui\DataProvider\AbstractDataProvider->getData()
#15 /var/www/html/vendor/magento/framework/View/Element/UiComponent/Context.php(250): Magento\Ui\Component\Listing->getDataSourceData()
#16 /var/www/html/vendor/magento/framework/View/Element/UiComponent/ContentType/Json.php(69): Magento\Framework\View\Element\UiComponent\Context->getDataSourceData(Object(Magento\Ui\Component\Listing))
#17 /var/www/html/vendor/magento/module-ui/Component/AbstractComponent.php(158): Magento\Framework\View\Element\UiComponent\ContentType\Json->render(Object(Magento\Ui\Component\Listing), 'templates/listi...')
#18 /var/www/html/vendor/magento/module-ui/Controller/Adminhtml/Index/Render.php(91): Magento\Ui\Component\AbstractComponent->render()
#19 /var/www/html/vendor/magento/framework/Interception/Interceptor.php(58): Magento\Ui\Controller\Adminhtml\Index\Render->execute()
#20 /var/www/html/vendor/magento/framework/Interception/Interceptor.php(138): Magento\Ui\Controller\Adminhtml\Index\Render\Interceptor->___callParent('execute', Array)
#21 /var/www/html/vendor/magento/framework/Interception/Interceptor.php(153): Magento\Ui\Controller\Adminhtml\Index\Render\Interceptor->Magento\Framework\Interception\{closure}()
#22 /var/www/html/generated/code/Magento/Ui/Controller/Adminhtml/Index/Render/Interceptor.php(23): Magento\Ui\Controller\Adminhtml\Index\Render\Interceptor->___callPlugins('execute', Array, Array)
#23 /var/www/html/vendor/magento/framework/App/Action/Action.php(111): Magento\Ui\Controller\Adminhtml\Index\Render\Interceptor->execute()
#24 /var/www/html/vendor/magento/module-backend/App/AbstractAction.php(151): Magento\Framework\App\Action\Action->dispatch(Object(Magento\Framework\App\Request\Http))
#25 /var/www/html/vendor/magento/framework/Interception/Interceptor.php(58): Magento\Backend\App\AbstractAction->dispatch(Object(Magento\Framework\App\Request\Http))
#26 /var/www/html/vendor/magento/framework/Interception/Interceptor.php(138): Magento\Ui\Controller\Adminhtml\Index\Render\Interceptor->___callParent('dispatch', Array)
#27 /var/www/html/vendor/magento/module-backend/App/Action/Plugin/Authentication.php(145): Magento\Ui\Controller\Adminhtml\Index\Render\Interceptor->Magento\Framework\Interception\{closure}(Object(Magento\Framework\App\Request\Http))
#28 /var/www/html/vendor/magento/framework/Interception/Interceptor.php(135): Magento\Backend\App\Action\Plugin\Authentication->aroundDispatch(Object(Magento\Ui\Controller\Adminhtml\Index\Render\Interceptor), Object(Closure), Object(Magento\Framework\App\Request\Http))
#29 /var/www/html/vendor/magento/framework/Interception/Interceptor.php(153): Magento\Ui\Controller\Adminhtml\Index\Render\Interceptor->Magento\Framework\Interception\{closure}(Object(Magento\Framework\App\Request\Http))
#30 /var/www/html/generated/code/Magento/Ui/Controller/Adminhtml/Index/Render/Interceptor.php(32): Magento\Ui\Controller\Adminhtml\Index\Render\Interceptor->___callPlugins('dispatch', Array, Array)
#31 /var/www/html/vendor/magento/framework/App/FrontController.php(245): Magento\Ui\Controller\Adminhtml\Index\Render\Interceptor->dispatch(Object(Magento\Framework\App\Request\Http))
#32 /var/www/html/vendor/magento/framework/App/FrontController.php(212): Magento\Framework\App\FrontController->getActionResponse(Object(Magento\Ui\Controller\Adminhtml\Index\Render\Interceptor), Object(Magento\Framework\App\Request\Http))
#33 /var/www/html/vendor/magento/framework/App/FrontController.php(146): Magento\Framework\App\FrontController->processRequest(Object(Magento\Framework\App\Request\Http), Object(Magento\Ui\Controller\Adminhtml\Index\Render\Interceptor))
#34 /var/www/html/vendor/magento/framework/Interception/Interceptor.php(58): Magento\Framework\App\FrontController->dispatch(Object(Magento\Framework\App\Request\Http))
#35 /var/www/html/vendor/magento/framework/Interception/Interceptor.php(138): Magento\Framework\App\FrontController\Interceptor->___callParent('dispatch', Array)
#36 /var/www/html/vendor/magento/framework/Interception/Interceptor.php(153): Magento\Framework\App\FrontController\Interceptor->Magento\Framework\Interception\{closure}(Object(Magento\Framework\App\Request\Http))
#37 /var/www/html/generated/code/Magento/Framework/App/FrontController/Interceptor.php(23): Magento\Framework\App\FrontController\Interceptor->___callPlugins('dispatch', Array, Array)
#38 /var/www/html/vendor/magento/framework/App/Http.php(116): Magento\Framework\App\FrontController\Interceptor->dispatch(Object(Magento\Framework\App\Request\Http))
#39 /var/www/html/vendor/magento/framework/Interception/Interceptor.php(58): Magento\Framework\App\Http->launch()
#40 /var/www/html/vendor/magento/framework/Interception/Interceptor.php(138): Magento\Framework\App\Http\Interceptor->___callParent('launch', Array)
#41 /var/www/html/vendor/magento/module-application-performance-monitor/Plugin/ApplicationPerformanceMonitor.php(38): Magento\Framework\App\Http\Interceptor->Magento\Framework\Interception\{closure}()
#42 /var/www/html/vendor/magento/framework/Interception/Interceptor.php(135): Magento\ApplicationPerformanceMonitor\Plugin\ApplicationPerformanceMonitor->aroundLaunch(Object(Magento\Framework\App\Http\Interceptor), Object(Closure))
#43 /var/www/html/vendor/magento/framework/Interception/Interceptor.php(153): Magento\Framework\App\Http\Interceptor->Magento\Framework\Interception\{closure}()
#44 /var/www/html/generated/code/Magento/Framework/App/Http/Interceptor.php(23): Magento\Framework\App\Http\Interceptor->___callPlugins('launch', Array, NULL)
#45 /var/www/html/vendor/magento/framework/App/Bootstrap.php(264): Magento\Framework\App\Http\Interceptor->launch()
#46 /var/www/html/pub/index.php(30): Magento\Framework\App\Bootstrap->run(Object(Magento\Framework\App\Http\Interceptor))
#47 {main}

Next Zend_Db_Statement_Exception: SQLSTATE[42S22]: Column not found: 1054 Unknown column 'fulltext' in 'WHERE', query was: SELECT COUNT(*) FROM `news_category` AS `main_table` WHERE (((`fulltext` = 'cat'))) in /var/www/html/vendor/magento/framework/DB/Statement/Pdo/Mysql.php:109
Stack trace:
#0 /var/www/html/vendor/magento/framework/DB/Statement/Pdo/Mysql.php(89): Magento\Framework\DB\Statement\Pdo\Mysql->tryExecute(Object(Closure))
#1 /var/www/html/vendor/magento/zend-db/library/Zend/Db/Statement.php(313): Magento\Framework\DB\Statement\Pdo\Mysql->_execute(Array)
#2 /var/www/html/vendor/magento/zend-db/library/Zend/Db/Adapter/Abstract.php(480): Zend_Db_Statement->execute(Array)
#3 /var/www/html/vendor/magento/zend-db/library/Zend/Db/Adapter/Pdo/Abstract.php(242): Zend_Db_Adapter_Abstract->query('SELECT COUNT(*)...', Array)
#4 /var/www/html/vendor/magento/framework/DB/Adapter/Pdo/Mysql.php(614): Zend_Db_Adapter_Pdo_Abstract->query('SELECT COUNT(*)...', Array)
#5 /var/www/html/vendor/magento/framework/DB/Adapter/Pdo/Mysql.php(639): Magento\Framework\DB\Adapter\Pdo\Mysql->Magento\Framework\DB\Adapter\Pdo\{closure}()
#6 /var/www/html/vendor/magento/framework/DB/Adapter/Pdo/Mysql.php(614): Magento\Framework\DB\Adapter\Pdo\Mysql->performQuery(Object(Closure))
#7 /var/www/html/vendor/magento/framework/DB/Adapter/Pdo/Mysql.php(703): Magento\Framework\DB\Adapter\Pdo\Mysql->_query('SELECT COUNT(*)...', Array)
#8 /var/www/html/vendor/magento/zend-db/library/Zend/Db/Adapter/Abstract.php(828): Magento\Framework\DB\Adapter\Pdo\Mysql->query(Object(Magento\Framework\DB\Select), Array)
#9 /var/www/html/vendor/magento/framework/Data/Collection/AbstractDb.php(412): Zend_Db_Adapter_Abstract->fetchOne(Object(Magento\Framework\DB\Select), Array)
#10 /var/www/html/vendor/magento/framework/Data/Collection.php(745): Magento\Framework\Data\Collection\AbstractDb->getSize()
#11 /var/www/html/vendor/magento/module-ui/DataProvider/AbstractDataProvider.php(263): Magento\Framework\Data\Collection->toArray()
#12 /var/www/html/vendor/magento/module-ui/Component/Listing.php(38): Magento\Ui\DataProvider\AbstractDataProvider->getData()
#13 /var/www/html/vendor/magento/framework/View/Element/UiComponent/Context.php(250): Magento\Ui\Component\Listing->getDataSourceData()
#14 /var/www/html/vendor/magento/framework/View/Element/UiComponent/ContentType/Json.php(69): Magento\Framework\View\Element\UiComponent\Context->getDataSourceData(Object(Magento\Ui\Component\Listing))
#15 /var/www/html/vendor/magento/module-ui/Component/AbstractComponent.php(158): Magento\Framework\View\Element\UiComponent\ContentType\Json->render(Object(Magento\Ui\Component\Listing), 'templates/listi...')
#16 /var/www/html/vendor/magento/module-ui/Controller/Adminhtml/Index/Render.php(91): Magento\Ui\Component\AbstractComponent->render()
#17 /var/www/html/vendor/magento/framework/Interception/Interceptor.php(58): Magento\Ui\Controller\Adminhtml\Index\Render->execute()
#18 /var/www/html/vendor/magento/framework/Interception/Interceptor.php(138): Magento\Ui\Controller\Adminhtml\Index\Render\Interceptor->___callParent('execute', Array)
#19 /var/www/html/vendor/magento/framework/Interception/Interceptor.php(153): Magento\Ui\Controller\Adminhtml\Index\Render\Interceptor->Magento\Framework\Interception\{closure}()
#20 /var/www/html/generated/code/Magento/Ui/Controller/Adminhtml/Index/Render/Interceptor.php(23): Magento\Ui\Controller\Adminhtml\Index\Render\Interceptor->___callPlugins('execute', Array, Array)
#21 /var/www/html/vendor/magento/framework/App/Action/Action.php(111): Magento\Ui\Controller\Adminhtml\Index\Render\Interceptor->execute()
#22 /var/www/html/vendor/magento/module-backend/App/AbstractAction.php(151): Magento\Framework\App\Action\Action->dispatch(Object(Magento\Framework\App\Request\Http))
#23 /var/www/html/vendor/magento/framework/Interception/Interceptor.php(58): Magento\Backend\App\AbstractAction->dispatch(Object(Magento\Framework\App\Request\Http))
#24 /var/www/html/vendor/magento/framework/Interception/Interceptor.php(138): Magento\Ui\Controller\Adminhtml\Index\Render\Interceptor->___callParent('dispatch', Array)
#25 /var/www/html/vendor/magento/module-backend/App/Action/Plugin/Authentication.php(145): Magento\Ui\Controller\Adminhtml\Index\Render\Interceptor->Magento\Framework\Interception\{closure}(Object(Magento\Framework\App\Request\Http))
#26 /var/www/html/vendor/magento/framework/Interception/Interceptor.php(135): Magento\Backend\App\Action\Plugin\Authentication->aroundDispatch(Object(Magento\Ui\Controller\Adminhtml\Index\Render\Interceptor), Object(Closure), Object(Magento\Framework\App\Request\Http))
#27 /var/www/html/vendor/magento/framework/Interception/Interceptor.php(153): Magento\Ui\Controller\Adminhtml\Index\Render\Interceptor->Magento\Framework\Interception\{closure}(Object(Magento\Framework\App\Request\Http))
#28 /var/www/html/generated/code/Magento/Ui/Controller/Adminhtml/Index/Render/Interceptor.php(32): Magento\Ui\Controller\Adminhtml\Index\Render\Interceptor->___callPlugins('dispatch', Array, Array)
#29 /var/www/html/vendor/magento/framework/App/FrontController.php(245): Magento\Ui\Controller\Adminhtml\Index\Render\Interceptor->dispatch(Object(Magento\Framework\App\Request\Http))
#30 /var/www/html/vendor/magento/framework/App/FrontController.php(212): Magento\Framework\App\FrontController->getActionResponse(Object(Magento\Ui\Controller\Adminhtml\Index\Render\Interceptor), Object(Magento\Framework\App\Request\Http))
#31 /var/www/html/vendor/magento/framework/App/FrontController.php(146): Magento\Framework\App\FrontController->processRequest(Object(Magento\Framework\App\Request\Http), Object(Magento\Ui\Controller\Adminhtml\Index\Render\Interceptor))
#32 /var/www/html/vendor/magento/framework/Interception/Interceptor.php(58): Magento\Framework\App\FrontController->dispatch(Object(Magento\Framework\App\Request\Http))
#33 /var/www/html/vendor/magento/framework/Interception/Interceptor.php(138): Magento\Framework\App\FrontController\Interceptor->___callParent('dispatch', Array)
#34 /var/www/html/vendor/magento/framework/Interception/Interceptor.php(153): Magento\Framework\App\FrontController\Interceptor->Magento\Framework\Interception\{closure}(Object(Magento\Framework\App\Request\Http))
#35 /var/www/html/generated/code/Magento/Framework/App/FrontController/Interceptor.php(23): Magento\Framework\App\FrontController\Interceptor->___callPlugins('dispatch', Array, Array)
#36 /var/www/html/vendor/magento/framework/App/Http.php(116): Magento\Framework\App\FrontController\Interceptor->dispatch(Object(Magento\Framework\App\Request\Http))
#37 /var/www/html/vendor/magento/framework/Interception/Interceptor.php(58): Magento\Framework\App\Http->launch()
#38 /var/www/html/vendor/magento/framework/Interception/Interceptor.php(138): Magento\Framework\App\Http\Interceptor->___callParent('launch', Array)
#39 /var/www/html/vendor/magento/module-application-performance-monitor/Plugin/ApplicationPerformanceMonitor.php(38): Magento\Framework\App\Http\Interceptor->Magento\Framework\Interception\{closure}()
#40 /var/www/html/vendor/magento/framework/Interception/Interceptor.php(135): Magento\ApplicationPerformanceMonitor\Plugin\ApplicationPerformanceMonitor->aroundLaunch(Object(Magento\Framework\App\Http\Interceptor), Object(Closure))
#41 /var/www/html/vendor/magento/framework/Interception/Interceptor.php(153): Magento\Framework\App\Http\Interceptor->Magento\Framework\Interception\{closure}()
#42 /var/www/html/generated/code/Magento/Framework/App/Http/Interceptor.php(23): Magento\Framework\App\Http\Interceptor->___callPlugins('launch', Array, NULL)
#43 /var/www/html/vendor/magento/framework/App/Bootstrap.php(264): Magento\Framework\App\Http\Interceptor->launch()
#44 /var/www/html/pub/index.php(30): Magento\Framework\App\Bootstrap->run(Object(Magento\Framework\App\Http\Interceptor))
#45 {main} {"exception":"[object] (Zend_Db_Statement_Exception(code: 42): SQLSTATE[42S22]: Column not found: 1054 Unknown column 'fulltext' in 'WHERE', query was: SELECT COUNT(*) FROM `news_category` AS `main_table` WHERE (((`fulltext` = 'cat'))) at /var/www/html/vendor/magento/framework/DB/Statement/Pdo/Mysql.php:109)
[previous exception] [object] (PDOException(code: 42S22): SQLSTATE[42S22]: Column not found: 1054 Unknown column 'fulltext' in 'WHERE' at /var/www/html/vendor/magento/framework/DB/Statement/Pdo/Mysql.php:90)"} []
[2025-08-20T14:24:57.413135+00:00] main.CRITICAL: PDOException: SQLSTATE[23000]: Integrity constraint violation: 1062 Duplicate entry '4' for key 'PRIMARY' in /var/www/html/vendor/magento/framework/DB/Statement/Pdo/Mysql.php:90
Stack trace:
#0 /var/www/html/vendor/magento/framework/DB/Statement/Pdo/Mysql.php(90): PDOStatement->execute(Array)
#1 /var/www/html/vendor/magento/framework/DB/Statement/Pdo/Mysql.php(106): Magento\Framework\DB\Statement\Pdo\Mysql->Magento\Framework\DB\Statement\Pdo\{closure}()
#2 /var/www/html/vendor/magento/framework/DB/Statement/Pdo/Mysql.php(89): Magento\Framework\DB\Statement\Pdo\Mysql->tryExecute(Object(Closure))
#3 /var/www/html/vendor/magento/zend-db/library/Zend/Db/Statement.php(313): Magento\Framework\DB\Statement\Pdo\Mysql->_execute(Array)
#4 /var/www/html/vendor/magento/zend-db/library/Zend/Db/Adapter/Abstract.php(480): Zend_Db_Statement->execute(Array)
#5 /var/www/html/vendor/magento/zend-db/library/Zend/Db/Adapter/Pdo/Abstract.php(242): Zend_Db_Adapter_Abstract->query('INSERT INTO `ne...', Array)
#6 /var/www/html/vendor/magento/framework/DB/Adapter/Pdo/Mysql.php(614): Zend_Db_Adapter_Pdo_Abstract->query('INSERT INTO `ne...', Array)
#7 /var/www/html/vendor/magento/framework/DB/Adapter/Pdo/Mysql.php(639): Magento\Framework\DB\Adapter\Pdo\Mysql->Magento\Framework\DB\Adapter\Pdo\{closure}()
#8 /var/www/html/vendor/magento/framework/DB/Adapter/Pdo/Mysql.php(614): Magento\Framework\DB\Adapter\Pdo\Mysql->performQuery(Object(Closure))
#9 /var/www/html/vendor/magento/framework/DB/Adapter/Pdo/Mysql.php(703): Magento\Framework\DB\Adapter\Pdo\Mysql->_query('INSERT INTO `ne...', Array)
#10 /var/www/html/vendor/magento/zend-db/library/Zend/Db/Adapter/Abstract.php(576): Magento\Framework\DB\Adapter\Pdo\Mysql->query('INSERT INTO `ne...', Array)
#11 /var/www/html/app/code/News/Manger/Controller/Adminhtml/Category/Save.php(156): Zend_Db_Adapter_Abstract->insert('news_category_h...', Array)
#12 /var/www/html/app/code/News/Manger/Controller/Adminhtml/Category/Save.php(100): News\Manger\Controller\Adminhtml\Category\Save->saveMultipleHierarchies('4', Array)
#13 /var/www/html/vendor/magento/framework/Interception/Interceptor.php(58): News\Manger\Controller\Adminhtml\Category\Save->execute()
#14 /var/www/html/vendor/magento/framework/Interception/Interceptor.php(138): News\Manger\Controller\Adminhtml\Category\Save\Interceptor->___callParent('execute', Array)
#15 /var/www/html/vendor/magento/framework/Interception/Interceptor.php(153): News\Manger\Controller\Adminhtml\Category\Save\Interceptor->Magento\Framework\Interception\{closure}()
#16 /var/www/html/generated/code/News/Manger/Controller/Adminhtml/Category/Save/Interceptor.php(23): News\Manger\Controller\Adminhtml\Category\Save\Interceptor->___callPlugins('execute', Array, Array)
#17 /var/www/html/vendor/magento/framework/App/Action/Action.php(111): News\Manger\Controller\Adminhtml\Category\Save\Interceptor->execute()
#18 /var/www/html/vendor/magento/module-backend/App/AbstractAction.php(151): Magento\Framework\App\Action\Action->dispatch(Object(Magento\Framework\App\Request\Http))
#19 /var/www/html/vendor/magento/framework/Interception/Interceptor.php(58): Magento\Backend\App\AbstractAction->dispatch(Object(Magento\Framework\App\Request\Http))
#20 /var/www/html/vendor/magento/framework/Interception/Interceptor.php(138): News\Manger\Controller\Adminhtml\Category\Save\Interceptor->___callParent('dispatch', Array)
#21 /var/www/html/vendor/magento/module-backend/App/Action/Plugin/Authentication.php(145): News\Manger\Controller\Adminhtml\Category\Save\Interceptor->Magento\Framework\Interception\{closure}(Object(Magento\Framework\App\Request\Http))
#22 /var/www/html/vendor/magento/framework/Interception/Interceptor.php(135): Magento\Backend\App\Action\Plugin\Authentication->aroundDispatch(Object(News\Manger\Controller\Adminhtml\Category\Save\Interceptor), Object(Closure), Object(Magento\Framework\App\Request\Http))
#23 /var/www/html/vendor/magento/framework/Interception/Interceptor.php(153): News\Manger\Controller\Adminhtml\Category\Save\Interceptor->Magento\Framework\Interception\{closure}(Object(Magento\Framework\App\Request\Http))
#24 /var/www/html/generated/code/News/Manger/Controller/Adminhtml/Category/Save/Interceptor.php(32): News\Manger\Controller\Adminhtml\Category\Save\Interceptor->___callPlugins('dispatch', Array, Array)
#25 /var/www/html/vendor/magento/framework/App/FrontController.php(245): News\Manger\Controller\Adminhtml\Category\Save\Interceptor->dispatch(Object(Magento\Framework\App\Request\Http))
#26 /var/www/html/vendor/magento/framework/App/FrontController.php(212): Magento\Framework\App\FrontController->getActionResponse(Object(News\Manger\Controller\Adminhtml\Category\Save\Interceptor), Object(Magento\Framework\App\Request\Http))
#27 /var/www/html/vendor/magento/framework/App/FrontController.php(146): Magento\Framework\App\FrontController->processRequest(Object(Magento\Framework\App\Request\Http), Object(News\Manger\Controller\Adminhtml\Category\Save\Interceptor))
#28 /var/www/html/vendor/magento/framework/Interception/Interceptor.php(58): Magento\Framework\App\FrontController->dispatch(Object(Magento\Framework\App\Request\Http))
#29 /var/www/html/vendor/magento/framework/Interception/Interceptor.php(138): Magento\Framework\App\FrontController\Interceptor->___callParent('dispatch', Array)
#30 /var/www/html/vendor/magento/framework/Interception/Interceptor.php(153): Magento\Framework\App\FrontController\Interceptor->Magento\Framework\Interception\{closure}(Object(Magento\Framework\App\Request\Http))
#31 /var/www/html/generated/code/Magento/Framework/App/FrontController/Interceptor.php(23): Magento\Framework\App\FrontController\Interceptor->___callPlugins('dispatch', Array, Array)
#32 /var/www/html/vendor/magento/framework/App/Http.php(116): Magento\Framework\App\FrontController\Interceptor->dispatch(Object(Magento\Framework\App\Request\Http))
#33 /var/www/html/vendor/magento/framework/Interception/Interceptor.php(58): Magento\Framework\App\Http->launch()
#34 /var/www/html/vendor/magento/framework/Interception/Interceptor.php(138): Magento\Framework\App\Http\Interceptor->___callParent('launch', Array)
#35 /var/www/html/vendor/magento/module-application-performance-monitor/Plugin/ApplicationPerformanceMonitor.php(38): Magento\Framework\App\Http\Interceptor->Magento\Framework\Interception\{closure}()
#36 /var/www/html/vendor/magento/framework/Interception/Interceptor.php(135): Magento\ApplicationPerformanceMonitor\Plugin\ApplicationPerformanceMonitor->aroundLaunch(Object(Magento\Framework\App\Http\Interceptor), Object(Closure))
#37 /var/www/html/vendor/magento/framework/Interception/Interceptor.php(153): Magento\Framework\App\Http\Interceptor->Magento\Framework\Interception\{closure}()
#38 /var/www/html/generated/code/Magento/Framework/App/Http/Interceptor.php(23): Magento\Framework\App\Http\Interceptor->___callPlugins('launch', Array, NULL)
#39 /var/www/html/vendor/magento/framework/App/Bootstrap.php(264): Magento\Framework\App\Http\Interceptor->launch()
#40 /var/www/html/pub/index.php(30): Magento\Framework\App\Bootstrap->run(Object(Magento\Framework\App\Http\Interceptor))
#41 {main}

Next Zend_Db_Statement_Exception: SQLSTATE[23000]: Integrity constraint violation: 1062 Duplicate entry '4' for key 'PRIMARY', query was: INSERT INTO `news_category_hierarchy` (`category_id`, `parent_id`, `created_at`, `updated_at`) VALUES (?, ?, ?, ?) in /var/www/html/vendor/magento/framework/DB/Statement/Pdo/Mysql.php:109
Stack trace:
#0 /var/www/html/vendor/magento/framework/DB/Statement/Pdo/Mysql.php(89): Magento\Framework\DB\Statement\Pdo\Mysql->tryExecute(Object(Closure))
#1 /var/www/html/vendor/magento/zend-db/library/Zend/Db/Statement.php(313): Magento\Framework\DB\Statement\Pdo\Mysql->_execute(Array)
#2 /var/www/html/vendor/magento/zend-db/library/Zend/Db/Adapter/Abstract.php(480): Zend_Db_Statement->execute(Array)
#3 /var/www/html/vendor/magento/zend-db/library/Zend/Db/Adapter/Pdo/Abstract.php(242): Zend_Db_Adapter_Abstract->query('INSERT INTO `ne...', Array)
#4 /var/www/html/vendor/magento/framework/DB/Adapter/Pdo/Mysql.php(614): Zend_Db_Adapter_Pdo_Abstract->query('INSERT INTO `ne...', Array)
#5 /var/www/html/vendor/magento/framework/DB/Adapter/Pdo/Mysql.php(639): Magento\Framework\DB\Adapter\Pdo\Mysql->Magento\Framework\DB\Adapter\Pdo\{closure}()
#6 /var/www/html/vendor/magento/framework/DB/Adapter/Pdo/Mysql.php(614): Magento\Framework\DB\Adapter\Pdo\Mysql->performQuery(Object(Closure))
#7 /var/www/html/vendor/magento/framework/DB/Adapter/Pdo/Mysql.php(703): Magento\Framework\DB\Adapter\Pdo\Mysql->_query('INSERT INTO `ne...', Array)
#8 /var/www/html/vendor/magento/zend-db/library/Zend/Db/Adapter/Abstract.php(576): Magento\Framework\DB\Adapter\Pdo\Mysql->query('INSERT INTO `ne...', Array)
#9 /var/www/html/app/code/News/Manger/Controller/Adminhtml/Category/Save.php(156): Zend_Db_Adapter_Abstract->insert('news_category_h...', Array)
#10 /var/www/html/app/code/News/Manger/Controller/Adminhtml/Category/Save.php(100): News\Manger\Controller\Adminhtml\Category\Save->saveMultipleHierarchies('4', Array)
#11 /var/www/html/vendor/magento/framework/Interception/Interceptor.php(58): News\Manger\Controller\Adminhtml\Category\Save->execute()
#12 /var/www/html/vendor/magento/framework/Interception/Interceptor.php(138): News\Manger\Controller\Adminhtml\Category\Save\Interceptor->___callParent('execute', Array)
#13 /var/www/html/vendor/magento/framework/Interception/Interceptor.php(153): News\Manger\Controller\Adminhtml\Category\Save\Interceptor->Magento\Framework\Interception\{closure}()
#14 /var/www/html/generated/code/News/Manger/Controller/Adminhtml/Category/Save/Interceptor.php(23): News\Manger\Controller\Adminhtml\Category\Save\Interceptor->___callPlugins('execute', Array, Array)
#15 /var/www/html/vendor/magento/framework/App/Action/Action.php(111): News\Manger\Controller\Adminhtml\Category\Save\Interceptor->execute()
#16 /var/www/html/vendor/magento/module-backend/App/AbstractAction.php(151): Magento\Framework\App\Action\Action->dispatch(Object(Magento\Framework\App\Request\Http))
#17 /var/www/html/vendor/magento/framework/Interception/Interceptor.php(58): Magento\Backend\App\AbstractAction->dispatch(Object(Magento\Framework\App\Request\Http))
#18 /var/www/html/vendor/magento/framework/Interception/Interceptor.php(138): News\Manger\Controller\Adminhtml\Category\Save\Interceptor->___callParent('dispatch', Array)
#19 /var/www/html/vendor/magento/module-backend/App/Action/Plugin/Authentication.php(145): News\Manger\Controller\Adminhtml\Category\Save\Interceptor->Magento\Framework\Interception\{closure}(Object(Magento\Framework\App\Request\Http))
#20 /var/www/html/vendor/magento/framework/Interception/Interceptor.php(135): Magento\Backend\App\Action\Plugin\Authentication->aroundDispatch(Object(News\Manger\Controller\Adminhtml\Category\Save\Interceptor), Object(Closure), Object(Magento\Framework\App\Request\Http))
#21 /var/www/html/vendor/magento/framework/Interception/Interceptor.php(153): News\Manger\Controller\Adminhtml\Category\Save\Interceptor->Magento\Framework\Interception\{closure}(Object(Magento\Framework\App\Request\Http))
#22 /var/www/html/generated/code/News/Manger/Controller/Adminhtml/Category/Save/Interceptor.php(32): News\Manger\Controller\Adminhtml\Category\Save\Interceptor->___callPlugins('dispatch', Array, Array)
#23 /var/www/html/vendor/magento/framework/App/FrontController.php(245): News\Manger\Controller\Adminhtml\Category\Save\Interceptor->dispatch(Object(Magento\Framework\App\Request\Http))
#24 /var/www/html/vendor/magento/framework/App/FrontController.php(212): Magento\Framework\App\FrontController->getActionResponse(Object(News\Manger\Controller\Adminhtml\Category\Save\Interceptor), Object(Magento\Framework\App\Request\Http))
#25 /var/www/html/vendor/magento/framework/App/FrontController.php(146): Magento\Framework\App\FrontController->processRequest(Object(Magento\Framework\App\Request\Http), Object(News\Manger\Controller\Adminhtml\Category\Save\Interceptor))
#26 /var/www/html/vendor/magento/framework/Interception/Interceptor.php(58): Magento\Framework\App\FrontController->dispatch(Object(Magento\Framework\App\Request\Http))
#27 /var/www/html/vendor/magento/framework/Interception/Interceptor.php(138): Magento\Framework\App\FrontController\Interceptor->___callParent('dispatch', Array)
#28 /var/www/html/vendor/magento/framework/Interception/Interceptor.php(153): Magento\Framework\App\FrontController\Interceptor->Magento\Framework\Interception\{closure}(Object(Magento\Framework\App\Request\Http))
#29 /var/www/html/generated/code/Magento/Framework/App/FrontController/Interceptor.php(23): Magento\Framework\App\FrontController\Interceptor->___callPlugins('dispatch', Array, Array)
#30 /var/www/html/vendor/magento/framework/App/Http.php(116): Magento\Framework\App\FrontController\Interceptor->dispatch(Object(Magento\Framework\App\Request\Http))
#31 /var/www/html/vendor/magento/framework/Interception/Interceptor.php(58): Magento\Framework\App\Http->launch()
#32 /var/www/html/vendor/magento/framework/Interception/Interceptor.php(138): Magento\Framework\App\Http\Interceptor->___callParent('launch', Array)
#33 /var/www/html/vendor/magento/module-application-performance-monitor/Plugin/ApplicationPerformanceMonitor.php(38): Magento\Framework\App\Http\Interceptor->Magento\Framework\Interception\{closure}()
#34 /var/www/html/vendor/magento/framework/Interception/Interceptor.php(135): Magento\ApplicationPerformanceMonitor\Plugin\ApplicationPerformanceMonitor->aroundLaunch(Object(Magento\Framework\App\Http\Interceptor), Object(Closure))
#35 /var/www/html/vendor/magento/framework/Interception/Interceptor.php(153): Magento\Framework\App\Http\Interceptor->Magento\Framework\Interception\{closure}()
#36 /var/www/html/generated/code/Magento/Framework/App/Http/Interceptor.php(23): Magento\Framework\App\Http\Interceptor->___callPlugins('launch', Array, NULL)
#37 /var/www/html/vendor/magento/framework/App/Bootstrap.php(264): Magento\Framework\App\Http\Interceptor->launch()
#38 /var/www/html/pub/index.php(30): Magento\Framework\App\Bootstrap->run(Object(Magento\Framework\App\Http\Interceptor))
#39 {main}

Next Magento\Framework\DB\Adapter\DuplicateException: SQLSTATE[23000]: Integrity constraint violation: 1062 Duplicate entry '4' for key 'PRIMARY', query was: INSERT INTO `news_category_hierarchy` (`category_id`, `parent_id`, `created_at`, `updated_at`) VALUES (?, ?, ?, ?) in /var/www/html/vendor/magento/framework/DB/Adapter/Pdo/Mysql.php:672
Stack trace:
#0 /var/www/html/vendor/magento/framework/DB/Adapter/Pdo/Mysql.php(614): Magento\Framework\DB\Adapter\Pdo\Mysql->performQuery(Object(Closure))
#1 /var/www/html/vendor/magento/framework/DB/Adapter/Pdo/Mysql.php(703): Magento\Framework\DB\Adapter\Pdo\Mysql->_query('INSERT INTO `ne...', Array)
#2 /var/www/html/vendor/magento/zend-db/library/Zend/Db/Adapter/Abstract.php(576): Magento\Framework\DB\Adapter\Pdo\Mysql->query('INSERT INTO `ne...', Array)
#3 /var/www/html/app/code/News/Manger/Controller/Adminhtml/Category/Save.php(156): Zend_Db_Adapter_Abstract->insert('news_category_h...', Array)
#4 /var/www/html/app/code/News/Manger/Controller/Adminhtml/Category/Save.php(100): News\Manger\Controller\Adminhtml\Category\Save->saveMultipleHierarchies('4', Array)
#5 /var/www/html/vendor/magento/framework/Interception/Interceptor.php(58): News\Manger\Controller\Adminhtml\Category\Save->execute()
#6 /var/www/html/vendor/magento/framework/Interception/Interceptor.php(138): News\Manger\Controller\Adminhtml\Category\Save\Interceptor->___callParent('execute', Array)
#7 /var/www/html/vendor/magento/framework/Interception/Interceptor.php(153): News\Manger\Controller\Adminhtml\Category\Save\Interceptor->Magento\Framework\Interception\{closure}()
#8 /var/www/html/generated/code/News/Manger/Controller/Adminhtml/Category/Save/Interceptor.php(23): News\Manger\Controller\Adminhtml\Category\Save\Interceptor->___callPlugins('execute', Array, Array)
#9 /var/www/html/vendor/magento/framework/App/Action/Action.php(111): News\Manger\Controller\Adminhtml\Category\Save\Interceptor->execute()
#10 /var/www/html/vendor/magento/module-backend/App/AbstractAction.php(151): Magento\Framework\App\Action\Action->dispatch(Object(Magento\Framework\App\Request\Http))
#11 /var/www/html/vendor/magento/framework/Interception/Interceptor.php(58): Magento\Backend\App\AbstractAction->dispatch(Object(Magento\Framework\App\Request\Http))
#12 /var/www/html/vendor/magento/framework/Interception/Interceptor.php(138): News\Manger\Controller\Adminhtml\Category\Save\Interceptor->___callParent('dispatch', Array)
#13 /var/www/html/vendor/magento/module-backend/App/Action/Plugin/Authentication.php(145): News\Manger\Controller\Adminhtml\Category\Save\Interceptor->Magento\Framework\Interception\{closure}(Object(Magento\Framework\App\Request\Http))
#14 /var/www/html/vendor/magento/framework/Interception/Interceptor.php(135): Magento\Backend\App\Action\Plugin\Authentication->aroundDispatch(Object(News\Manger\Controller\Adminhtml\Category\Save\Interceptor), Object(Closure), Object(Magento\Framework\App\Request\Http))
#15 /var/www/html/vendor/magento/framework/Interception/Interceptor.php(153): News\Manger\Controller\Adminhtml\Category\Save\Interceptor->Magento\Framework\Interception\{closure}(Object(Magento\Framework\App\Request\Http))
#16 /var/www/html/generated/code/News/Manger/Controller/Adminhtml/Category/Save/Interceptor.php(32): News\Manger\Controller\Adminhtml\Category\Save\Interceptor->___callPlugins('dispatch', Array, Array)
#17 /var/www/html/vendor/magento/framework/App/FrontController.php(245): News\Manger\Controller\Adminhtml\Category\Save\Interceptor->dispatch(Object(Magento\Framework\App\Request\Http))
#18 /var/www/html/vendor/magento/framework/App/FrontController.php(212): Magento\Framework\App\FrontController->getActionResponse(Object(News\Manger\Controller\Adminhtml\Category\Save\Interceptor), Object(Magento\Framework\App\Request\Http))
#19 /var/www/html/vendor/magento/framework/App/FrontController.php(146): Magento\Framework\App\FrontController->processRequest(Object(Magento\Framework\App\Request\Http), Object(News\Manger\Controller\Adminhtml\Category\Save\Interceptor))
#20 /var/www/html/vendor/magento/framework/Interception/Interceptor.php(58): Magento\Framework\App\FrontController->dispatch(Object(Magento\Framework\App\Request\Http))
#21 /var/www/html/vendor/magento/framework/Interception/Interceptor.php(138): Magento\Framework\App\FrontController\Interceptor->___callParent('dispatch', Array)
#22 /var/www/html/vendor/magento/framework/Interception/Interceptor.php(153): Magento\Framework\App\FrontController\Interceptor->Magento\Framework\Interception\{closure}(Object(Magento\Framework\App\Request\Http))
#23 /var/www/html/generated/code/Magento/Framework/App/FrontController/Interceptor.php(23): Magento\Framework\App\FrontController\Interceptor->___callPlugins('dispatch', Array, Array)
#24 /var/www/html/vendor/magento/framework/App/Http.php(116): Magento\Framework\App\FrontController\Interceptor->dispatch(Object(Magento\Framework\App\Request\Http))
#25 /var/www/html/vendor/magento/framework/Interception/Interceptor.php(58): Magento\Framework\App\Http->launch()
#26 /var/www/html/vendor/magento/framework/Interception/Interceptor.php(138): Magento\Framework\App\Http\Interceptor->___callParent('launch', Array)
#27 /var/www/html/vendor/magento/module-application-performance-monitor/Plugin/ApplicationPerformanceMonitor.php(38): Magento\Framework\App\Http\Interceptor->Magento\Framework\Interception\{closure}()
#28 /var/www/html/vendor/magento/framework/Interception/Interceptor.php(135): Magento\ApplicationPerformanceMonitor\Plugin\ApplicationPerformanceMonitor->aroundLaunch(Object(Magento\Framework\App\Http\Interceptor), Object(Closure))
#29 /var/www/html/vendor/magento/framework/Interception/Interceptor.php(153): Magento\Framework\App\Http\Interceptor->Magento\Framework\Interception\{closure}()
#30 /var/www/html/generated/code/Magento/Framework/App/Http/Interceptor.php(23): Magento\Framework\App\Http\Interceptor->___callPlugins('launch', Array, NULL)
#31 /var/www/html/vendor/magento/framework/App/Bootstrap.php(264): Magento\Framework\App\Http\Interceptor->launch()
#32 /var/www/html/pub/index.php(30): Magento\Framework\App\Bootstrap->run(Object(Magento\Framework\App\Http\Interceptor))
#33 {main} {"exception":"[object] (Magento\\Framework\\DB\\Adapter\\DuplicateException(code: 1062): SQLSTATE[23000]: Integrity constraint violation: 1062 Duplicate entry '4' for key 'PRIMARY', query was: INSERT INTO `news_category_hierarchy` (`category_id`, `parent_id`, `created_at`, `updated_at`) VALUES (?, ?, ?, ?) at /var/www/html/vendor/magento/framework/DB/Adapter/Pdo/Mysql.php:672)
[previous exception] [object] (Zend_Db_Statement_Exception(code: 23000): SQLSTATE[23000]: Integrity constraint violation: 1062 Duplicate entry '4' for key 'PRIMARY', query was: INSERT INTO `news_category_hierarchy` (`category_id`, `parent_id`, `created_at`, `updated_at`) VALUES (?, ?, ?, ?) at /var/www/html/vendor/magento/framework/DB/Statement/Pdo/Mysql.php:109)
[previous exception] [object] (PDOException(code: 23000): SQLSTATE[23000]: Integrity constraint violation: 1062 Duplicate entry '4' for key 'PRIMARY' at /var/www/html/vendor/magento/framework/DB/Statement/Pdo/Mysql.php:90)"} []
[2025-08-20T14:37:27.267075+00:00] main.CRITICAL: PDOException: SQLSTATE[23000]: Integrity constraint violation: 1062 Duplicate entry '5' for key 'PRIMARY' in /var/www/html/vendor/magento/framework/DB/Statement/Pdo/Mysql.php:90
Stack trace:
#0 /var/www/html/vendor/magento/framework/DB/Statement/Pdo/Mysql.php(90): PDOStatement->execute(Array)
#1 /var/www/html/vendor/magento/framework/DB/Statement/Pdo/Mysql.php(106): Magento\Framework\DB\Statement\Pdo\Mysql->Magento\Framework\DB\Statement\Pdo\{closure}()
#2 /var/www/html/vendor/magento/framework/DB/Statement/Pdo/Mysql.php(89): Magento\Framework\DB\Statement\Pdo\Mysql->tryExecute(Object(Closure))
#3 /var/www/html/vendor/magento/zend-db/library/Zend/Db/Statement.php(313): Magento\Framework\DB\Statement\Pdo\Mysql->_execute(Array)
#4 /var/www/html/vendor/magento/zend-db/library/Zend/Db/Adapter/Abstract.php(480): Zend_Db_Statement->execute(Array)
#5 /var/www/html/vendor/magento/zend-db/library/Zend/Db/Adapter/Pdo/Abstract.php(242): Zend_Db_Adapter_Abstract->query('INSERT INTO `ne...', Array)
#6 /var/www/html/vendor/magento/framework/DB/Adapter/Pdo/Mysql.php(614): Zend_Db_Adapter_Pdo_Abstract->query('INSERT INTO `ne...', Array)
#7 /var/www/html/vendor/magento/framework/DB/Adapter/Pdo/Mysql.php(639): Magento\Framework\DB\Adapter\Pdo\Mysql->Magento\Framework\DB\Adapter\Pdo\{closure}()
#8 /var/www/html/vendor/magento/framework/DB/Adapter/Pdo/Mysql.php(614): Magento\Framework\DB\Adapter\Pdo\Mysql->performQuery(Object(Closure))
#9 /var/www/html/vendor/magento/framework/DB/Adapter/Pdo/Mysql.php(703): Magento\Framework\DB\Adapter\Pdo\Mysql->_query('INSERT INTO `ne...', Array)
#10 /var/www/html/vendor/magento/zend-db/library/Zend/Db/Adapter/Abstract.php(576): Magento\Framework\DB\Adapter\Pdo\Mysql->query('INSERT INTO `ne...', Array)
#11 /var/www/html/app/code/News/Manger/Controller/Adminhtml/Category/Save.php(156): Zend_Db_Adapter_Abstract->insert('news_category_h...', Array)
#12 /var/www/html/app/code/News/Manger/Controller/Adminhtml/Category/Save.php(100): News\Manger\Controller\Adminhtml\Category\Save->saveMultipleHierarchies('5', Array)
#13 /var/www/html/vendor/magento/framework/Interception/Interceptor.php(58): News\Manger\Controller\Adminhtml\Category\Save->execute()
#14 /var/www/html/vendor/magento/framework/Interception/Interceptor.php(138): News\Manger\Controller\Adminhtml\Category\Save\Interceptor->___callParent('execute', Array)
#15 /var/www/html/vendor/magento/framework/Interception/Interceptor.php(153): News\Manger\Controller\Adminhtml\Category\Save\Interceptor->Magento\Framework\Interception\{closure}()
#16 /var/www/html/generated/code/News/Manger/Controller/Adminhtml/Category/Save/Interceptor.php(23): News\Manger\Controller\Adminhtml\Category\Save\Interceptor->___callPlugins('execute', Array, Array)
#17 /var/www/html/vendor/magento/framework/App/Action/Action.php(111): News\Manger\Controller\Adminhtml\Category\Save\Interceptor->execute()
#18 /var/www/html/vendor/magento/module-backend/App/AbstractAction.php(151): Magento\Framework\App\Action\Action->dispatch(Object(Magento\Framework\App\Request\Http))
#19 /var/www/html/vendor/magento/framework/Interception/Interceptor.php(58): Magento\Backend\App\AbstractAction->dispatch(Object(Magento\Framework\App\Request\Http))
#20 /var/www/html/vendor/magento/framework/Interception/Interceptor.php(138): News\Manger\Controller\Adminhtml\Category\Save\Interceptor->___callParent('dispatch', Array)
#21 /var/www/html/vendor/magento/module-backend/App/Action/Plugin/Authentication.php(145): News\Manger\Controller\Adminhtml\Category\Save\Interceptor->Magento\Framework\Interception\{closure}(Object(Magento\Framework\App\Request\Http))
#22 /var/www/html/vendor/magento/framework/Interception/Interceptor.php(135): Magento\Backend\App\Action\Plugin\Authentication->aroundDispatch(Object(News\Manger\Controller\Adminhtml\Category\Save\Interceptor), Object(Closure), Object(Magento\Framework\App\Request\Http))
#23 /var/www/html/vendor/magento/framework/Interception/Interceptor.php(153): News\Manger\Controller\Adminhtml\Category\Save\Interceptor->Magento\Framework\Interception\{closure}(Object(Magento\Framework\App\Request\Http))
#24 /var/www/html/generated/code/News/Manger/Controller/Adminhtml/Category/Save/Interceptor.php(32): News\Manger\Controller\Adminhtml\Category\Save\Interceptor->___callPlugins('dispatch', Array, Array)
#25 /var/www/html/vendor/magento/framework/App/FrontController.php(245): News\Manger\Controller\Adminhtml\Category\Save\Interceptor->dispatch(Object(Magento\Framework\App\Request\Http))
#26 /var/www/html/vendor/magento/framework/App/FrontController.php(212): Magento\Framework\App\FrontController->getActionResponse(Object(News\Manger\Controller\Adminhtml\Category\Save\Interceptor), Object(Magento\Framework\App\Request\Http))
#27 /var/www/html/vendor/magento/framework/App/FrontController.php(146): Magento\Framework\App\FrontController->processRequest(Object(Magento\Framework\App\Request\Http), Object(News\Manger\Controller\Adminhtml\Category\Save\Interceptor))
#28 /var/www/html/vendor/magento/framework/Interception/Interceptor.php(58): Magento\Framework\App\FrontController->dispatch(Object(Magento\Framework\App\Request\Http))
#29 /var/www/html/vendor/magento/framework/Interception/Interceptor.php(138): Magento\Framework\App\FrontController\Interceptor->___callParent('dispatch', Array)
#30 /var/www/html/vendor/magento/framework/Interception/Interceptor.php(153): Magento\Framework\App\FrontController\Interceptor->Magento\Framework\Interception\{closure}(Object(Magento\Framework\App\Request\Http))
#31 /var/www/html/generated/code/Magento/Framework/App/FrontController/Interceptor.php(23): Magento\Framework\App\FrontController\Interceptor->___callPlugins('dispatch', Array, Array)
#32 /var/www/html/vendor/magento/framework/App/Http.php(116): Magento\Framework\App\FrontController\Interceptor->dispatch(Object(Magento\Framework\App\Request\Http))
#33 /var/www/html/vendor/magento/framework/Interception/Interceptor.php(58): Magento\Framework\App\Http->launch()
#34 /var/www/html/vendor/magento/framework/Interception/Interceptor.php(138): Magento\Framework\App\Http\Interceptor->___callParent('launch', Array)
#35 /var/www/html/vendor/magento/module-application-performance-monitor/Plugin/ApplicationPerformanceMonitor.php(38): Magento\Framework\App\Http\Interceptor->Magento\Framework\Interception\{closure}()
#36 /var/www/html/vendor/magento/framework/Interception/Interceptor.php(135): Magento\ApplicationPerformanceMonitor\Plugin\ApplicationPerformanceMonitor->aroundLaunch(Object(Magento\Framework\App\Http\Interceptor), Object(Closure))
#37 /var/www/html/vendor/magento/framework/Interception/Interceptor.php(153): Magento\Framework\App\Http\Interceptor->Magento\Framework\Interception\{closure}()
#38 /var/www/html/generated/code/Magento/Framework/App/Http/Interceptor.php(23): Magento\Framework\App\Http\Interceptor->___callPlugins('launch', Array, NULL)
#39 /var/www/html/vendor/magento/framework/App/Bootstrap.php(264): Magento\Framework\App\Http\Interceptor->launch()
#40 /var/www/html/pub/index.php(30): Magento\Framework\App\Bootstrap->run(Object(Magento\Framework\App\Http\Interceptor))
#41 {main}

Next Zend_Db_Statement_Exception: SQLSTATE[23000]: Integrity constraint violation: 1062 Duplicate entry '5' for key 'PRIMARY', query was: INSERT INTO `news_category_hierarchy` (`category_id`, `parent_id`, `created_at`, `updated_at`) VALUES (?, ?, ?, ?) in /var/www/html/vendor/magento/framework/DB/Statement/Pdo/Mysql.php:109
Stack trace:
#0 /var/www/html/vendor/magento/framework/DB/Statement/Pdo/Mysql.php(89): Magento\Framework\DB\Statement\Pdo\Mysql->tryExecute(Object(Closure))
#1 /var/www/html/vendor/magento/zend-db/library/Zend/Db/Statement.php(313): Magento\Framework\DB\Statement\Pdo\Mysql->_execute(Array)
#2 /var/www/html/vendor/magento/zend-db/library/Zend/Db/Adapter/Abstract.php(480): Zend_Db_Statement->execute(Array)
#3 /var/www/html/vendor/magento/zend-db/library/Zend/Db/Adapter/Pdo/Abstract.php(242): Zend_Db_Adapter_Abstract->query('INSERT INTO `ne...', Array)
#4 /var/www/html/vendor/magento/framework/DB/Adapter/Pdo/Mysql.php(614): Zend_Db_Adapter_Pdo_Abstract->query('INSERT INTO `ne...', Array)
#5 /var/www/html/vendor/magento/framework/DB/Adapter/Pdo/Mysql.php(639): Magento\Framework\DB\Adapter\Pdo\Mysql->Magento\Framework\DB\Adapter\Pdo\{closure}()
#6 /var/www/html/vendor/magento/framework/DB/Adapter/Pdo/Mysql.php(614): Magento\Framework\DB\Adapter\Pdo\Mysql->performQuery(Object(Closure))
#7 /var/www/html/vendor/magento/framework/DB/Adapter/Pdo/Mysql.php(703): Magento\Framework\DB\Adapter\Pdo\Mysql->_query('INSERT INTO `ne...', Array)
#8 /var/www/html/vendor/magento/zend-db/library/Zend/Db/Adapter/Abstract.php(576): Magento\Framework\DB\Adapter\Pdo\Mysql->query('INSERT INTO `ne...', Array)
#9 /var/www/html/app/code/News/Manger/Controller/Adminhtml/Category/Save.php(156): Zend_Db_Adapter_Abstract->insert('news_category_h...', Array)
#10 /var/www/html/app/code/News/Manger/Controller/Adminhtml/Category/Save.php(100): News\Manger\Controller\Adminhtml\Category\Save->saveMultipleHierarchies('5', Array)
#11 /var/www/html/vendor/magento/framework/Interception/Interceptor.php(58): News\Manger\Controller\Adminhtml\Category\Save->execute()
#12 /var/www/html/vendor/magento/framework/Interception/Interceptor.php(138): News\Manger\Controller\Adminhtml\Category\Save\Interceptor->___callParent('execute', Array)
#13 /var/www/html/vendor/magento/framework/Interception/Interceptor.php(153): News\Manger\Controller\Adminhtml\Category\Save\Interceptor->Magento\Framework\Interception\{closure}()
#14 /var/www/html/generated/code/News/Manger/Controller/Adminhtml/Category/Save/Interceptor.php(23): News\Manger\Controller\Adminhtml\Category\Save\Interceptor->___callPlugins('execute', Array, Array)
#15 /var/www/html/vendor/magento/framework/App/Action/Action.php(111): News\Manger\Controller\Adminhtml\Category\Save\Interceptor->execute()
#16 /var/www/html/vendor/magento/module-backend/App/AbstractAction.php(151): Magento\Framework\App\Action\Action->dispatch(Object(Magento\Framework\App\Request\Http))
#17 /var/www/html/vendor/magento/framework/Interception/Interceptor.php(58): Magento\Backend\App\AbstractAction->dispatch(Object(Magento\Framework\App\Request\Http))
#18 /var/www/html/vendor/magento/framework/Interception/Interceptor.php(138): News\Manger\Controller\Adminhtml\Category\Save\Interceptor->___callParent('dispatch', Array)
#19 /var/www/html/vendor/magento/module-backend/App/Action/Plugin/Authentication.php(145): News\Manger\Controller\Adminhtml\Category\Save\Interceptor->Magento\Framework\Interception\{closure}(Object(Magento\Framework\App\Request\Http))
#20 /var/www/html/vendor/magento/framework/Interception/Interceptor.php(135): Magento\Backend\App\Action\Plugin\Authentication->aroundDispatch(Object(News\Manger\Controller\Adminhtml\Category\Save\Interceptor), Object(Closure), Object(Magento\Framework\App\Request\Http))
#21 /var/www/html/vendor/magento/framework/Interception/Interceptor.php(153): News\Manger\Controller\Adminhtml\Category\Save\Interceptor->Magento\Framework\Interception\{closure}(Object(Magento\Framework\App\Request\Http))
#22 /var/www/html/generated/code/News/Manger/Controller/Adminhtml/Category/Save/Interceptor.php(32): News\Manger\Controller\Adminhtml\Category\Save\Interceptor->___callPlugins('dispatch', Array, Array)
#23 /var/www/html/vendor/magento/framework/App/FrontController.php(245): News\Manger\Controller\Adminhtml\Category\Save\Interceptor->dispatch(Object(Magento\Framework\App\Request\Http))
#24 /var/www/html/vendor/magento/framework/App/FrontController.php(212): Magento\Framework\App\FrontController->getActionResponse(Object(News\Manger\Controller\Adminhtml\Category\Save\Interceptor), Object(Magento\Framework\App\Request\Http))
#25 /var/www/html/vendor/magento/framework/App/FrontController.php(146): Magento\Framework\App\FrontController->processRequest(Object(Magento\Framework\App\Request\Http), Object(News\Manger\Controller\Adminhtml\Category\Save\Interceptor))
#26 /var/www/html/vendor/magento/framework/Interception/Interceptor.php(58): Magento\Framework\App\FrontController->dispatch(Object(Magento\Framework\App\Request\Http))
#27 /var/www/html/vendor/magento/framework/Interception/Interceptor.php(138): Magento\Framework\App\FrontController\Interceptor->___callParent('dispatch', Array)
#28 /var/www/html/vendor/magento/framework/Interception/Interceptor.php(153): Magento\Framework\App\FrontController\Interceptor->Magento\Framework\Interception\{closure}(Object(Magento\Framework\App\Request\Http))
#29 /var/www/html/generated/code/Magento/Framework/App/FrontController/Interceptor.php(23): Magento\Framework\App\FrontController\Interceptor->___callPlugins('dispatch', Array, Array)
#30 /var/www/html/vendor/magento/framework/App/Http.php(116): Magento\Framework\App\FrontController\Interceptor->dispatch(Object(Magento\Framework\App\Request\Http))
#31 /var/www/html/vendor/magento/framework/Interception/Interceptor.php(58): Magento\Framework\App\Http->launch()
#32 /var/www/html/vendor/magento/framework/Interception/Interceptor.php(138): Magento\Framework\App\Http\Interceptor->___callParent('launch', Array)
#33 /var/www/html/vendor/magento/module-application-performance-monitor/Plugin/ApplicationPerformanceMonitor.php(38): Magento\Framework\App\Http\Interceptor->Magento\Framework\Interception\{closure}()
#34 /var/www/html/vendor/magento/framework/Interception/Interceptor.php(135): Magento\ApplicationPerformanceMonitor\Plugin\ApplicationPerformanceMonitor->aroundLaunch(Object(Magento\Framework\App\Http\Interceptor), Object(Closure))
#35 /var/www/html/vendor/magento/framework/Interception/Interceptor.php(153): Magento\Framework\App\Http\Interceptor->Magento\Framework\Interception\{closure}()
#36 /var/www/html/generated/code/Magento/Framework/App/Http/Interceptor.php(23): Magento\Framework\App\Http\Interceptor->___callPlugins('launch', Array, NULL)
#37 /var/www/html/vendor/magento/framework/App/Bootstrap.php(264): Magento\Framework\App\Http\Interceptor->launch()
#38 /var/www/html/pub/index.php(30): Magento\Framework\App\Bootstrap->run(Object(Magento\Framework\App\Http\Interceptor))
#39 {main}

Next Magento\Framework\DB\Adapter\DuplicateException: SQLSTATE[23000]: Integrity constraint violation: 1062 Duplicate entry '5' for key 'PRIMARY', query was: INSERT INTO `news_category_hierarchy` (`category_id`, `parent_id`, `created_at`, `updated_at`) VALUES (?, ?, ?, ?) in /var/www/html/vendor/magento/framework/DB/Adapter/Pdo/Mysql.php:672
Stack trace:
#0 /var/www/html/vendor/magento/framework/DB/Adapter/Pdo/Mysql.php(614): Magento\Framework\DB\Adapter\Pdo\Mysql->performQuery(Object(Closure))
#1 /var/www/html/vendor/magento/framework/DB/Adapter/Pdo/Mysql.php(703): Magento\Framework\DB\Adapter\Pdo\Mysql->_query('INSERT INTO `ne...', Array)
#2 /var/www/html/vendor/magento/zend-db/library/Zend/Db/Adapter/Abstract.php(576): Magento\Framework\DB\Adapter\Pdo\Mysql->query('INSERT INTO `ne...', Array)
#3 /var/www/html/app/code/News/Manger/Controller/Adminhtml/Category/Save.php(156): Zend_Db_Adapter_Abstract->insert('news_category_h...', Array)
#4 /var/www/html/app/code/News/Manger/Controller/Adminhtml/Category/Save.php(100): News\Manger\Controller\Adminhtml\Category\Save->saveMultipleHierarchies('5', Array)
#5 /var/www/html/vendor/magento/framework/Interception/Interceptor.php(58): News\Manger\Controller\Adminhtml\Category\Save->execute()
#6 /var/www/html/vendor/magento/framework/Interception/Interceptor.php(138): News\Manger\Controller\Adminhtml\Category\Save\Interceptor->___callParent('execute', Array)
#7 /var/www/html/vendor/magento/framework/Interception/Interceptor.php(153): News\Manger\Controller\Adminhtml\Category\Save\Interceptor->Magento\Framework\Interception\{closure}()
#8 /var/www/html/generated/code/News/Manger/Controller/Adminhtml/Category/Save/Interceptor.php(23): News\Manger\Controller\Adminhtml\Category\Save\Interceptor->___callPlugins('execute', Array, Array)
#9 /var/www/html/vendor/magento/framework/App/Action/Action.php(111): News\Manger\Controller\Adminhtml\Category\Save\Interceptor->execute()
#10 /var/www/html/vendor/magento/module-backend/App/AbstractAction.php(151): Magento\Framework\App\Action\Action->dispatch(Object(Magento\Framework\App\Request\Http))
#11 /var/www/html/vendor/magento/framework/Interception/Interceptor.php(58): Magento\Backend\App\AbstractAction->dispatch(Object(Magento\Framework\App\Request\Http))
#12 /var/www/html/vendor/magento/framework/Interception/Interceptor.php(138): News\Manger\Controller\Adminhtml\Category\Save\Interceptor->___callParent('dispatch', Array)
#13 /var/www/html/vendor/magento/module-backend/App/Action/Plugin/Authentication.php(145): News\Manger\Controller\Adminhtml\Category\Save\Interceptor->Magento\Framework\Interception\{closure}(Object(Magento\Framework\App\Request\Http))
#14 /var/www/html/vendor/magento/framework/Interception/Interceptor.php(135): Magento\Backend\App\Action\Plugin\Authentication->aroundDispatch(Object(News\Manger\Controller\Adminhtml\Category\Save\Interceptor), Object(Closure), Object(Magento\Framework\App\Request\Http))
#15 /var/www/html/vendor/magento/framework/Interception/Interceptor.php(153): News\Manger\Controller\Adminhtml\Category\Save\Interceptor->Magento\Framework\Interception\{closure}(Object(Magento\Framework\App\Request\Http))
#16 /var/www/html/generated/code/News/Manger/Controller/Adminhtml/Category/Save/Interceptor.php(32): News\Manger\Controller\Adminhtml\Category\Save\Interceptor->___callPlugins('dispatch', Array, Array)
#17 /var/www/html/vendor/magento/framework/App/FrontController.php(245): News\Manger\Controller\Adminhtml\Category\Save\Interceptor->dispatch(Object(Magento\Framework\App\Request\Http))
#18 /var/www/html/vendor/magento/framework/App/FrontController.php(212): Magento\Framework\App\FrontController->getActionResponse(Object(News\Manger\Controller\Adminhtml\Category\Save\Interceptor), Object(Magento\Framework\App\Request\Http))
#19 /var/www/html/vendor/magento/framework/App/FrontController.php(146): Magento\Framework\App\FrontController->processRequest(Object(Magento\Framework\App\Request\Http), Object(News\Manger\Controller\Adminhtml\Category\Save\Interceptor))
#20 /var/www/html/vendor/magento/framework/Interception/Interceptor.php(58): Magento\Framework\App\FrontController->dispatch(Object(Magento\Framework\App\Request\Http))
#21 /var/www/html/vendor/magento/framework/Interception/Interceptor.php(138): Magento\Framework\App\FrontController\Interceptor->___callParent('dispatch', Array)
#22 /var/www/html/vendor/magento/framework/Interception/Interceptor.php(153): Magento\Framework\App\FrontController\Interceptor->Magento\Framework\Interception\{closure}(Object(Magento\Framework\App\Request\Http))
#23 /var/www/html/generated/code/Magento/Framework/App/FrontController/Interceptor.php(23): Magento\Framework\App\FrontController\Interceptor->___callPlugins('dispatch', Array, Array)
#24 /var/www/html/vendor/magento/framework/App/Http.php(116): Magento\Framework\App\FrontController\Interceptor->dispatch(Object(Magento\Framework\App\Request\Http))
#25 /var/www/html/vendor/magento/framework/Interception/Interceptor.php(58): Magento\Framework\App\Http->launch()
#26 /var/www/html/vendor/magento/framework/Interception/Interceptor.php(138): Magento\Framework\App\Http\Interceptor->___callParent('launch', Array)
#27 /var/www/html/vendor/magento/module-application-performance-monitor/Plugin/ApplicationPerformanceMonitor.php(38): Magento\Framework\App\Http\Interceptor->Magento\Framework\Interception\{closure}()
#28 /var/www/html/vendor/magento/framework/Interception/Interceptor.php(135): Magento\ApplicationPerformanceMonitor\Plugin\ApplicationPerformanceMonitor->aroundLaunch(Object(Magento\Framework\App\Http\Interceptor), Object(Closure))
#29 /var/www/html/vendor/magento/framework/Interception/Interceptor.php(153): Magento\Framework\App\Http\Interceptor->Magento\Framework\Interception\{closure}()
#30 /var/www/html/generated/code/Magento/Framework/App/Http/Interceptor.php(23): Magento\Framework\App\Http\Interceptor->___callPlugins('launch', Array, NULL)
#31 /var/www/html/vendor/magento/framework/App/Bootstrap.php(264): Magento\Framework\App\Http\Interceptor->launch()
#32 /var/www/html/pub/index.php(30): Magento\Framework\App\Bootstrap->run(Object(Magento\Framework\App\Http\Interceptor))
#33 {main} {"exception":"[object] (Magento\\Framework\\DB\\Adapter\\DuplicateException(code: 1062): SQLSTATE[23000]: Integrity constraint violation: 1062 Duplicate entry '5' for key 'PRIMARY', query was: INSERT INTO `news_category_hierarchy` (`category_id`, `parent_id`, `created_at`, `updated_at`) VALUES (?, ?, ?, ?) at /var/www/html/vendor/magento/framework/DB/Adapter/Pdo/Mysql.php:672)
[previous exception] [object] (Zend_Db_Statement_Exception(code: 23000): SQLSTATE[23000]: Integrity constraint violation: 1062 Duplicate entry '5' for key 'PRIMARY', query was: INSERT INTO `news_category_hierarchy` (`category_id`, `parent_id`, `created_at`, `updated_at`) VALUES (?, ?, ?, ?) at /var/www/html/vendor/magento/framework/DB/Statement/Pdo/Mysql.php:109)
[previous exception] [object] (PDOException(code: 23000): SQLSTATE[23000]: Integrity constraint violation: 1062 Duplicate entry '5' for key 'PRIMARY' at /var/www/html/vendor/magento/framework/DB/Statement/Pdo/Mysql.php:90)"} []
[2025-08-20T14:37:42.495316+00:00] main.CRITICAL: PDOException: SQLSTATE[23000]: Integrity constraint violation: 1062 Duplicate entry '6' for key 'PRIMARY' in /var/www/html/vendor/magento/framework/DB/Statement/Pdo/Mysql.php:90
Stack trace:
#0 /var/www/html/vendor/magento/framework/DB/Statement/Pdo/Mysql.php(90): PDOStatement->execute(Array)
#1 /var/www/html/vendor/magento/framework/DB/Statement/Pdo/Mysql.php(106): Magento\Framework\DB\Statement\Pdo\Mysql->Magento\Framework\DB\Statement\Pdo\{closure}()
#2 /var/www/html/vendor/magento/framework/DB/Statement/Pdo/Mysql.php(89): Magento\Framework\DB\Statement\Pdo\Mysql->tryExecute(Object(Closure))
#3 /var/www/html/vendor/magento/zend-db/library/Zend/Db/Statement.php(313): Magento\Framework\DB\Statement\Pdo\Mysql->_execute(Array)
#4 /var/www/html/vendor/magento/zend-db/library/Zend/Db/Adapter/Abstract.php(480): Zend_Db_Statement->execute(Array)
#5 /var/www/html/vendor/magento/zend-db/library/Zend/Db/Adapter/Pdo/Abstract.php(242): Zend_Db_Adapter_Abstract->query('INSERT INTO `ne...', Array)
#6 /var/www/html/vendor/magento/framework/DB/Adapter/Pdo/Mysql.php(614): Zend_Db_Adapter_Pdo_Abstract->query('INSERT INTO `ne...', Array)
#7 /var/www/html/vendor/magento/framework/DB/Adapter/Pdo/Mysql.php(639): Magento\Framework\DB\Adapter\Pdo\Mysql->Magento\Framework\DB\Adapter\Pdo\{closure}()
#8 /var/www/html/vendor/magento/framework/DB/Adapter/Pdo/Mysql.php(614): Magento\Framework\DB\Adapter\Pdo\Mysql->performQuery(Object(Closure))
#9 /var/www/html/vendor/magento/framework/DB/Adapter/Pdo/Mysql.php(703): Magento\Framework\DB\Adapter\Pdo\Mysql->_query('INSERT INTO `ne...', Array)
#10 /var/www/html/vendor/magento/zend-db/library/Zend/Db/Adapter/Abstract.php(576): Magento\Framework\DB\Adapter\Pdo\Mysql->query('INSERT INTO `ne...', Array)
#11 /var/www/html/app/code/News/Manger/Controller/Adminhtml/Category/Save.php(156): Zend_Db_Adapter_Abstract->insert('news_category_h...', Array)
#12 /var/www/html/app/code/News/Manger/Controller/Adminhtml/Category/Save.php(100): News\Manger\Controller\Adminhtml\Category\Save->saveMultipleHierarchies('6', Array)
#13 /var/www/html/vendor/magento/framework/Interception/Interceptor.php(58): News\Manger\Controller\Adminhtml\Category\Save->execute()
#14 /var/www/html/vendor/magento/framework/Interception/Interceptor.php(138): News\Manger\Controller\Adminhtml\Category\Save\Interceptor->___callParent('execute', Array)
#15 /var/www/html/vendor/magento/framework/Interception/Interceptor.php(153): News\Manger\Controller\Adminhtml\Category\Save\Interceptor->Magento\Framework\Interception\{closure}()
#16 /var/www/html/generated/code/News/Manger/Controller/Adminhtml/Category/Save/Interceptor.php(23): News\Manger\Controller\Adminhtml\Category\Save\Interceptor->___callPlugins('execute', Array, Array)
#17 /var/www/html/vendor/magento/framework/App/Action/Action.php(111): News\Manger\Controller\Adminhtml\Category\Save\Interceptor->execute()
#18 /var/www/html/vendor/magento/module-backend/App/AbstractAction.php(151): Magento\Framework\App\Action\Action->dispatch(Object(Magento\Framework\App\Request\Http))
#19 /var/www/html/vendor/magento/framework/Interception/Interceptor.php(58): Magento\Backend\App\AbstractAction->dispatch(Object(Magento\Framework\App\Request\Http))
#20 /var/www/html/vendor/magento/framework/Interception/Interceptor.php(138): News\Manger\Controller\Adminhtml\Category\Save\Interceptor->___callParent('dispatch', Array)
#21 /var/www/html/vendor/magento/module-backend/App/Action/Plugin/Authentication.php(145): News\Manger\Controller\Adminhtml\Category\Save\Interceptor->Magento\Framework\Interception\{closure}(Object(Magento\Framework\App\Request\Http))
#22 /var/www/html/vendor/magento/framework/Interception/Interceptor.php(135): Magento\Backend\App\Action\Plugin\Authentication->aroundDispatch(Object(News\Manger\Controller\Adminhtml\Category\Save\Interceptor), Object(Closure), Object(Magento\Framework\App\Request\Http))
#23 /var/www/html/vendor/magento/framework/Interception/Interceptor.php(153): News\Manger\Controller\Adminhtml\Category\Save\Interceptor->Magento\Framework\Interception\{closure}(Object(Magento\Framework\App\Request\Http))
#24 /var/www/html/generated/code/News/Manger/Controller/Adminhtml/Category/Save/Interceptor.php(32): News\Manger\Controller\Adminhtml\Category\Save\Interceptor->___callPlugins('dispatch', Array, Array)
#25 /var/www/html/vendor/magento/framework/App/FrontController.php(245): News\Manger\Controller\Adminhtml\Category\Save\Interceptor->dispatch(Object(Magento\Framework\App\Request\Http))
#26 /var/www/html/vendor/magento/framework/App/FrontController.php(212): Magento\Framework\App\FrontController->getActionResponse(Object(News\Manger\Controller\Adminhtml\Category\Save\Interceptor), Object(Magento\Framework\App\Request\Http))
#27 /var/www/html/vendor/magento/framework/App/FrontController.php(146): Magento\Framework\App\FrontController->processRequest(Object(Magento\Framework\App\Request\Http), Object(News\Manger\Controller\Adminhtml\Category\Save\Interceptor))
#28 /var/www/html/vendor/magento/framework/Interception/Interceptor.php(58): Magento\Framework\App\FrontController->dispatch(Object(Magento\Framework\App\Request\Http))
#29 /var/www/html/vendor/magento/framework/Interception/Interceptor.php(138): Magento\Framework\App\FrontController\Interceptor->___callParent('dispatch', Array)
#30 /var/www/html/vendor/magento/framework/Interception/Interceptor.php(153): Magento\Framework\App\FrontController\Interceptor->Magento\Framework\Interception\{closure}(Object(Magento\Framework\App\Request\Http))
#31 /var/www/html/generated/code/Magento/Framework/App/FrontController/Interceptor.php(23): Magento\Framework\App\FrontController\Interceptor->___callPlugins('dispatch', Array, Array)
#32 /var/www/html/vendor/magento/framework/App/Http.php(116): Magento\Framework\App\FrontController\Interceptor->dispatch(Object(Magento\Framework\App\Request\Http))
#33 /var/www/html/vendor/magento/framework/Interception/Interceptor.php(58): Magento\Framework\App\Http->launch()
#34 /var/www/html/vendor/magento/framework/Interception/Interceptor.php(138): Magento\Framework\App\Http\Interceptor->___callParent('launch', Array)
#35 /var/www/html/vendor/magento/module-application-performance-monitor/Plugin/ApplicationPerformanceMonitor.php(38): Magento\Framework\App\Http\Interceptor->Magento\Framework\Interception\{closure}()
#36 /var/www/html/vendor/magento/framework/Interception/Interceptor.php(135): Magento\ApplicationPerformanceMonitor\Plugin\ApplicationPerformanceMonitor->aroundLaunch(Object(Magento\Framework\App\Http\Interceptor), Object(Closure))
#37 /var/www/html/vendor/magento/framework/Interception/Interceptor.php(153): Magento\Framework\App\Http\Interceptor->Magento\Framework\Interception\{closure}()
#38 /var/www/html/generated/code/Magento/Framework/App/Http/Interceptor.php(23): Magento\Framework\App\Http\Interceptor->___callPlugins('launch', Array, NULL)
#39 /var/www/html/vendor/magento/framework/App/Bootstrap.php(264): Magento\Framework\App\Http\Interceptor->launch()
#40 /var/www/html/pub/index.php(30): Magento\Framework\App\Bootstrap->run(Object(Magento\Framework\App\Http\Interceptor))
#41 {main}

Next Zend_Db_Statement_Exception: SQLSTATE[23000]: Integrity constraint violation: 1062 Duplicate entry '6' for key 'PRIMARY', query was: INSERT INTO `news_category_hierarchy` (`category_id`, `parent_id`, `created_at`, `updated_at`) VALUES (?, ?, ?, ?) in /var/www/html/vendor/magento/framework/DB/Statement/Pdo/Mysql.php:109
Stack trace:
#0 /var/www/html/vendor/magento/framework/DB/Statement/Pdo/Mysql.php(89): Magento\Framework\DB\Statement\Pdo\Mysql->tryExecute(Object(Closure))
#1 /var/www/html/vendor/magento/zend-db/library/Zend/Db/Statement.php(313): Magento\Framework\DB\Statement\Pdo\Mysql->_execute(Array)
#2 /var/www/html/vendor/magento/zend-db/library/Zend/Db/Adapter/Abstract.php(480): Zend_Db_Statement->execute(Array)
#3 /var/www/html/vendor/magento/zend-db/library/Zend/Db/Adapter/Pdo/Abstract.php(242): Zend_Db_Adapter_Abstract->query('INSERT INTO `ne...', Array)
#4 /var/www/html/vendor/magento/framework/DB/Adapter/Pdo/Mysql.php(614): Zend_Db_Adapter_Pdo_Abstract->query('INSERT INTO `ne...', Array)
#5 /var/www/html/vendor/magento/framework/DB/Adapter/Pdo/Mysql.php(639): Magento\Framework\DB\Adapter\Pdo\Mysql->Magento\Framework\DB\Adapter\Pdo\{closure}()
#6 /var/www/html/vendor/magento/framework/DB/Adapter/Pdo/Mysql.php(614): Magento\Framework\DB\Adapter\Pdo\Mysql->performQuery(Object(Closure))
#7 /var/www/html/vendor/magento/framework/DB/Adapter/Pdo/Mysql.php(703): Magento\Framework\DB\Adapter\Pdo\Mysql->_query('INSERT INTO `ne...', Array)
#8 /var/www/html/vendor/magento/zend-db/library/Zend/Db/Adapter/Abstract.php(576): Magento\Framework\DB\Adapter\Pdo\Mysql->query('INSERT INTO `ne...', Array)
#9 /var/www/html/app/code/News/Manger/Controller/Adminhtml/Category/Save.php(156): Zend_Db_Adapter_Abstract->insert('news_category_h...', Array)
#10 /var/www/html/app/code/News/Manger/Controller/Adminhtml/Category/Save.php(100): News\Manger\Controller\Adminhtml\Category\Save->saveMultipleHierarchies('6', Array)
#11 /var/www/html/vendor/magento/framework/Interception/Interceptor.php(58): News\Manger\Controller\Adminhtml\Category\Save->execute()
#12 /var/www/html/vendor/magento/framework/Interception/Interceptor.php(138): News\Manger\Controller\Adminhtml\Category\Save\Interceptor->___callParent('execute', Array)
#13 /var/www/html/vendor/magento/framework/Interception/Interceptor.php(153): News\Manger\Controller\Adminhtml\Category\Save\Interceptor->Magento\Framework\Interception\{closure}()
#14 /var/www/html/generated/code/News/Manger/Controller/Adminhtml/Category/Save/Interceptor.php(23): News\Manger\Controller\Adminhtml\Category\Save\Interceptor->___callPlugins('execute', Array, Array)
#15 /var/www/html/vendor/magento/framework/App/Action/Action.php(111): News\Manger\Controller\Adminhtml\Category\Save\Interceptor->execute()
#16 /var/www/html/vendor/magento/module-backend/App/AbstractAction.php(151): Magento\Framework\App\Action\Action->dispatch(Object(Magento\Framework\App\Request\Http))
#17 /var/www/html/vendor/magento/framework/Interception/Interceptor.php(58): Magento\Backend\App\AbstractAction->dispatch(Object(Magento\Framework\App\Request\Http))
#18 /var/www/html/vendor/magento/framework/Interception/Interceptor.php(138): News\Manger\Controller\Adminhtml\Category\Save\Interceptor->___callParent('dispatch', Array)
#19 /var/www/html/vendor/magento/module-backend/App/Action/Plugin/Authentication.php(145): News\Manger\Controller\Adminhtml\Category\Save\Interceptor->Magento\Framework\Interception\{closure}(Object(Magento\Framework\App\Request\Http))
#20 /var/www/html/vendor/magento/framework/Interception/Interceptor.php(135): Magento\Backend\App\Action\Plugin\Authentication->aroundDispatch(Object(News\Manger\Controller\Adminhtml\Category\Save\Interceptor), Object(Closure), Object(Magento\Framework\App\Request\Http))
#21 /var/www/html/vendor/magento/framework/Interception/Interceptor.php(153): News\Manger\Controller\Adminhtml\Category\Save\Interceptor->Magento\Framework\Interception\{closure}(Object(Magento\Framework\App\Request\Http))
#22 /var/www/html/generated/code/News/Manger/Controller/Adminhtml/Category/Save/Interceptor.php(32): News\Manger\Controller\Adminhtml\Category\Save\Interceptor->___callPlugins('dispatch', Array, Array)
#23 /var/www/html/vendor/magento/framework/App/FrontController.php(245): News\Manger\Controller\Adminhtml\Category\Save\Interceptor->dispatch(Object(Magento\Framework\App\Request\Http))
#24 /var/www/html/vendor/magento/framework/App/FrontController.php(212): Magento\Framework\App\FrontController->getActionResponse(Object(News\Manger\Controller\Adminhtml\Category\Save\Interceptor), Object(Magento\Framework\App\Request\Http))
#25 /var/www/html/vendor/magento/framework/App/FrontController.php(146): Magento\Framework\App\FrontController->processRequest(Object(Magento\Framework\App\Request\Http), Object(News\Manger\Controller\Adminhtml\Category\Save\Interceptor))
#26 /var/www/html/vendor/magento/framework/Interception/Interceptor.php(58): Magento\Framework\App\FrontController->dispatch(Object(Magento\Framework\App\Request\Http))
#27 /var/www/html/vendor/magento/framework/Interception/Interceptor.php(138): Magento\Framework\App\FrontController\Interceptor->___callParent('dispatch', Array)
#28 /var/www/html/vendor/magento/framework/Interception/Interceptor.php(153): Magento\Framework\App\FrontController\Interceptor->Magento\Framework\Interception\{closure}(Object(Magento\Framework\App\Request\Http))
#29 /var/www/html/generated/code/Magento/Framework/App/FrontController/Interceptor.php(23): Magento\Framework\App\FrontController\Interceptor->___callPlugins('dispatch', Array, Array)
#30 /var/www/html/vendor/magento/framework/App/Http.php(116): Magento\Framework\App\FrontController\Interceptor->dispatch(Object(Magento\Framework\App\Request\Http))
#31 /var/www/html/vendor/magento/framework/Interception/Interceptor.php(58): Magento\Framework\App\Http->launch()
#32 /var/www/html/vendor/magento/framework/Interception/Interceptor.php(138): Magento\Framework\App\Http\Interceptor->___callParent('launch', Array)
#33 /var/www/html/vendor/magento/module-application-performance-monitor/Plugin/ApplicationPerformanceMonitor.php(38): Magento\Framework\App\Http\Interceptor->Magento\Framework\Interception\{closure}()
#34 /var/www/html/vendor/magento/framework/Interception/Interceptor.php(135): Magento\ApplicationPerformanceMonitor\Plugin\ApplicationPerformanceMonitor->aroundLaunch(Object(Magento\Framework\App\Http\Interceptor), Object(Closure))
#35 /var/www/html/vendor/magento/framework/Interception/Interceptor.php(153): Magento\Framework\App\Http\Interceptor->Magento\Framework\Interception\{closure}()
#36 /var/www/html/generated/code/Magento/Framework/App/Http/Interceptor.php(23): Magento\Framework\App\Http\Interceptor->___callPlugins('launch', Array, NULL)
#37 /var/www/html/vendor/magento/framework/App/Bootstrap.php(264): Magento\Framework\App\Http\Interceptor->launch()
#38 /var/www/html/pub/index.php(30): Magento\Framework\App\Bootstrap->run(Object(Magento\Framework\App\Http\Interceptor))
#39 {main}

Next Magento\Framework\DB\Adapter\DuplicateException: SQLSTATE[23000]: Integrity constraint violation: 1062 Duplicate entry '6' for key 'PRIMARY', query was: INSERT INTO `news_category_hierarchy` (`category_id`, `parent_id`, `created_at`, `updated_at`) VALUES (?, ?, ?, ?) in /var/www/html/vendor/magento/framework/DB/Adapter/Pdo/Mysql.php:672
Stack trace:
#0 /var/www/html/vendor/magento/framework/DB/Adapter/Pdo/Mysql.php(614): Magento\Framework\DB\Adapter\Pdo\Mysql->performQuery(Object(Closure))
#1 /var/www/html/vendor/magento/framework/DB/Adapter/Pdo/Mysql.php(703): Magento\Framework\DB\Adapter\Pdo\Mysql->_query('INSERT INTO `ne...', Array)
#2 /var/www/html/vendor/magento/zend-db/library/Zend/Db/Adapter/Abstract.php(576): Magento\Framework\DB\Adapter\Pdo\Mysql->query('INSERT INTO `ne...', Array)
#3 /var/www/html/app/code/News/Manger/Controller/Adminhtml/Category/Save.php(156): Zend_Db_Adapter_Abstract->insert('news_category_h...', Array)
#4 /var/www/html/app/code/News/Manger/Controller/Adminhtml/Category/Save.php(100): News\Manger\Controller\Adminhtml\Category\Save->saveMultipleHierarchies('6', Array)
#5 /var/www/html/vendor/magento/framework/Interception/Interceptor.php(58): News\Manger\Controller\Adminhtml\Category\Save->execute()
#6 /var/www/html/vendor/magento/framework/Interception/Interceptor.php(138): News\Manger\Controller\Adminhtml\Category\Save\Interceptor->___callParent('execute', Array)
#7 /var/www/html/vendor/magento/framework/Interception/Interceptor.php(153): News\Manger\Controller\Adminhtml\Category\Save\Interceptor->Magento\Framework\Interception\{closure}()
#8 /var/www/html/generated/code/News/Manger/Controller/Adminhtml/Category/Save/Interceptor.php(23): News\Manger\Controller\Adminhtml\Category\Save\Interceptor->___callPlugins('execute', Array, Array)
#9 /var/www/html/vendor/magento/framework/App/Action/Action.php(111): News\Manger\Controller\Adminhtml\Category\Save\Interceptor->execute()
#10 /var/www/html/vendor/magento/module-backend/App/AbstractAction.php(151): Magento\Framework\App\Action\Action->dispatch(Object(Magento\Framework\App\Request\Http))
#11 /var/www/html/vendor/magento/framework/Interception/Interceptor.php(58): Magento\Backend\App\AbstractAction->dispatch(Object(Magento\Framework\App\Request\Http))
#12 /var/www/html/vendor/magento/framework/Interception/Interceptor.php(138): News\Manger\Controller\Adminhtml\Category\Save\Interceptor->___callParent('dispatch', Array)
#13 /var/www/html/vendor/magento/module-backend/App/Action/Plugin/Authentication.php(145): News\Manger\Controller\Adminhtml\Category\Save\Interceptor->Magento\Framework\Interception\{closure}(Object(Magento\Framework\App\Request\Http))
#14 /var/www/html/vendor/magento/framework/Interception/Interceptor.php(135): Magento\Backend\App\Action\Plugin\Authentication->aroundDispatch(Object(News\Manger\Controller\Adminhtml\Category\Save\Interceptor), Object(Closure), Object(Magento\Framework\App\Request\Http))
#15 /var/www/html/vendor/magento/framework/Interception/Interceptor.php(153): News\Manger\Controller\Adminhtml\Category\Save\Interceptor->Magento\Framework\Interception\{closure}(Object(Magento\Framework\App\Request\Http))
#16 /var/www/html/generated/code/News/Manger/Controller/Adminhtml/Category/Save/Interceptor.php(32): News\Manger\Controller\Adminhtml\Category\Save\Interceptor->___callPlugins('dispatch', Array, Array)
#17 /var/www/html/vendor/magento/framework/App/FrontController.php(245): News\Manger\Controller\Adminhtml\Category\Save\Interceptor->dispatch(Object(Magento\Framework\App\Request\Http))
#18 /var/www/html/vendor/magento/framework/App/FrontController.php(212): Magento\Framework\App\FrontController->getActionResponse(Object(News\Manger\Controller\Adminhtml\Category\Save\Interceptor), Object(Magento\Framework\App\Request\Http))
#19 /var/www/html/vendor/magento/framework/App/FrontController.php(146): Magento\Framework\App\FrontController->processRequest(Object(Magento\Framework\App\Request\Http), Object(News\Manger\Controller\Adminhtml\Category\Save\Interceptor))
#20 /var/www/html/vendor/magento/framework/Interception/Interceptor.php(58): Magento\Framework\App\FrontController->dispatch(Object(Magento\Framework\App\Request\Http))
#21 /var/www/html/vendor/magento/framework/Interception/Interceptor.php(138): Magento\Framework\App\FrontController\Interceptor->___callParent('dispatch', Array)
#22 /var/www/html/vendor/magento/framework/Interception/Interceptor.php(153): Magento\Framework\App\FrontController\Interceptor->Magento\Framework\Interception\{closure}(Object(Magento\Framework\App\Request\Http))
#23 /var/www/html/generated/code/Magento/Framework/App/FrontController/Interceptor.php(23): Magento\Framework\App\FrontController\Interceptor->___callPlugins('dispatch', Array, Array)
#24 /var/www/html/vendor/magento/framework/App/Http.php(116): Magento\Framework\App\FrontController\Interceptor->dispatch(Object(Magento\Framework\App\Request\Http))
#25 /var/www/html/vendor/magento/framework/Interception/Interceptor.php(58): Magento\Framework\App\Http->launch()
#26 /var/www/html/vendor/magento/framework/Interception/Interceptor.php(138): Magento\Framework\App\Http\Interceptor->___callParent('launch', Array)
#27 /var/www/html/vendor/magento/module-application-performance-monitor/Plugin/ApplicationPerformanceMonitor.php(38): Magento\Framework\App\Http\Interceptor->Magento\Framework\Interception\{closure}()
#28 /var/www/html/vendor/magento/framework/Interception/Interceptor.php(135): Magento\ApplicationPerformanceMonitor\Plugin\ApplicationPerformanceMonitor->aroundLaunch(Object(Magento\Framework\App\Http\Interceptor), Object(Closure))
#29 /var/www/html/vendor/magento/framework/Interception/Interceptor.php(153): Magento\Framework\App\Http\Interceptor->Magento\Framework\Interception\{closure}()
#30 /var/www/html/generated/code/Magento/Framework/App/Http/Interceptor.php(23): Magento\Framework\App\Http\Interceptor->___callPlugins('launch', Array, NULL)
#31 /var/www/html/vendor/magento/framework/App/Bootstrap.php(264): Magento\Framework\App\Http\Interceptor->launch()
#32 /var/www/html/pub/index.php(30): Magento\Framework\App\Bootstrap->run(Object(Magento\Framework\App\Http\Interceptor))
#33 {main} {"exception":"[object] (Magento\\Framework\\DB\\Adapter\\DuplicateException(code: 1062): SQLSTATE[23000]: Integrity constraint violation: 1062 Duplicate entry '6' for key 'PRIMARY', query was: INSERT INTO `news_category_hierarchy` (`category_id`, `parent_id`, `created_at`, `updated_at`) VALUES (?, ?, ?, ?) at /var/www/html/vendor/magento/framework/DB/Adapter/Pdo/Mysql.php:672)
[previous exception] [object] (Zend_Db_Statement_Exception(code: 23000): SQLSTATE[23000]: Integrity constraint violation: 1062 Duplicate entry '6' for key 'PRIMARY', query was: INSERT INTO `news_category_hierarchy` (`category_id`, `parent_id`, `created_at`, `updated_at`) VALUES (?, ?, ?, ?) at /var/www/html/vendor/magento/framework/DB/Statement/Pdo/Mysql.php:109)
[previous exception] [object] (PDOException(code: 23000): SQLSTATE[23000]: Integrity constraint violation: 1062 Duplicate entry '6' for key 'PRIMARY' at /var/www/html/vendor/magento/framework/DB/Statement/Pdo/Mysql.php:90)"} []
[2025-08-20T14:38:14.543302+00:00] main.CRITICAL: PDOException: SQLSTATE[23000]: Integrity constraint violation: 1062 Duplicate entry '7' for key 'PRIMARY' in /var/www/html/vendor/magento/framework/DB/Statement/Pdo/Mysql.php:90
Stack trace:
#0 /var/www/html/vendor/magento/framework/DB/Statement/Pdo/Mysql.php(90): PDOStatement->execute(Array)
#1 /var/www/html/vendor/magento/framework/DB/Statement/Pdo/Mysql.php(106): Magento\Framework\DB\Statement\Pdo\Mysql->Magento\Framework\DB\Statement\Pdo\{closure}()
#2 /var/www/html/vendor/magento/framework/DB/Statement/Pdo/Mysql.php(89): Magento\Framework\DB\Statement\Pdo\Mysql->tryExecute(Object(Closure))
#3 /var/www/html/vendor/magento/zend-db/library/Zend/Db/Statement.php(313): Magento\Framework\DB\Statement\Pdo\Mysql->_execute(Array)
#4 /var/www/html/vendor/magento/zend-db/library/Zend/Db/Adapter/Abstract.php(480): Zend_Db_Statement->execute(Array)
#5 /var/www/html/vendor/magento/zend-db/library/Zend/Db/Adapter/Pdo/Abstract.php(242): Zend_Db_Adapter_Abstract->query('INSERT INTO `ne...', Array)
#6 /var/www/html/vendor/magento/framework/DB/Adapter/Pdo/Mysql.php(614): Zend_Db_Adapter_Pdo_Abstract->query('INSERT INTO `ne...', Array)
#7 /var/www/html/vendor/magento/framework/DB/Adapter/Pdo/Mysql.php(639): Magento\Framework\DB\Adapter\Pdo\Mysql->Magento\Framework\DB\Adapter\Pdo\{closure}()
#8 /var/www/html/vendor/magento/framework/DB/Adapter/Pdo/Mysql.php(614): Magento\Framework\DB\Adapter\Pdo\Mysql->performQuery(Object(Closure))
#9 /var/www/html/vendor/magento/framework/DB/Adapter/Pdo/Mysql.php(703): Magento\Framework\DB\Adapter\Pdo\Mysql->_query('INSERT INTO `ne...', Array)
#10 /var/www/html/vendor/magento/zend-db/library/Zend/Db/Adapter/Abstract.php(576): Magento\Framework\DB\Adapter\Pdo\Mysql->query('INSERT INTO `ne...', Array)
#11 /var/www/html/app/code/News/Manger/Controller/Adminhtml/Category/Save.php(156): Zend_Db_Adapter_Abstract->insert('news_category_h...', Array)
#12 /var/www/html/app/code/News/Manger/Controller/Adminhtml/Category/Save.php(100): News\Manger\Controller\Adminhtml\Category\Save->saveMultipleHierarchies('7', Array)
#13 /var/www/html/vendor/magento/framework/Interception/Interceptor.php(58): News\Manger\Controller\Adminhtml\Category\Save->execute()
#14 /var/www/html/vendor/magento/framework/Interception/Interceptor.php(138): News\Manger\Controller\Adminhtml\Category\Save\Interceptor->___callParent('execute', Array)
#15 /var/www/html/vendor/magento/framework/Interception/Interceptor.php(153): News\Manger\Controller\Adminhtml\Category\Save\Interceptor->Magento\Framework\Interception\{closure}()
#16 /var/www/html/generated/code/News/Manger/Controller/Adminhtml/Category/Save/Interceptor.php(23): News\Manger\Controller\Adminhtml\Category\Save\Interceptor->___callPlugins('execute', Array, Array)
#17 /var/www/html/vendor/magento/framework/App/Action/Action.php(111): News\Manger\Controller\Adminhtml\Category\Save\Interceptor->execute()
#18 /var/www/html/vendor/magento/module-backend/App/AbstractAction.php(151): Magento\Framework\App\Action\Action->dispatch(Object(Magento\Framework\App\Request\Http))
#19 /var/www/html/vendor/magento/framework/Interception/Interceptor.php(58): Magento\Backend\App\AbstractAction->dispatch(Object(Magento\Framework\App\Request\Http))
#20 /var/www/html/vendor/magento/framework/Interception/Interceptor.php(138): News\Manger\Controller\Adminhtml\Category\Save\Interceptor->___callParent('dispatch', Array)
#21 /var/www/html/vendor/magento/module-backend/App/Action/Plugin/Authentication.php(145): News\Manger\Controller\Adminhtml\Category\Save\Interceptor->Magento\Framework\Interception\{closure}(Object(Magento\Framework\App\Request\Http))
#22 /var/www/html/vendor/magento/framework/Interception/Interceptor.php(135): Magento\Backend\App\Action\Plugin\Authentication->aroundDispatch(Object(News\Manger\Controller\Adminhtml\Category\Save\Interceptor), Object(Closure), Object(Magento\Framework\App\Request\Http))
#23 /var/www/html/vendor/magento/framework/Interception/Interceptor.php(153): News\Manger\Controller\Adminhtml\Category\Save\Interceptor->Magento\Framework\Interception\{closure}(Object(Magento\Framework\App\Request\Http))
#24 /var/www/html/generated/code/News/Manger/Controller/Adminhtml/Category/Save/Interceptor.php(32): News\Manger\Controller\Adminhtml\Category\Save\Interceptor->___callPlugins('dispatch', Array, Array)
#25 /var/www/html/vendor/magento/framework/App/FrontController.php(245): News\Manger\Controller\Adminhtml\Category\Save\Interceptor->dispatch(Object(Magento\Framework\App\Request\Http))
#26 /var/www/html/vendor/magento/framework/App/FrontController.php(212): Magento\Framework\App\FrontController->getActionResponse(Object(News\Manger\Controller\Adminhtml\Category\Save\Interceptor), Object(Magento\Framework\App\Request\Http))
#27 /var/www/html/vendor/magento/framework/App/FrontController.php(146): Magento\Framework\App\FrontController->processRequest(Object(Magento\Framework\App\Request\Http), Object(News\Manger\Controller\Adminhtml\Category\Save\Interceptor))
#28 /var/www/html/vendor/magento/framework/Interception/Interceptor.php(58): Magento\Framework\App\FrontController->dispatch(Object(Magento\Framework\App\Request\Http))
#29 /var/www/html/vendor/magento/framework/Interception/Interceptor.php(138): Magento\Framework\App\FrontController\Interceptor->___callParent('dispatch', Array)
#30 /var/www/html/vendor/magento/framework/Interception/Interceptor.php(153): Magento\Framework\App\FrontController\Interceptor->Magento\Framework\Interception\{closure}(Object(Magento\Framework\App\Request\Http))
#31 /var/www/html/generated/code/Magento/Framework/App/FrontController/Interceptor.php(23): Magento\Framework\App\FrontController\Interceptor->___callPlugins('dispatch', Array, Array)
#32 /var/www/html/vendor/magento/framework/App/Http.php(116): Magento\Framework\App\FrontController\Interceptor->dispatch(Object(Magento\Framework\App\Request\Http))
#33 /var/www/html/vendor/magento/framework/Interception/Interceptor.php(58): Magento\Framework\App\Http->launch()
#34 /var/www/html/vendor/magento/framework/Interception/Interceptor.php(138): Magento\Framework\App\Http\Interceptor->___callParent('launch', Array)
#35 /var/www/html/vendor/magento/module-application-performance-monitor/Plugin/ApplicationPerformanceMonitor.php(38): Magento\Framework\App\Http\Interceptor->Magento\Framework\Interception\{closure}()
#36 /var/www/html/vendor/magento/framework/Interception/Interceptor.php(135): Magento\ApplicationPerformanceMonitor\Plugin\ApplicationPerformanceMonitor->aroundLaunch(Object(Magento\Framework\App\Http\Interceptor), Object(Closure))
#37 /var/www/html/vendor/magento/framework/Interception/Interceptor.php(153): Magento\Framework\App\Http\Interceptor->Magento\Framework\Interception\{closure}()
#38 /var/www/html/generated/code/Magento/Framework/App/Http/Interceptor.php(23): Magento\Framework\App\Http\Interceptor->___callPlugins('launch', Array, NULL)
#39 /var/www/html/vendor/magento/framework/App/Bootstrap.php(264): Magento\Framework\App\Http\Interceptor->launch()
#40 /var/www/html/pub/index.php(30): Magento\Framework\App\Bootstrap->run(Object(Magento\Framework\App\Http\Interceptor))
#41 {main}

Next Zend_Db_Statement_Exception: SQLSTATE[23000]: Integrity constraint violation: 1062 Duplicate entry '7' for key 'PRIMARY', query was: INSERT INTO `news_category_hierarchy` (`category_id`, `parent_id`, `created_at`, `updated_at`) VALUES (?, ?, ?, ?) in /var/www/html/vendor/magento/framework/DB/Statement/Pdo/Mysql.php:109
Stack trace:
#0 /var/www/html/vendor/magento/framework/DB/Statement/Pdo/Mysql.php(89): Magento\Framework\DB\Statement\Pdo\Mysql->tryExecute(Object(Closure))
#1 /var/www/html/vendor/magento/zend-db/library/Zend/Db/Statement.php(313): Magento\Framework\DB\Statement\Pdo\Mysql->_execute(Array)
#2 /var/www/html/vendor/magento/zend-db/library/Zend/Db/Adapter/Abstract.php(480): Zend_Db_Statement->execute(Array)
#3 /var/www/html/vendor/magento/zend-db/library/Zend/Db/Adapter/Pdo/Abstract.php(242): Zend_Db_Adapter_Abstract->query('INSERT INTO `ne...', Array)
#4 /var/www/html/vendor/magento/framework/DB/Adapter/Pdo/Mysql.php(614): Zend_Db_Adapter_Pdo_Abstract->query('INSERT INTO `ne...', Array)
#5 /var/www/html/vendor/magento/framework/DB/Adapter/Pdo/Mysql.php(639): Magento\Framework\DB\Adapter\Pdo\Mysql->Magento\Framework\DB\Adapter\Pdo\{closure}()
#6 /var/www/html/vendor/magento/framework/DB/Adapter/Pdo/Mysql.php(614): Magento\Framework\DB\Adapter\Pdo\Mysql->performQuery(Object(Closure))
#7 /var/www/html/vendor/magento/framework/DB/Adapter/Pdo/Mysql.php(703): Magento\Framework\DB\Adapter\Pdo\Mysql->_query('INSERT INTO `ne...', Array)
#8 /var/www/html/vendor/magento/zend-db/library/Zend/Db/Adapter/Abstract.php(576): Magento\Framework\DB\Adapter\Pdo\Mysql->query('INSERT INTO `ne...', Array)
#9 /var/www/html/app/code/News/Manger/Controller/Adminhtml/Category/Save.php(156): Zend_Db_Adapter_Abstract->insert('news_category_h...', Array)
#10 /var/www/html/app/code/News/Manger/Controller/Adminhtml/Category/Save.php(100): News\Manger\Controller\Adminhtml\Category\Save->saveMultipleHierarchies('7', Array)
#11 /var/www/html/vendor/magento/framework/Interception/Interceptor.php(58): News\Manger\Controller\Adminhtml\Category\Save->execute()
#12 /var/www/html/vendor/magento/framework/Interception/Interceptor.php(138): News\Manger\Controller\Adminhtml\Category\Save\Interceptor->___callParent('execute', Array)
#13 /var/www/html/vendor/magento/framework/Interception/Interceptor.php(153): News\Manger\Controller\Adminhtml\Category\Save\Interceptor->Magento\Framework\Interception\{closure}()
#14 /var/www/html/generated/code/News/Manger/Controller/Adminhtml/Category/Save/Interceptor.php(23): News\Manger\Controller\Adminhtml\Category\Save\Interceptor->___callPlugins('execute', Array, Array)
#15 /var/www/html/vendor/magento/framework/App/Action/Action.php(111): News\Manger\Controller\Adminhtml\Category\Save\Interceptor->execute()
#16 /var/www/html/vendor/magento/module-backend/App/AbstractAction.php(151): Magento\Framework\App\Action\Action->dispatch(Object(Magento\Framework\App\Request\Http))
#17 /var/www/html/vendor/magento/framework/Interception/Interceptor.php(58): Magento\Backend\App\AbstractAction->dispatch(Object(Magento\Framework\App\Request\Http))
#18 /var/www/html/vendor/magento/framework/Interception/Interceptor.php(138): News\Manger\Controller\Adminhtml\Category\Save\Interceptor->___callParent('dispatch', Array)
#19 /var/www/html/vendor/magento/module-backend/App/Action/Plugin/Authentication.php(145): News\Manger\Controller\Adminhtml\Category\Save\Interceptor->Magento\Framework\Interception\{closure}(Object(Magento\Framework\App\Request\Http))
#20 /var/www/html/vendor/magento/framework/Interception/Interceptor.php(135): Magento\Backend\App\Action\Plugin\Authentication->aroundDispatch(Object(News\Manger\Controller\Adminhtml\Category\Save\Interceptor), Object(Closure), Object(Magento\Framework\App\Request\Http))
#21 /var/www/html/vendor/magento/framework/Interception/Interceptor.php(153): News\Manger\Controller\Adminhtml\Category\Save\Interceptor->Magento\Framework\Interception\{closure}(Object(Magento\Framework\App\Request\Http))
#22 /var/www/html/generated/code/News/Manger/Controller/Adminhtml/Category/Save/Interceptor.php(32): News\Manger\Controller\Adminhtml\Category\Save\Interceptor->___callPlugins('dispatch', Array, Array)
#23 /var/www/html/vendor/magento/framework/App/FrontController.php(245): News\Manger\Controller\Adminhtml\Category\Save\Interceptor->dispatch(Object(Magento\Framework\App\Request\Http))
#24 /var/www/html/vendor/magento/framework/App/FrontController.php(212): Magento\Framework\App\FrontController->getActionResponse(Object(News\Manger\Controller\Adminhtml\Category\Save\Interceptor), Object(Magento\Framework\App\Request\Http))
#25 /var/www/html/vendor/magento/framework/App/FrontController.php(146): Magento\Framework\App\FrontController->processRequest(Object(Magento\Framework\App\Request\Http), Object(News\Manger\Controller\Adminhtml\Category\Save\Interceptor))
#26 /var/www/html/vendor/magento/framework/Interception/Interceptor.php(58): Magento\Framework\App\FrontController->dispatch(Object(Magento\Framework\App\Request\Http))
#27 /var/www/html/vendor/magento/framework/Interception/Interceptor.php(138): Magento\Framework\App\FrontController\Interceptor->___callParent('dispatch', Array)
#28 /var/www/html/vendor/magento/framework/Interception/Interceptor.php(153): Magento\Framework\App\FrontController\Interceptor->Magento\Framework\Interception\{closure}(Object(Magento\Framework\App\Request\Http))
#29 /var/www/html/generated/code/Magento/Framework/App/FrontController/Interceptor.php(23): Magento\Framework\App\FrontController\Interceptor->___callPlugins('dispatch', Array, Array)
#30 /var/www/html/vendor/magento/framework/App/Http.php(116): Magento\Framework\App\FrontController\Interceptor->dispatch(Object(Magento\Framework\App\Request\Http))
#31 /var/www/html/vendor/magento/framework/Interception/Interceptor.php(58): Magento\Framework\App\Http->launch()
#32 /var/www/html/vendor/magento/framework/Interception/Interceptor.php(138): Magento\Framework\App\Http\Interceptor->___callParent('launch', Array)
#33 /var/www/html/vendor/magento/module-application-performance-monitor/Plugin/ApplicationPerformanceMonitor.php(38): Magento\Framework\App\Http\Interceptor->Magento\Framework\Interception\{closure}()
#34 /var/www/html/vendor/magento/framework/Interception/Interceptor.php(135): Magento\ApplicationPerformanceMonitor\Plugin\ApplicationPerformanceMonitor->aroundLaunch(Object(Magento\Framework\App\Http\Interceptor), Object(Closure))
#35 /var/www/html/vendor/magento/framework/Interception/Interceptor.php(153): Magento\Framework\App\Http\Interceptor->Magento\Framework\Interception\{closure}()
#36 /var/www/html/generated/code/Magento/Framework/App/Http/Interceptor.php(23): Magento\Framework\App\Http\Interceptor->___callPlugins('launch', Array, NULL)
#37 /var/www/html/vendor/magento/framework/App/Bootstrap.php(264): Magento\Framework\App\Http\Interceptor->launch()
#38 /var/www/html/pub/index.php(30): Magento\Framework\App\Bootstrap->run(Object(Magento\Framework\App\Http\Interceptor))
#39 {main}

Next Magento\Framework\DB\Adapter\DuplicateException: SQLSTATE[23000]: Integrity constraint violation: 1062 Duplicate entry '7' for key 'PRIMARY', query was: INSERT INTO `news_category_hierarchy` (`category_id`, `parent_id`, `created_at`, `updated_at`) VALUES (?, ?, ?, ?) in /var/www/html/vendor/magento/framework/DB/Adapter/Pdo/Mysql.php:672
Stack trace:
#0 /var/www/html/vendor/magento/framework/DB/Adapter/Pdo/Mysql.php(614): Magento\Framework\DB\Adapter\Pdo\Mysql->performQuery(Object(Closure))
#1 /var/www/html/vendor/magento/framework/DB/Adapter/Pdo/Mysql.php(703): Magento\Framework\DB\Adapter\Pdo\Mysql->_query('INSERT INTO `ne...', Array)
#2 /var/www/html/vendor/magento/zend-db/library/Zend/Db/Adapter/Abstract.php(576): Magento\Framework\DB\Adapter\Pdo\Mysql->query('INSERT INTO `ne...', Array)
#3 /var/www/html/app/code/News/Manger/Controller/Adminhtml/Category/Save.php(156): Zend_Db_Adapter_Abstract->insert('news_category_h...', Array)
#4 /var/www/html/app/code/News/Manger/Controller/Adminhtml/Category/Save.php(100): News\Manger\Controller\Adminhtml\Category\Save->saveMultipleHierarchies('7', Array)
#5 /var/www/html/vendor/magento/framework/Interception/Interceptor.php(58): News\Manger\Controller\Adminhtml\Category\Save->execute()
#6 /var/www/html/vendor/magento/framework/Interception/Interceptor.php(138): News\Manger\Controller\Adminhtml\Category\Save\Interceptor->___callParent('execute', Array)
#7 /var/www/html/vendor/magento/framework/Interception/Interceptor.php(153): News\Manger\Controller\Adminhtml\Category\Save\Interceptor->Magento\Framework\Interception\{closure}()
#8 /var/www/html/generated/code/News/Manger/Controller/Adminhtml/Category/Save/Interceptor.php(23): News\Manger\Controller\Adminhtml\Category\Save\Interceptor->___callPlugins('execute', Array, Array)
#9 /var/www/html/vendor/magento/framework/App/Action/Action.php(111): News\Manger\Controller\Adminhtml\Category\Save\Interceptor->execute()
#10 /var/www/html/vendor/magento/module-backend/App/AbstractAction.php(151): Magento\Framework\App\Action\Action->dispatch(Object(Magento\Framework\App\Request\Http))
#11 /var/www/html/vendor/magento/framework/Interception/Interceptor.php(58): Magento\Backend\App\AbstractAction->dispatch(Object(Magento\Framework\App\Request\Http))
#12 /var/www/html/vendor/magento/framework/Interception/Interceptor.php(138): News\Manger\Controller\Adminhtml\Category\Save\Interceptor->___callParent('dispatch', Array)
#13 /var/www/html/vendor/magento/module-backend/App/Action/Plugin/Authentication.php(145): News\Manger\Controller\Adminhtml\Category\Save\Interceptor->Magento\Framework\Interception\{closure}(Object(Magento\Framework\App\Request\Http))
#14 /var/www/html/vendor/magento/framework/Interception/Interceptor.php(135): Magento\Backend\App\Action\Plugin\Authentication->aroundDispatch(Object(News\Manger\Controller\Adminhtml\Category\Save\Interceptor), Object(Closure), Object(Magento\Framework\App\Request\Http))
#15 /var/www/html/vendor/magento/framework/Interception/Interceptor.php(153): News\Manger\Controller\Adminhtml\Category\Save\Interceptor->Magento\Framework\Interception\{closure}(Object(Magento\Framework\App\Request\Http))
#16 /var/www/html/generated/code/News/Manger/Controller/Adminhtml/Category/Save/Interceptor.php(32): News\Manger\Controller\Adminhtml\Category\Save\Interceptor->___callPlugins('dispatch', Array, Array)
#17 /var/www/html/vendor/magento/framework/App/FrontController.php(245): News\Manger\Controller\Adminhtml\Category\Save\Interceptor->dispatch(Object(Magento\Framework\App\Request\Http))
#18 /var/www/html/vendor/magento/framework/App/FrontController.php(212): Magento\Framework\App\FrontController->getActionResponse(Object(News\Manger\Controller\Adminhtml\Category\Save\Interceptor), Object(Magento\Framework\App\Request\Http))
#19 /var/www/html/vendor/magento/framework/App/FrontController.php(146): Magento\Framework\App\FrontController->processRequest(Object(Magento\Framework\App\Request\Http), Object(News\Manger\Controller\Adminhtml\Category\Save\Interceptor))
#20 /var/www/html/vendor/magento/framework/Interception/Interceptor.php(58): Magento\Framework\App\FrontController->dispatch(Object(Magento\Framework\App\Request\Http))
#21 /var/www/html/vendor/magento/framework/Interception/Interceptor.php(138): Magento\Framework\App\FrontController\Interceptor->___callParent('dispatch', Array)
#22 /var/www/html/vendor/magento/framework/Interception/Interceptor.php(153): Magento\Framework\App\FrontController\Interceptor->Magento\Framework\Interception\{closure}(Object(Magento\Framework\App\Request\Http))
#23 /var/www/html/generated/code/Magento/Framework/App/FrontController/Interceptor.php(23): Magento\Framework\App\FrontController\Interceptor->___callPlugins('dispatch', Array, Array)
#24 /var/www/html/vendor/magento/framework/App/Http.php(116): Magento\Framework\App\FrontController\Interceptor->dispatch(Object(Magento\Framework\App\Request\Http))
#25 /var/www/html/vendor/magento/framework/Interception/Interceptor.php(58): Magento\Framework\App\Http->launch()
#26 /var/www/html/vendor/magento/framework/Interception/Interceptor.php(138): Magento\Framework\App\Http\Interceptor->___callParent('launch', Array)
#27 /var/www/html/vendor/magento/module-application-performance-monitor/Plugin/ApplicationPerformanceMonitor.php(38): Magento\Framework\App\Http\Interceptor->Magento\Framework\Interception\{closure}()
#28 /var/www/html/vendor/magento/framework/Interception/Interceptor.php(135): Magento\ApplicationPerformanceMonitor\Plugin\ApplicationPerformanceMonitor->aroundLaunch(Object(Magento\Framework\App\Http\Interceptor), Object(Closure))
#29 /var/www/html/vendor/magento/framework/Interception/Interceptor.php(153): Magento\Framework\App\Http\Interceptor->Magento\Framework\Interception\{closure}()
#30 /var/www/html/generated/code/Magento/Framework/App/Http/Interceptor.php(23): Magento\Framework\App\Http\Interceptor->___callPlugins('launch', Array, NULL)
#31 /var/www/html/vendor/magento/framework/App/Bootstrap.php(264): Magento\Framework\App\Http\Interceptor->launch()
#32 /var/www/html/pub/index.php(30): Magento\Framework\App\Bootstrap->run(Object(Magento\Framework\App\Http\Interceptor))
#33 {main} {"exception":"[object] (Magento\\Framework\\DB\\Adapter\\DuplicateException(code: 1062): SQLSTATE[23000]: Integrity constraint violation: 1062 Duplicate entry '7' for key 'PRIMARY', query was: INSERT INTO `news_category_hierarchy` (`category_id`, `parent_id`, `created_at`, `updated_at`) VALUES (?, ?, ?, ?) at /var/www/html/vendor/magento/framework/DB/Adapter/Pdo/Mysql.php:672)
[previous exception] [object] (Zend_Db_Statement_Exception(code: 23000): SQLSTATE[23000]: Integrity constraint violation: 1062 Duplicate entry '7' for key 'PRIMARY', query was: INSERT INTO `news_category_hierarchy` (`category_id`, `parent_id`, `created_at`, `updated_at`) VALUES (?, ?, ?, ?) at /var/www/html/vendor/magento/framework/DB/Statement/Pdo/Mysql.php:109)
[previous exception] [object] (PDOException(code: 23000): SQLSTATE[23000]: Integrity constraint violation: 1062 Duplicate entry '7' for key 'PRIMARY' at /var/www/html/vendor/magento/framework/DB/Statement/Pdo/Mysql.php:90)"} []
