[2025-08-11T12:29:17.669861+00:00] main.INFO: Source table payment_services_order_status_data_production_submitted_hash does not exist. Skipping data migration... [] []
[2025-08-11T12:31:44.955876+00:00] main.ERROR: crontab -l 2>/dev/null 2>&1
no crontab for app [] []
[2025-08-11T12:31:44.958702+00:00] main.ERROR: crontab -l 2>/dev/null 2>&1
no crontab for app [] []
[2025-08-11T12:31:44.974705+00:00] main.INFO: echo "
#~ MAGENTO START 69dd2b02e1f3a65918182048ea4e29979a849d8942e8f53ed20a4bf10e529b36
* * * * * /usr/local/bin/php /var/www/html/bin/magento cron:run 2>&1 | grep -v \"Ran jobs by schedule\" >> /var/www/html/var/log/magento.cron.log
#~ MAGENTO END 69dd2b02e1f3a65918182048ea4e29979a849d8942e8f53ed20a4bf10e529b36
" 2>&1 | crontab - 2>&1
 [] []
[2025-08-11T12:35:43.534079+00:00] main.ERROR: Command "s:u" is ambiguous.
Did you mean one of these?
    setup:upgrade   Upgrades the Magento application, DB data, and schema
    setup:uninstall Uninstalls the Magento application.
#0 /var/www/html/vendor/symfony/console/Application.php(266): Symfony\Component\Console\Application->find('s:u')
#1 /var/www/html/vendor/magento/framework/Console/Cli.php(118): Symfony\Component\Console\Application->doRun(Object(Symfony\Component\Console\Input\ArgvInput), Object(Symfony\Component\Console\Output\ConsoleOutput))
#2 /var/www/html/vendor/symfony/console/Application.php(175): Magento\Framework\Console\Cli->doRun(Object(Symfony\Component\Console\Input\ArgvInput), Object(Symfony\Component\Console\Output\ConsoleOutput))
#3 /var/www/html/bin/magento(23): Symfony\Component\Console\Application->run()
#4 {main} [] []
[2025-08-11T13:08:25.019165+00:00] main.INFO: Broken reference: the 'catalog.compare.sidebar' element cannot be added as child to 'sidebar.additional', because the latter doesn't exist [] []
[2025-08-11T13:08:25.020650+00:00] main.INFO: Broken reference: the 'sale.reorder.sidebar' element cannot be added as child to 'sidebar.additional', because the latter doesn't exist [] []
[2025-08-11T13:08:25.021167+00:00] main.INFO: Broken reference: the 'wishlist_sidebar' element cannot be added as child to 'sidebar.additional', because the latter doesn't exist [] []
[2025-08-11T13:08:25.021776+00:00] main.INFO: Broken reference: the 'news.category.navigation' tries to reorder itself towards 'catalog.topnav', but their parents are different: 'page.top' and 'store.menu' respectively. [] []
[2025-08-11T13:08:25.381114+00:00] main.ERROR: Braintree\Configuration::merchantId needs to be set (or accessToken needs to be passed to Braintree\Gateway). [] []
[2025-08-11T13:08:38.535349+00:00] main.INFO: Broken reference: the 'catalog.compare.sidebar' element cannot be added as child to 'sidebar.additional', because the latter doesn't exist [] []
[2025-08-11T13:08:38.535740+00:00] main.INFO: Broken reference: the 'sale.reorder.sidebar' element cannot be added as child to 'sidebar.additional', because the latter doesn't exist [] []
[2025-08-11T13:08:38.536228+00:00] main.INFO: Broken reference: the 'wishlist_sidebar' element cannot be added as child to 'sidebar.additional', because the latter doesn't exist [] []
[2025-08-11T13:08:38.536850+00:00] main.INFO: Broken reference: the 'news.category.navigation' tries to reorder itself towards 'catalog.topnav', but their parents are different: 'page.top' and 'store.menu' respectively. [] []
[2025-08-11T13:08:38.626584+00:00] main.ERROR: Braintree\Configuration::merchantId needs to be set (or accessToken needs to be passed to Braintree\Gateway). [] []
[2025-08-11T13:09:05.606310+00:00] main.INFO: Broken reference: the 'news.category.navigation' tries to reorder itself towards 'catalog.topnav', but their parents are different: 'page.top' and 'store.menu' respectively. [] []
[2025-08-11T13:09:05.859315+00:00] main.ERROR: Braintree\Configuration::merchantId needs to be set (or accessToken needs to be passed to Braintree\Gateway). [] []
[2025-08-11T13:09:16.914338+00:00] main.INFO: Broken reference: the 'news.category.navigation' tries to reorder itself towards 'catalog.topnav', but their parents are different: 'page.top' and 'store.menu' respectively. [] []
[2025-08-11T13:09:16.988843+00:00] main.ERROR: Braintree\Configuration::merchantId needs to be set (or accessToken needs to be passed to Braintree\Gateway). [] []
[2025-08-11T13:09:17.014073+00:00] main.ERROR: Error getting hierarchical categories: SQLSTATE[42S22]: Column not found: 1054 Unknown column 'status' in 'WHERE', query was: SELECT `main_table`.* FROM `news_category` AS `main_table` WHERE (`status` = '1') ORDER BY `level` ASC, sort_order ASC, category_name ASC
 [] []
[2025-08-11T13:09:25.885641+00:00] main.INFO: Broken reference: the 'tracking' element cannot be added as child to 'header', because the latter doesn't exist [] []
[2025-08-11T13:09:25.885977+00:00] main.INFO: Broken reference: the 'notification_area' element cannot be added as child to 'notifications', because the latter doesn't exist [] []
[2025-08-11T13:09:25.886116+00:00] main.INFO: Broken reference: the 'unread_system_messages' element cannot be added as child to 'notifications', because the latter doesn't exist [] []
[2025-08-11T13:09:25.886236+00:00] main.INFO: Broken reference: the 'notification_window' element cannot be added as child to 'notifications', because the latter doesn't exist [] []
[2025-08-11T13:09:25.886349+00:00] main.INFO: Broken reference: the 'notification.messages' element cannot be added as child to 'header', because the latter doesn't exist [] []
[2025-08-11T13:09:25.886465+00:00] main.INFO: Broken reference: the 'global_notices' element cannot be added as child to 'global.notices', because the latter doesn't exist [] []
[2025-08-11T13:09:25.886594+00:00] main.INFO: Broken reference: the 'logo' element cannot be added as child to 'header', because the latter doesn't exist [] []
[2025-08-11T13:09:25.886703+00:00] main.INFO: Broken reference: the 'global.search' element cannot be added as child to 'header', because the latter doesn't exist [] []
[2025-08-11T13:09:25.886810+00:00] main.INFO: Broken reference: the 'user' element cannot be added as child to 'header', because the latter doesn't exist [] []
[2025-08-11T13:09:25.886919+00:00] main.INFO: Broken reference: the 'menu' element cannot be added as child to 'page.menu', because the latter doesn't exist [] []
[2025-08-11T13:09:25.887025+00:00] main.INFO: Broken reference: the 'breadcrumbs' element cannot be added as child to 'page.breadcrumbs', because the latter doesn't exist [] []
[2025-08-11T13:09:25.887132+00:00] main.INFO: Broken reference: the 'formkey' element cannot be added as child to 'page.formkey', because the latter doesn't exist [] []
[2025-08-11T13:09:25.887238+00:00] main.INFO: Broken reference: the 'page.title' element cannot be added as child to 'main.top', because the latter doesn't exist [] []
[2025-08-11T13:09:25.887344+00:00] main.INFO: Broken reference: the 'messages' element cannot be added as child to 'page.messages', because the latter doesn't exist [] []
[2025-08-11T13:09:25.887504+00:00] main.INFO: Broken reference: the 'page.actions.toolbar' element cannot be added as child to 'page.main.actions', because the latter doesn't exist [] []
[2025-08-11T13:09:25.887630+00:00] main.INFO: Broken reference: the 'legal' element cannot be added as child to 'footer', because the latter doesn't exist [] []
[2025-08-11T13:09:25.887943+00:00] main.INFO: Broken reference: the 'header.inner.left' element cannot be added as child to 'header', because the latter doesn't exist [] []
[2025-08-11T13:09:25.888156+00:00] main.INFO: Broken reference: the 'header.inner.right' element cannot be added as child to 'header', because the latter doesn't exist [] []
[2025-08-11T13:09:25.888450+00:00] main.INFO: Broken reference: the 'user' tries to reorder itself towards '', but their parents are different: 'header' and '' respectively. [] []
[2025-08-11T13:09:25.888684+00:00] main.INFO: Broken reference: the 'notification.messages' tries to reorder itself towards 'user', but their parents are different: 'header' and '' respectively. [] []
[2025-08-11T13:09:25.888892+00:00] main.INFO: Broken reference: the 'logo' tries to reorder itself towards '', but their parents are different: 'header' and '' respectively. [] []
[2025-08-11T13:09:25.889105+00:00] main.INFO: Broken reference: the 'global.search' tries to reorder itself towards 'logo', but their parents are different: 'header' and '' respectively. [] []
[2025-08-11T13:09:25.889305+00:00] main.INFO: Broken reference: the 'page.actions.toolbar' tries to reorder itself towards '', but their parents are different: 'page.main.actions' and '' respectively. [] []
[2025-08-11T13:09:25.889557+00:00] main.INFO: Broken reference: the 'header.inner.left' tries to reorder itself towards '', but their parents are different: 'header' and '' respectively. [] []
[2025-08-11T13:09:25.889787+00:00] main.INFO: Broken reference: the 'header.inner.right' tries to reorder itself towards 'header.inner.left', but their parents are different: 'header' and '' respectively. [] []
[2025-08-11T13:09:25.890014+00:00] main.INFO: Broken reference: the 'notification.messages' tries to reorder itself towards 'user', but their parents are different: 'header.inner.right' and '' respectively. [] []
[2025-08-11T13:10:31.435987+00:00] main.INFO: Broken reference: the 'tracking' element cannot be added as child to 'header', because the latter doesn't exist [] []
[2025-08-11T13:10:31.436349+00:00] main.INFO: Broken reference: the 'notification_area' element cannot be added as child to 'notifications', because the latter doesn't exist [] []
[2025-08-11T13:10:31.436521+00:00] main.INFO: Broken reference: the 'unread_system_messages' element cannot be added as child to 'notifications', because the latter doesn't exist [] []
[2025-08-11T13:10:31.436679+00:00] main.INFO: Broken reference: the 'notification_window' element cannot be added as child to 'notifications', because the latter doesn't exist [] []
[2025-08-11T13:10:31.436800+00:00] main.INFO: Broken reference: the 'notification.messages' element cannot be added as child to 'header', because the latter doesn't exist [] []
[2025-08-11T13:10:31.436921+00:00] main.INFO: Broken reference: the 'global_notices' element cannot be added as child to 'global.notices', because the latter doesn't exist [] []
[2025-08-11T13:10:31.437045+00:00] main.INFO: Broken reference: the 'logo' element cannot be added as child to 'header', because the latter doesn't exist [] []
[2025-08-11T13:10:31.437178+00:00] main.INFO: Broken reference: the 'global.search' element cannot be added as child to 'header', because the latter doesn't exist [] []
[2025-08-11T13:10:31.437292+00:00] main.INFO: Broken reference: the 'user' element cannot be added as child to 'header', because the latter doesn't exist [] []
[2025-08-11T13:10:31.437417+00:00] main.INFO: Broken reference: the 'menu' element cannot be added as child to 'page.menu', because the latter doesn't exist [] []
[2025-08-11T13:10:31.437552+00:00] main.INFO: Broken reference: the 'breadcrumbs' element cannot be added as child to 'page.breadcrumbs', because the latter doesn't exist [] []
[2025-08-11T13:10:31.437667+00:00] main.INFO: Broken reference: the 'formkey' element cannot be added as child to 'page.formkey', because the latter doesn't exist [] []
[2025-08-11T13:10:31.437777+00:00] main.INFO: Broken reference: the 'page.title' element cannot be added as child to 'main.top', because the latter doesn't exist [] []
[2025-08-11T13:10:31.437887+00:00] main.INFO: Broken reference: the 'messages' element cannot be added as child to 'page.messages', because the latter doesn't exist [] []
[2025-08-11T13:10:31.437997+00:00] main.INFO: Broken reference: the 'page.actions.toolbar' element cannot be added as child to 'page.main.actions', because the latter doesn't exist [] []
[2025-08-11T13:10:31.438109+00:00] main.INFO: Broken reference: the 'legal' element cannot be added as child to 'footer', because the latter doesn't exist [] []
[2025-08-11T13:10:31.438313+00:00] main.INFO: Broken reference: the 'header.inner.left' element cannot be added as child to 'header', because the latter doesn't exist [] []
[2025-08-11T13:10:31.438435+00:00] main.INFO: Broken reference: the 'header.inner.right' element cannot be added as child to 'header', because the latter doesn't exist [] []
[2025-08-11T13:10:31.438630+00:00] main.INFO: Broken reference: the 'user' tries to reorder itself towards '', but their parents are different: 'header' and '' respectively. [] []
[2025-08-11T13:10:31.438755+00:00] main.INFO: Broken reference: the 'notification.messages' tries to reorder itself towards 'user', but their parents are different: 'header' and '' respectively. [] []
[2025-08-11T13:10:31.438866+00:00] main.INFO: Broken reference: the 'logo' tries to reorder itself towards '', but their parents are different: 'header' and '' respectively. [] []
[2025-08-11T13:10:31.438975+00:00] main.INFO: Broken reference: the 'global.search' tries to reorder itself towards 'logo', but their parents are different: 'header' and '' respectively. [] []
[2025-08-11T13:10:31.439084+00:00] main.INFO: Broken reference: the 'page.actions.toolbar' tries to reorder itself towards '', but their parents are different: 'page.main.actions' and '' respectively. [] []
[2025-08-11T13:10:31.439218+00:00] main.INFO: Broken reference: the 'header.inner.left' tries to reorder itself towards '', but their parents are different: 'header' and '' respectively. [] []
[2025-08-11T13:10:31.439332+00:00] main.INFO: Broken reference: the 'header.inner.right' tries to reorder itself towards 'header.inner.left', but their parents are different: 'header' and '' respectively. [] []
[2025-08-11T13:10:31.439455+00:00] main.INFO: Broken reference: the 'notification.messages' tries to reorder itself towards 'user', but their parents are different: 'header.inner.right' and '' respectively. [] []
[2025-08-11T13:17:52.789502+00:00] main.INFO: Broken reference: the 'tracking' element cannot be added as child to 'header', because the latter doesn't exist [] []
[2025-08-11T13:17:52.789920+00:00] main.INFO: Broken reference: the 'notification_area' element cannot be added as child to 'notifications', because the latter doesn't exist [] []
[2025-08-11T13:17:52.790117+00:00] main.INFO: Broken reference: the 'unread_system_messages' element cannot be added as child to 'notifications', because the latter doesn't exist [] []
[2025-08-11T13:17:52.790297+00:00] main.INFO: Broken reference: the 'notification_window' element cannot be added as child to 'notifications', because the latter doesn't exist [] []
[2025-08-11T13:17:52.790469+00:00] main.INFO: Broken reference: the 'notification.messages' element cannot be added as child to 'header', because the latter doesn't exist [] []
[2025-08-11T13:17:52.790666+00:00] main.INFO: Broken reference: the 'global_notices' element cannot be added as child to 'global.notices', because the latter doesn't exist [] []
[2025-08-11T13:17:52.790835+00:00] main.INFO: Broken reference: the 'logo' element cannot be added as child to 'header', because the latter doesn't exist [] []
[2025-08-11T13:17:52.791003+00:00] main.INFO: Broken reference: the 'global.search' element cannot be added as child to 'header', because the latter doesn't exist [] []
[2025-08-11T13:17:52.791171+00:00] main.INFO: Broken reference: the 'user' element cannot be added as child to 'header', because the latter doesn't exist [] []
[2025-08-11T13:17:52.791341+00:00] main.INFO: Broken reference: the 'menu' element cannot be added as child to 'page.menu', because the latter doesn't exist [] []
[2025-08-11T13:17:52.791521+00:00] main.INFO: Broken reference: the 'breadcrumbs' element cannot be added as child to 'page.breadcrumbs', because the latter doesn't exist [] []
[2025-08-11T13:17:52.791693+00:00] main.INFO: Broken reference: the 'formkey' element cannot be added as child to 'page.formkey', because the latter doesn't exist [] []
[2025-08-11T13:17:52.791859+00:00] main.INFO: Broken reference: the 'page.title' element cannot be added as child to 'main.top', because the latter doesn't exist [] []
[2025-08-11T13:17:52.792027+00:00] main.INFO: Broken reference: the 'messages' element cannot be added as child to 'page.messages', because the latter doesn't exist [] []
[2025-08-11T13:17:52.792192+00:00] main.INFO: Broken reference: the 'page.actions.toolbar' element cannot be added as child to 'page.main.actions', because the latter doesn't exist [] []
[2025-08-11T13:17:52.792374+00:00] main.INFO: Broken reference: the 'legal' element cannot be added as child to 'footer', because the latter doesn't exist [] []
[2025-08-11T13:17:52.792718+00:00] main.INFO: Broken reference: the 'header.inner.left' element cannot be added as child to 'header', because the latter doesn't exist [] []
[2025-08-11T13:17:52.792937+00:00] main.INFO: Broken reference: the 'header.inner.right' element cannot be added as child to 'header', because the latter doesn't exist [] []
[2025-08-11T13:17:52.793156+00:00] main.INFO: Broken reference: the 'user' tries to reorder itself towards '', but their parents are different: 'header' and '' respectively. [] []
[2025-08-11T13:17:52.793327+00:00] main.INFO: Broken reference: the 'notification.messages' tries to reorder itself towards 'user', but their parents are different: 'header' and '' respectively. [] []
[2025-08-11T13:17:52.793503+00:00] main.INFO: Broken reference: the 'logo' tries to reorder itself towards '', but their parents are different: 'header' and '' respectively. [] []
[2025-08-11T13:17:52.793673+00:00] main.INFO: Broken reference: the 'global.search' tries to reorder itself towards 'logo', but their parents are different: 'header' and '' respectively. [] []
[2025-08-11T13:17:52.793831+00:00] main.INFO: Broken reference: the 'page.actions.toolbar' tries to reorder itself towards '', but their parents are different: 'page.main.actions' and '' respectively. [] []
[2025-08-11T13:17:52.794026+00:00] main.INFO: Broken reference: the 'header.inner.left' tries to reorder itself towards '', but their parents are different: 'header' and '' respectively. [] []
[2025-08-11T13:17:52.794188+00:00] main.INFO: Broken reference: the 'header.inner.right' tries to reorder itself towards 'header.inner.left', but their parents are different: 'header' and '' respectively. [] []
[2025-08-11T13:17:52.794362+00:00] main.INFO: Broken reference: the 'notification.messages' tries to reorder itself towards 'user', but their parents are different: 'header.inner.right' and '' respectively. [] []
[2025-08-11T13:17:53.627877+00:00] main.INFO: Broken reference: the 'tracking' element cannot be added as child to 'header', because the latter doesn't exist [] []
[2025-08-11T13:17:53.628252+00:00] main.INFO: Broken reference: the 'notification_area' element cannot be added as child to 'notifications', because the latter doesn't exist [] []
[2025-08-11T13:17:53.628443+00:00] main.INFO: Broken reference: the 'unread_system_messages' element cannot be added as child to 'notifications', because the latter doesn't exist [] []
[2025-08-11T13:17:53.628632+00:00] main.INFO: Broken reference: the 'notification_window' element cannot be added as child to 'notifications', because the latter doesn't exist [] []
[2025-08-11T13:17:53.628796+00:00] main.INFO: Broken reference: the 'notification.messages' element cannot be added as child to 'header', because the latter doesn't exist [] []
[2025-08-11T13:17:53.628966+00:00] main.INFO: Broken reference: the 'global_notices' element cannot be added as child to 'global.notices', because the latter doesn't exist [] []
[2025-08-11T13:17:53.629127+00:00] main.INFO: Broken reference: the 'logo' element cannot be added as child to 'header', because the latter doesn't exist [] []
[2025-08-11T13:17:53.629288+00:00] main.INFO: Broken reference: the 'global.search' element cannot be added as child to 'header', because the latter doesn't exist [] []
[2025-08-11T13:17:53.629445+00:00] main.INFO: Broken reference: the 'user' element cannot be added as child to 'header', because the latter doesn't exist [] []
[2025-08-11T13:17:53.629619+00:00] main.INFO: Broken reference: the 'menu' element cannot be added as child to 'page.menu', because the latter doesn't exist [] []
[2025-08-11T13:17:53.629777+00:00] main.INFO: Broken reference: the 'breadcrumbs' element cannot be added as child to 'page.breadcrumbs', because the latter doesn't exist [] []
[2025-08-11T13:17:53.629985+00:00] main.INFO: Broken reference: the 'formkey' element cannot be added as child to 'page.formkey', because the latter doesn't exist [] []
[2025-08-11T13:17:53.630142+00:00] main.INFO: Broken reference: the 'page.title' element cannot be added as child to 'main.top', because the latter doesn't exist [] []
[2025-08-11T13:17:53.630305+00:00] main.INFO: Broken reference: the 'messages' element cannot be added as child to 'page.messages', because the latter doesn't exist [] []
[2025-08-11T13:17:53.630462+00:00] main.INFO: Broken reference: the 'page.actions.toolbar' element cannot be added as child to 'page.main.actions', because the latter doesn't exist [] []
[2025-08-11T13:17:53.630641+00:00] main.INFO: Broken reference: the 'legal' element cannot be added as child to 'footer', because the latter doesn't exist [] []
[2025-08-11T13:17:53.630945+00:00] main.INFO: Broken reference: the 'header.inner.left' element cannot be added as child to 'header', because the latter doesn't exist [] []
[2025-08-11T13:17:53.631114+00:00] main.INFO: Broken reference: the 'header.inner.right' element cannot be added as child to 'header', because the latter doesn't exist [] []
[2025-08-11T13:17:53.631366+00:00] main.INFO: Broken reference: the 'user' tries to reorder itself towards '', but their parents are different: 'header' and '' respectively. [] []
[2025-08-11T13:17:53.631549+00:00] main.INFO: Broken reference: the 'notification.messages' tries to reorder itself towards 'user', but their parents are different: 'header' and '' respectively. [] []
[2025-08-11T13:17:53.631716+00:00] main.INFO: Broken reference: the 'logo' tries to reorder itself towards '', but their parents are different: 'header' and '' respectively. [] []
[2025-08-11T13:17:53.631873+00:00] main.INFO: Broken reference: the 'global.search' tries to reorder itself towards 'logo', but their parents are different: 'header' and '' respectively. [] []
[2025-08-11T13:17:53.632028+00:00] main.INFO: Broken reference: the 'page.actions.toolbar' tries to reorder itself towards '', but their parents are different: 'page.main.actions' and '' respectively. [] []
[2025-08-11T13:17:53.632220+00:00] main.INFO: Broken reference: the 'header.inner.left' tries to reorder itself towards '', but their parents are different: 'header' and '' respectively. [] []
[2025-08-11T13:17:53.632380+00:00] main.INFO: Broken reference: the 'header.inner.right' tries to reorder itself towards 'header.inner.left', but their parents are different: 'header' and '' respectively. [] []
[2025-08-11T13:17:53.632567+00:00] main.INFO: Broken reference: the 'notification.messages' tries to reorder itself towards 'user', but their parents are different: 'header.inner.right' and '' respectively. [] []
[2025-08-11T13:18:15.097344+00:00] main.INFO: Broken reference: the 'notification.messages' tries to reorder itself towards 'user', but their parents are different: 'header.inner.right' and 'header' respectively. [] []
[2025-08-11T13:18:25.367832+00:00] main.INFO: Broken reference: the 'notification.messages' tries to reorder itself towards 'user', but their parents are different: 'header.inner.right' and 'header' respectively. [] []
[2025-08-11T13:18:29.858965+00:00] main.INFO: Broken reference: the 'notification.messages' tries to reorder itself towards 'user', but their parents are different: 'header.inner.right' and 'header' respectively. [] []
[2025-08-11T13:18:51.396571+00:00] main.INFO: Broken reference: the 'notification.messages' tries to reorder itself towards 'user', but their parents are different: 'header.inner.right' and 'header' respectively. [] []
[2025-08-11T13:18:55.026247+00:00] main.INFO: Broken reference: the 'notification.messages' tries to reorder itself towards 'user', but their parents are different: 'header.inner.right' and 'header' respectively. [] []
[2025-08-11T13:19:06.650200+00:00] main.INFO: Broken reference: the 'notification.messages' tries to reorder itself towards 'user', but their parents are different: 'header.inner.right' and 'header' respectively. [] []
[2025-08-11T13:19:09.788521+00:00] main.INFO: Broken reference: the 'news.category.navigation' tries to reorder itself towards 'catalog.topnav', but their parents are different: 'page.top' and 'store.menu' respectively. [] []
[2025-08-11T13:19:09.971531+00:00] main.ERROR: Braintree\Configuration::merchantId needs to be set (or accessToken needs to be passed to Braintree\Gateway). [] []
[2025-08-11T13:19:10.035903+00:00] main.ERROR: Error getting hierarchical categories: SQLSTATE[42S22]: Column not found: 1054 Unknown column 'status' in 'WHERE', query was: SELECT `main_table`.* FROM `news_category` AS `main_table` WHERE (`status` = '1') ORDER BY `level` ASC, sort_order ASC, category_name ASC
 [] []
[2025-08-11T13:19:18.537178+00:00] main.INFO: Broken reference: the 'catalog.compare.sidebar' element cannot be added as child to 'sidebar.additional', because the latter doesn't exist [] []
[2025-08-11T13:19:18.537859+00:00] main.INFO: Broken reference: the 'sale.reorder.sidebar' element cannot be added as child to 'sidebar.additional', because the latter doesn't exist [] []
[2025-08-11T13:19:18.538392+00:00] main.INFO: Broken reference: the 'wishlist_sidebar' element cannot be added as child to 'sidebar.additional', because the latter doesn't exist [] []
[2025-08-11T13:19:18.539332+00:00] main.INFO: Broken reference: the 'news.category.navigation' tries to reorder itself towards 'catalog.topnav', but their parents are different: 'page.top' and 'store.menu' respectively. [] []
[2025-08-11T13:19:18.734921+00:00] main.ERROR: Braintree\Configuration::merchantId needs to be set (or accessToken needs to be passed to Braintree\Gateway). [] []
[2025-08-11T13:19:21.221595+00:00] main.INFO: Broken reference: the 'news.category.navigation' tries to reorder itself towards 'catalog.topnav', but their parents are different: 'page.top' and 'store.menu' respectively. [] []
[2025-08-11T13:19:21.337124+00:00] main.ERROR: Braintree\Configuration::merchantId needs to be set (or accessToken needs to be passed to Braintree\Gateway). [] []
[2025-08-11T13:19:21.363136+00:00] main.ERROR: Error getting hierarchical categories: SQLSTATE[42S22]: Column not found: 1054 Unknown column 'status' in 'WHERE', query was: SELECT `main_table`.* FROM `news_category` AS `main_table` WHERE (`status` = '1') ORDER BY `level` ASC, sort_order ASC, category_name ASC
 [] []
[2025-08-11T13:19:25.290431+00:00] main.INFO: Broken reference: the 'notification.messages' tries to reorder itself towards 'user', but their parents are different: 'header.inner.right' and 'header' respectively. [] []
[2025-08-11T13:19:41.085021+00:00] main.INFO: Broken reference: the 'notification.messages' tries to reorder itself towards 'user', but their parents are different: 'header.inner.right' and 'header' respectively. [] []
[2025-08-11T13:19:50.818757+00:00] main.INFO: Broken reference: the 'notification.messages' tries to reorder itself towards 'user', but their parents are different: 'header.inner.right' and 'header' respectively. [] []
[2025-08-11T13:19:53.342179+00:00] main.INFO: Broken reference: the 'notification.messages' tries to reorder itself towards 'user', but their parents are different: 'header.inner.right' and 'header' respectively. [] []
[2025-08-11T13:20:13.180407+00:00] main.INFO: Saving categories for news 1: ["1","2"] [] []
[2025-08-11T13:20:13.181154+00:00] main.INFO: Deleted existing category associations for news 1 [] []
[2025-08-11T13:20:13.182544+00:00] main.INFO: Inserted new category associations for news 1 [] []
[2025-08-11T13:20:13.387430+00:00] main.INFO: Broken reference: the 'notification.messages' tries to reorder itself towards 'user', but their parents are different: 'header.inner.right' and 'header' respectively. [] []
[2025-08-11T13:20:13.515715+00:00] main.INFO: Category IDs for news 1: ["1","2"] [] []
[2025-08-11T13:20:13.517016+00:00] main.INFO: Category Paths for news 1: ["cat 1","cat2"] [] []
[2025-08-11T13:20:14.252801+00:00] main.INFO: Category IDs for news 1: ["1","2"] [] []
[2025-08-11T13:20:14.254381+00:00] main.INFO: Category Paths for news 1: ["cat 1","cat2"] [] []
[2025-08-11T13:20:18.002493+00:00] main.INFO: Broken reference: the 'news.category.navigation' tries to reorder itself towards 'catalog.topnav', but their parents are different: 'page.top' and 'store.menu' respectively. [] []
[2025-08-11T13:20:18.108719+00:00] main.ERROR: Braintree\Configuration::merchantId needs to be set (or accessToken needs to be passed to Braintree\Gateway). [] []
[2025-08-11T13:20:18.134355+00:00] main.ERROR: Error getting hierarchical categories: SQLSTATE[42S22]: Column not found: 1054 Unknown column 'status' in 'WHERE', query was: SELECT `main_table`.* FROM `news_category` AS `main_table` WHERE (`status` = '1') ORDER BY `level` ASC, sort_order ASC, category_name ASC
 [] []
[2025-08-11T13:20:20.522862+00:00] main.INFO: Broken reference: the 'news.category.navigation' tries to reorder itself towards 'catalog.topnav', but their parents are different: 'page.top' and 'store.menu' respectively. [] []
[2025-08-11T13:20:20.635103+00:00] main.ERROR: Braintree\Configuration::merchantId needs to be set (or accessToken needs to be passed to Braintree\Gateway). [] []
[2025-08-11T13:20:20.666176+00:00] main.ERROR: Error getting related news: SQLSTATE[42S22]: Column not found: 1054 Unknown column 'n.id' in 'SELECT', query was: SELECT `n`.`id`, `n`.`news_title`, `n`.`excerpt`, `n`.`created_at`, `n`.`slug`, `n`.`featured_image` FROM `news_news` AS `n`
 INNER JOIN `news_news_category` AS `nc` ON n.id = nc.news_id WHERE (nc.category_id IN ('1', '2')) AND (n.id != '1') AND (n.news_status = 1) GROUP BY `n`.`id` ORDER BY `n`.`created_at` DESC
 LIMIT 4 [] []
[2025-08-11T13:20:26.218920+00:00] main.INFO: Broken reference: the 'news.category.navigation' tries to reorder itself towards 'catalog.topnav', but their parents are different: 'page.top' and 'store.menu' respectively. [] []
[2025-08-11T13:20:26.354305+00:00] main.ERROR: Braintree\Configuration::merchantId needs to be set (or accessToken needs to be passed to Braintree\Gateway). [] []
[2025-08-11T13:20:26.384732+00:00] main.ERROR: Error getting related news: SQLSTATE[42S22]: Column not found: 1054 Unknown column 'n.id' in 'SELECT', query was: SELECT `n`.`id`, `n`.`news_title`, `n`.`excerpt`, `n`.`created_at`, `n`.`slug`, `n`.`featured_image` FROM `news_news` AS `n`
 INNER JOIN `news_news_category` AS `nc` ON n.id = nc.news_id WHERE (nc.category_id IN ('1', '2')) AND (n.id != '1') AND (n.news_status = 1) GROUP BY `n`.`id` ORDER BY `n`.`created_at` DESC
 LIMIT 4 [] []
[2025-08-11T13:20:27.873344+00:00] main.INFO: Broken reference: the 'catalog.compare.sidebar' element cannot be added as child to 'sidebar.additional', because the latter doesn't exist [] []
[2025-08-11T13:20:27.873710+00:00] main.INFO: Broken reference: the 'sale.reorder.sidebar' element cannot be added as child to 'sidebar.additional', because the latter doesn't exist [] []
[2025-08-11T13:20:27.874020+00:00] main.INFO: Broken reference: the 'wishlist_sidebar' element cannot be added as child to 'sidebar.additional', because the latter doesn't exist [] []
[2025-08-11T13:20:27.874334+00:00] main.INFO: Broken reference: the 'news.category.navigation' tries to reorder itself towards 'catalog.topnav', but their parents are different: 'page.top' and 'store.menu' respectively. [] []
[2025-08-11T13:20:27.973123+00:00] main.ERROR: Braintree\Configuration::merchantId needs to be set (or accessToken needs to be passed to Braintree\Gateway). [] []
[2025-08-11T13:20:30.392218+00:00] main.INFO: Broken reference: the 'news.category.navigation' tries to reorder itself towards 'catalog.topnav', but their parents are different: 'page.top' and 'store.menu' respectively. [] []
[2025-08-11T13:20:30.495538+00:00] main.ERROR: Braintree\Configuration::merchantId needs to be set (or accessToken needs to be passed to Braintree\Gateway). [] []
[2025-08-11T13:20:30.525279+00:00] main.ERROR: Error getting related news: SQLSTATE[42S22]: Column not found: 1054 Unknown column 'n.id' in 'SELECT', query was: SELECT `n`.`id`, `n`.`news_title`, `n`.`excerpt`, `n`.`created_at`, `n`.`slug`, `n`.`featured_image` FROM `news_news` AS `n`
 INNER JOIN `news_news_category` AS `nc` ON n.id = nc.news_id WHERE (nc.category_id IN ('1', '2')) AND (n.id != '1') AND (n.news_status = 1) GROUP BY `n`.`id` ORDER BY `n`.`created_at` DESC
 LIMIT 4 [] []
[2025-08-11T13:20:44.910405+00:00] main.INFO: Broken reference: the 'news.category.navigation' tries to reorder itself towards 'catalog.topnav', but their parents are different: 'page.top' and 'store.menu' respectively. [] []
[2025-08-11T13:20:45.006681+00:00] main.ERROR: Braintree\Configuration::merchantId needs to be set (or accessToken needs to be passed to Braintree\Gateway). [] []
[2025-08-11T13:20:45.033147+00:00] main.ERROR: Error getting related news: SQLSTATE[42S22]: Column not found: 1054 Unknown column 'n.id' in 'SELECT', query was: SELECT `n`.`id`, `n`.`news_title`, `n`.`excerpt`, `n`.`created_at`, `n`.`slug`, `n`.`featured_image` FROM `news_news` AS `n`
 INNER JOIN `news_news_category` AS `nc` ON n.id = nc.news_id WHERE (nc.category_id IN ('1', '2')) AND (n.id != '1') AND (n.news_status = 1) GROUP BY `n`.`id` ORDER BY `n`.`created_at` DESC
 LIMIT 4 [] []
[2025-08-11T13:20:50.531526+00:00] main.INFO: Broken reference: the 'news.category.navigation' tries to reorder itself towards 'catalog.topnav', but their parents are different: 'page.top' and 'store.menu' respectively. [] []
[2025-08-11T13:20:50.628735+00:00] main.ERROR: Braintree\Configuration::merchantId needs to be set (or accessToken needs to be passed to Braintree\Gateway). [] []
[2025-08-11T13:20:50.655295+00:00] main.ERROR: Error getting related news: SQLSTATE[42S22]: Column not found: 1054 Unknown column 'n.id' in 'SELECT', query was: SELECT `n`.`id`, `n`.`news_title`, `n`.`excerpt`, `n`.`created_at`, `n`.`slug`, `n`.`featured_image` FROM `news_news` AS `n`
 INNER JOIN `news_news_category` AS `nc` ON n.id = nc.news_id WHERE (nc.category_id IN ('1', '2')) AND (n.id != '1') AND (n.news_status = 1) GROUP BY `n`.`id` ORDER BY `n`.`created_at` DESC
 LIMIT 4 [] []
[2025-08-11T13:20:58.450647+00:00] main.INFO: Broken reference: the 'notification.messages' tries to reorder itself towards 'user', but their parents are different: 'header.inner.right' and 'header' respectively. [] []
[2025-08-11T13:21:12.038658+00:00] main.INFO: Broken reference: the 'news.category.navigation' tries to reorder itself towards 'catalog.topnav', but their parents are different: 'page.top' and 'store.menu' respectively. [] []
[2025-08-11T13:21:12.150186+00:00] main.ERROR: Braintree\Configuration::merchantId needs to be set (or accessToken needs to be passed to Braintree\Gateway). [] []
[2025-08-11T13:21:12.178936+00:00] main.ERROR: Error getting related news: SQLSTATE[42S22]: Column not found: 1054 Unknown column 'n.id' in 'SELECT', query was: SELECT `n`.`id`, `n`.`news_title`, `n`.`excerpt`, `n`.`created_at`, `n`.`slug`, `n`.`featured_image` FROM `news_news` AS `n`
 INNER JOIN `news_news_category` AS `nc` ON n.id = nc.news_id WHERE (nc.category_id IN ('1', '2')) AND (n.id != '1') AND (n.news_status = 1) GROUP BY `n`.`id` ORDER BY `n`.`created_at` DESC
 LIMIT 4 [] []
[2025-08-11T13:21:21.089701+00:00] main.INFO: Saving categories for news 2: ["1"] [] []
[2025-08-11T13:21:21.090325+00:00] main.INFO: Deleted existing category associations for news 2 [] []
[2025-08-11T13:21:21.091788+00:00] main.INFO: Inserted new category associations for news 2 [] []
[2025-08-11T13:21:21.294496+00:00] main.INFO: Broken reference: the 'notification.messages' tries to reorder itself towards 'user', but their parents are different: 'header.inner.right' and 'header' respectively. [] []
[2025-08-11T13:21:21.425120+00:00] main.INFO: Category IDs for news 1: ["1","2"] [] []
[2025-08-11T13:21:21.426653+00:00] main.INFO: Category Paths for news 1: ["cat 1","cat2"] [] []
[2025-08-11T13:21:21.427271+00:00] main.INFO: Category IDs for news 2: ["1"] [] []
[2025-08-11T13:21:21.427957+00:00] main.INFO: Category Paths for news 2: ["cat 1"] [] []
[2025-08-11T13:21:22.605788+00:00] main.INFO: Category IDs for news 1: ["1","2"] [] []
[2025-08-11T13:21:22.607618+00:00] main.INFO: Category Paths for news 1: ["cat 1","cat2"] [] []
[2025-08-11T13:21:22.608542+00:00] main.INFO: Category IDs for news 2: ["1"] [] []
[2025-08-11T13:21:22.609440+00:00] main.INFO: Category Paths for news 2: ["cat 1"] [] []
[2025-08-11T13:21:33.733084+00:00] main.INFO: Broken reference: the 'catalog.compare.sidebar' element cannot be added as child to 'sidebar.additional', because the latter doesn't exist [] []
[2025-08-11T13:21:33.733512+00:00] main.INFO: Broken reference: the 'sale.reorder.sidebar' element cannot be added as child to 'sidebar.additional', because the latter doesn't exist [] []
[2025-08-11T13:21:33.733848+00:00] main.INFO: Broken reference: the 'wishlist_sidebar' element cannot be added as child to 'sidebar.additional', because the latter doesn't exist [] []
[2025-08-11T13:21:33.734252+00:00] main.INFO: Broken reference: the 'news.category.navigation' tries to reorder itself towards 'catalog.topnav', but their parents are different: 'page.top' and 'store.menu' respectively. [] []
[2025-08-11T13:21:33.832260+00:00] main.ERROR: Braintree\Configuration::merchantId needs to be set (or accessToken needs to be passed to Braintree\Gateway). [] []
[2025-08-11T13:21:47.537710+00:00] main.INFO: Broken reference: the 'notification.messages' tries to reorder itself towards 'user', but their parents are different: 'header.inner.right' and 'header' respectively. [] []
[2025-08-11T13:21:47.668371+00:00] main.INFO: Category IDs for news 1: ["1","2"] [] []
[2025-08-11T13:21:47.669955+00:00] main.INFO: Category Paths for news 1: ["cat 1","cat2"] [] []
[2025-08-11T13:21:47.670584+00:00] main.INFO: Category IDs for news 2: ["1"] [] []
[2025-08-11T13:21:47.671292+00:00] main.INFO: Category Paths for news 2: ["cat 1"] [] []
[2025-08-11T13:21:48.908749+00:00] main.INFO: Category IDs for news 1: ["1","2"] [] []
[2025-08-11T13:21:48.910389+00:00] main.INFO: Category Paths for news 1: ["cat 1","cat2"] [] []
[2025-08-11T13:21:48.911033+00:00] main.INFO: Category IDs for news 2: ["1"] [] []
[2025-08-11T13:21:48.911803+00:00] main.INFO: Category Paths for news 2: ["cat 1"] [] []
[2025-08-11T13:23:44.622336+00:00] main.INFO: Broken reference: the 'notification.messages' tries to reorder itself towards 'user', but their parents are different: 'header.inner.right' and 'header' respectively. [] []
[2025-08-11T13:24:12.777390+00:00] main.INFO: Broken reference: the 'catalog.compare.sidebar' element cannot be added as child to 'sidebar.additional', because the latter doesn't exist [] []
[2025-08-11T13:24:12.777740+00:00] main.INFO: Broken reference: the 'sale.reorder.sidebar' element cannot be added as child to 'sidebar.additional', because the latter doesn't exist [] []
[2025-08-11T13:24:12.778044+00:00] main.INFO: Broken reference: the 'wishlist_sidebar' element cannot be added as child to 'sidebar.additional', because the latter doesn't exist [] []
[2025-08-11T13:24:12.778348+00:00] main.INFO: Broken reference: the 'news.category.navigation' tries to reorder itself towards 'catalog.topnav', but their parents are different: 'page.top' and 'store.menu' respectively. [] []
[2025-08-11T13:24:12.989199+00:00] main.ERROR: Braintree\Configuration::merchantId needs to be set (or accessToken needs to be passed to Braintree\Gateway). [] []
[2025-08-11T13:24:21.892253+00:00] main.INFO: Broken reference: the 'catalog.compare.sidebar' element cannot be added as child to 'sidebar.additional', because the latter doesn't exist [] []
[2025-08-11T13:24:21.892608+00:00] main.INFO: Broken reference: the 'sale.reorder.sidebar' element cannot be added as child to 'sidebar.additional', because the latter doesn't exist [] []
[2025-08-11T13:24:21.892945+00:00] main.INFO: Broken reference: the 'wishlist_sidebar' element cannot be added as child to 'sidebar.additional', because the latter doesn't exist [] []
[2025-08-11T13:24:21.893251+00:00] main.INFO: Broken reference: the 'news.category.navigation' tries to reorder itself towards 'catalog.topnav', but their parents are different: 'page.top' and 'store.menu' respectively. [] []
[2025-08-11T13:24:21.966573+00:00] main.ERROR: Braintree\Configuration::merchantId needs to be set (or accessToken needs to be passed to Braintree\Gateway). [] []
[2025-08-11T13:24:45.577294+00:00] main.INFO: Broken reference: the 'catalog.compare.sidebar' element cannot be added as child to 'sidebar.additional', because the latter doesn't exist [] []
[2025-08-11T13:24:45.577682+00:00] main.INFO: Broken reference: the 'sale.reorder.sidebar' element cannot be added as child to 'sidebar.additional', because the latter doesn't exist [] []
[2025-08-11T13:24:45.577991+00:00] main.INFO: Broken reference: the 'wishlist_sidebar' element cannot be added as child to 'sidebar.additional', because the latter doesn't exist [] []
[2025-08-11T13:24:45.578303+00:00] main.INFO: Broken reference: the 'news.category.navigation' tries to reorder itself towards 'catalog.topnav', but their parents are different: 'page.top' and 'store.menu' respectively. [] []
[2025-08-11T13:24:45.655972+00:00] main.ERROR: Braintree\Configuration::merchantId needs to be set (or accessToken needs to be passed to Braintree\Gateway). [] []
[2025-08-11T13:25:34.921672+00:00] main.INFO: Broken reference: the 'notification.messages' tries to reorder itself towards 'user', but their parents are different: 'header.inner.right' and 'header' respectively. [] []
[2025-08-11T13:25:48.116605+00:00] main.INFO: Broken reference: the 'notification.messages' tries to reorder itself towards 'user', but their parents are different: 'header.inner.right' and 'header' respectively. [] []
[2025-08-11T13:25:51.040725+00:00] main.INFO: Broken reference: the 'notification.messages' tries to reorder itself towards 'user', but their parents are different: 'header.inner.right' and 'header' respectively. [] []
[2025-08-11T13:26:02.428842+00:00] main.INFO: Broken reference: the 'notification.messages' tries to reorder itself towards 'user', but their parents are different: 'header.inner.right' and 'header' respectively. [] []
[2025-08-11T13:26:51.925510+00:00] main.INFO: Broken reference: the 'news.category.navigation' tries to reorder itself towards 'catalog.topnav', but their parents are different: 'page.top' and 'store.menu' respectively. [] []
[2025-08-11T13:26:52.001621+00:00] main.ERROR: Braintree\Configuration::merchantId needs to be set (or accessToken needs to be passed to Braintree\Gateway). [] []
[2025-08-11T13:26:52.027660+00:00] main.ERROR: Error getting related news: SQLSTATE[42S22]: Column not found: 1054 Unknown column 'n.id' in 'SELECT', query was: SELECT `n`.`id`, `n`.`news_title`, `n`.`excerpt`, `n`.`created_at`, `n`.`slug`, `n`.`featured_image` FROM `news_news` AS `n`
 INNER JOIN `news_news_category` AS `nc` ON n.id = nc.news_id WHERE (nc.category_id IN ('1', '2')) AND (n.id != '1') AND (n.news_status = 1) GROUP BY `n`.`id` ORDER BY `n`.`created_at` DESC
 LIMIT 4 [] []
[2025-08-11T13:26:58.316719+00:00] main.INFO: Broken reference: the 'news.category.navigation' tries to reorder itself towards 'catalog.topnav', but their parents are different: 'page.top' and 'store.menu' respectively. [] []
[2025-08-11T13:26:58.392406+00:00] main.ERROR: Braintree\Configuration::merchantId needs to be set (or accessToken needs to be passed to Braintree\Gateway). [] []
[2025-08-11T13:26:58.417907+00:00] main.ERROR: Error getting related news: SQLSTATE[42S22]: Column not found: 1054 Unknown column 'n.id' in 'SELECT', query was: SELECT `n`.`id`, `n`.`news_title`, `n`.`excerpt`, `n`.`created_at`, `n`.`slug`, `n`.`featured_image` FROM `news_news` AS `n`
 INNER JOIN `news_news_category` AS `nc` ON n.id = nc.news_id WHERE (nc.category_id IN ('1', '2')) AND (n.id != '1') AND (n.news_status = 1) GROUP BY `n`.`id` ORDER BY `n`.`created_at` DESC
 LIMIT 4 [] []
[2025-08-11T13:27:14.017910+00:00] main.INFO: Broken reference: the 'news.category.navigation' tries to reorder itself towards 'catalog.topnav', but their parents are different: 'page.top' and 'store.menu' respectively. [] []
[2025-08-11T13:27:14.108225+00:00] main.ERROR: Braintree\Configuration::merchantId needs to be set (or accessToken needs to be passed to Braintree\Gateway). [] []
[2025-08-11T13:27:14.135340+00:00] main.ERROR: Error getting hierarchical categories: SQLSTATE[42S22]: Column not found: 1054 Unknown column 'status' in 'WHERE', query was: SELECT `main_table`.* FROM `news_category` AS `main_table` WHERE (`status` = '1') ORDER BY `level` ASC, sort_order ASC, category_name ASC
 [] []
[2025-08-11T13:27:22.533277+00:00] main.INFO: Broken reference: the 'catalog.compare.sidebar' element cannot be added as child to 'sidebar.additional', because the latter doesn't exist [] []
[2025-08-11T13:27:22.534129+00:00] main.INFO: Broken reference: the 'sale.reorder.sidebar' element cannot be added as child to 'sidebar.additional', because the latter doesn't exist [] []
[2025-08-11T13:27:22.534920+00:00] main.INFO: Broken reference: the 'wishlist_sidebar' element cannot be added as child to 'sidebar.additional', because the latter doesn't exist [] []
[2025-08-11T13:27:22.535725+00:00] main.INFO: Broken reference: the 'news.category.navigation' tries to reorder itself towards 'catalog.topnav', but their parents are different: 'page.top' and 'store.menu' respectively. [] []
[2025-08-11T13:27:22.628160+00:00] main.ERROR: Braintree\Configuration::merchantId needs to be set (or accessToken needs to be passed to Braintree\Gateway). [] []
[2025-08-11T13:27:37.362009+00:00] main.INFO: Broken reference: the 'catalog.compare.sidebar' element cannot be added as child to 'sidebar.additional', because the latter doesn't exist [] []
[2025-08-11T13:27:37.362353+00:00] main.INFO: Broken reference: the 'sale.reorder.sidebar' element cannot be added as child to 'sidebar.additional', because the latter doesn't exist [] []
[2025-08-11T13:27:37.362676+00:00] main.INFO: Broken reference: the 'wishlist_sidebar' element cannot be added as child to 'sidebar.additional', because the latter doesn't exist [] []
[2025-08-11T13:27:37.362993+00:00] main.INFO: Broken reference: the 'news.category.navigation' tries to reorder itself towards 'catalog.topnav', but their parents are different: 'page.top' and 'store.menu' respectively. [] []
[2025-08-11T13:27:37.435118+00:00] main.ERROR: Braintree\Configuration::merchantId needs to be set (or accessToken needs to be passed to Braintree\Gateway). [] []
[2025-08-11T13:27:53.613339+00:00] main.INFO: Broken reference: the 'news.category.navigation' tries to reorder itself towards 'catalog.topnav', but their parents are different: 'page.top' and 'store.menu' respectively. [] []
[2025-08-11T13:27:53.688919+00:00] main.ERROR: Braintree\Configuration::merchantId needs to be set (or accessToken needs to be passed to Braintree\Gateway). [] []
[2025-08-11T13:27:53.712415+00:00] main.ERROR: Error getting hierarchical categories: SQLSTATE[42S22]: Column not found: 1054 Unknown column 'status' in 'WHERE', query was: SELECT `main_table`.* FROM `news_category` AS `main_table` WHERE (`status` = '1') ORDER BY `level` ASC, sort_order ASC, category_name ASC
 [] []
[2025-08-11T13:29:54.246789+00:00] main.INFO: Broken reference: the 'notification.messages' tries to reorder itself towards 'user', but their parents are different: 'header.inner.right' and 'header' respectively. [] []
[2025-08-11T13:30:26.223232+00:00] main.INFO: Saving categories for news 3: ["1","3","2"] [] []
[2025-08-11T13:30:26.223956+00:00] main.INFO: Deleted existing category associations for news 3 [] []
[2025-08-11T13:30:26.225441+00:00] main.INFO: Inserted new category associations for news 3 [] []
[2025-08-11T13:30:27.173970+00:00] main.INFO: Broken reference: the 'notification.messages' tries to reorder itself towards 'user', but their parents are different: 'header.inner.right' and 'header' respectively. [] []
[2025-08-11T13:30:27.442836+00:00] main.INFO: Category IDs for news 1: ["1","2"] [] []
[2025-08-11T13:30:27.446672+00:00] main.INFO: Category Paths for news 1: ["cat 1","cat2"] [] []
[2025-08-11T13:30:27.447280+00:00] main.INFO: Category IDs for news 2: ["1"] [] []
[2025-08-11T13:30:27.448053+00:00] main.INFO: Category Paths for news 2: ["cat 1"] [] []
[2025-08-11T13:30:27.448829+00:00] main.INFO: Category IDs for news 3: ["1","2","3"] [] []
[2025-08-11T13:30:27.451415+00:00] main.INFO: Category Paths for news 3: ["cat 1","cat2","cat 1 > child of cat 1"] [] []
[2025-08-11T13:30:29.091998+00:00] main.INFO: Category IDs for news 1: ["1","2"] [] []
[2025-08-11T13:30:29.093656+00:00] main.INFO: Category Paths for news 1: ["cat 1","cat2"] [] []
[2025-08-11T13:30:29.094353+00:00] main.INFO: Category IDs for news 2: ["1"] [] []
[2025-08-11T13:30:29.095160+00:00] main.INFO: Category Paths for news 2: ["cat 1"] [] []
[2025-08-11T13:30:29.095845+00:00] main.INFO: Category IDs for news 3: ["1","2","3"] [] []
[2025-08-11T13:30:29.098087+00:00] main.INFO: Category Paths for news 3: ["cat 1","cat2","cat 1 > child of cat 1"] [] []
[2025-08-11T13:30:38.227203+00:00] main.INFO: Broken reference: the 'catalog.compare.sidebar' element cannot be added as child to 'sidebar.additional', because the latter doesn't exist [] []
[2025-08-11T13:30:38.227669+00:00] main.INFO: Broken reference: the 'sale.reorder.sidebar' element cannot be added as child to 'sidebar.additional', because the latter doesn't exist [] []
[2025-08-11T13:30:38.228063+00:00] main.INFO: Broken reference: the 'wishlist_sidebar' element cannot be added as child to 'sidebar.additional', because the latter doesn't exist [] []
[2025-08-11T13:30:38.228434+00:00] main.INFO: Broken reference: the 'news.category.navigation' tries to reorder itself towards 'catalog.topnav', but their parents are different: 'page.top' and 'store.menu' respectively. [] []
[2025-08-11T13:30:38.441699+00:00] main.ERROR: Braintree\Configuration::merchantId needs to be set (or accessToken needs to be passed to Braintree\Gateway). [] []
[2025-08-11T13:30:57.095178+00:00] main.INFO: Broken reference: the 'catalog.compare.sidebar' element cannot be added as child to 'sidebar.additional', because the latter doesn't exist [] []
[2025-08-11T13:30:57.095560+00:00] main.INFO: Broken reference: the 'sale.reorder.sidebar' element cannot be added as child to 'sidebar.additional', because the latter doesn't exist [] []
[2025-08-11T13:30:57.095878+00:00] main.INFO: Broken reference: the 'wishlist_sidebar' element cannot be added as child to 'sidebar.additional', because the latter doesn't exist [] []
[2025-08-11T13:30:57.096191+00:00] main.INFO: Broken reference: the 'news.category.navigation' tries to reorder itself towards 'catalog.topnav', but their parents are different: 'page.top' and 'store.menu' respectively. [] []
[2025-08-11T13:30:57.176506+00:00] main.ERROR: Braintree\Configuration::merchantId needs to be set (or accessToken needs to be passed to Braintree\Gateway). [] []
[2025-08-11T13:31:00.668457+00:00] main.INFO: Broken reference: the 'catalog.compare.sidebar' element cannot be added as child to 'sidebar.additional', because the latter doesn't exist [] []
[2025-08-11T13:31:00.668944+00:00] main.INFO: Broken reference: the 'sale.reorder.sidebar' element cannot be added as child to 'sidebar.additional', because the latter doesn't exist [] []
[2025-08-11T13:31:00.669352+00:00] main.INFO: Broken reference: the 'wishlist_sidebar' element cannot be added as child to 'sidebar.additional', because the latter doesn't exist [] []
[2025-08-11T13:31:00.669844+00:00] main.INFO: Broken reference: the 'news.category.navigation' tries to reorder itself towards 'catalog.topnav', but their parents are different: 'page.top' and 'store.menu' respectively. [] []
[2025-08-11T13:31:00.771877+00:00] main.ERROR: Braintree\Configuration::merchantId needs to be set (or accessToken needs to be passed to Braintree\Gateway). [] []
[2025-08-11T13:31:09.556702+00:00] main.INFO: Broken reference: the 'catalog.compare.sidebar' element cannot be added as child to 'sidebar.additional', because the latter doesn't exist [] []
[2025-08-11T13:31:09.557082+00:00] main.INFO: Broken reference: the 'sale.reorder.sidebar' element cannot be added as child to 'sidebar.additional', because the latter doesn't exist [] []
[2025-08-11T13:31:09.557403+00:00] main.INFO: Broken reference: the 'wishlist_sidebar' element cannot be added as child to 'sidebar.additional', because the latter doesn't exist [] []
[2025-08-11T13:31:09.557753+00:00] main.INFO: Broken reference: the 'news.category.navigation' tries to reorder itself towards 'catalog.topnav', but their parents are different: 'page.top' and 'store.menu' respectively. [] []
[2025-08-11T13:31:09.635039+00:00] main.ERROR: Braintree\Configuration::merchantId needs to be set (or accessToken needs to be passed to Braintree\Gateway). [] []
[2025-08-11T13:31:13.149710+00:00] main.INFO: Broken reference: the 'catalog.compare.sidebar' element cannot be added as child to 'sidebar.additional', because the latter doesn't exist [] []
[2025-08-11T13:31:13.150088+00:00] main.INFO: Broken reference: the 'sale.reorder.sidebar' element cannot be added as child to 'sidebar.additional', because the latter doesn't exist [] []
[2025-08-11T13:31:13.150387+00:00] main.INFO: Broken reference: the 'wishlist_sidebar' element cannot be added as child to 'sidebar.additional', because the latter doesn't exist [] []
[2025-08-11T13:31:13.150790+00:00] main.INFO: Broken reference: the 'news.category.navigation' tries to reorder itself towards 'catalog.topnav', but their parents are different: 'page.top' and 'store.menu' respectively. [] []
[2025-08-11T13:31:13.235112+00:00] main.ERROR: Braintree\Configuration::merchantId needs to be set (or accessToken needs to be passed to Braintree\Gateway). [] []
[2025-08-11T13:34:35.113531+00:00] main.INFO: Broken reference: the 'notification.messages' tries to reorder itself towards 'user', but their parents are different: 'header.inner.right' and 'header' respectively. [] []
[2025-08-11T13:34:39.508947+00:00] main.INFO: Broken reference: the 'notification.messages' tries to reorder itself towards 'user', but their parents are different: 'header.inner.right' and 'header' respectively. [] []
[2025-08-11T13:35:16.803022+00:00] main.INFO: Broken reference: the 'notification.messages' tries to reorder itself towards 'user', but their parents are different: 'header.inner.right' and 'header' respectively. [] []
[2025-08-11T13:35:50.503376+00:00] main.INFO: Broken reference: the 'news.category.navigation' tries to reorder itself towards 'catalog.topnav', but their parents are different: 'page.top' and 'store.menu' respectively. [] []
[2025-08-11T13:35:50.620778+00:00] main.ERROR: Braintree\Configuration::merchantId needs to be set (or accessToken needs to be passed to Braintree\Gateway). [] []
[2025-08-11T13:35:50.647082+00:00] main.ERROR: Error getting hierarchical categories: SQLSTATE[42S22]: Column not found: 1054 Unknown column 'status' in 'WHERE', query was: SELECT `main_table`.* FROM `news_category` AS `main_table` WHERE (`status` = '1') ORDER BY `level` ASC, sort_order ASC, category_name ASC
 [] []
[2025-08-11T13:35:53.641203+00:00] main.INFO: Broken reference: the 'news.category.navigation' tries to reorder itself towards 'catalog.topnav', but their parents are different: 'page.top' and 'store.menu' respectively. [] []
[2025-08-11T13:35:53.728382+00:00] main.ERROR: Braintree\Configuration::merchantId needs to be set (or accessToken needs to be passed to Braintree\Gateway). [] []
[2025-08-11T13:35:53.754240+00:00] main.ERROR: Error getting hierarchical categories: SQLSTATE[42S22]: Column not found: 1054 Unknown column 'status' in 'WHERE', query was: SELECT `main_table`.* FROM `news_category` AS `main_table` WHERE (`status` = '1') ORDER BY `level` ASC, sort_order ASC, category_name ASC
 [] []
[2025-08-11T13:45:23.980164+00:00] main.INFO: Broken reference: the 'notification.messages' tries to reorder itself towards 'user', but their parents are different: 'header.inner.right' and 'header' respectively. [] []
[2025-08-11T13:45:48.934726+00:00] main.INFO: Saving categories for news 5: ["1","5","4"] [] []
[2025-08-11T13:45:48.935367+00:00] main.INFO: Deleted existing category associations for news 5 [] []
[2025-08-11T13:45:48.936837+00:00] main.INFO: Inserted new category associations for news 5 [] []
[2025-08-11T13:45:49.037490+00:00] main.INFO: Broken reference: the 'notification.messages' tries to reorder itself towards 'user', but their parents are different: 'header.inner.right' and 'header' respectively. [] []
[2025-08-11T13:45:49.136626+00:00] main.INFO: Category IDs for news 1: ["1","2","6"] [] []
[2025-08-11T13:45:49.138657+00:00] main.INFO: Category Paths for news 1: ["cat 1","cat2","testupdateskjafjkdfjkfdkjsajdfsfdsfsdfsda\u0627\u0644\u062a\u0627\u0644\u0627\u0644\u0627\u062a\u0644kfasjkfjaha"] [] []
[2025-08-11T13:45:49.139363+00:00] main.INFO: Category IDs for news 2: ["1"] [] []
[2025-08-11T13:45:49.140236+00:00] main.INFO: Category Paths for news 2: ["cat 1"] [] []
[2025-08-11T13:45:49.140981+00:00] main.INFO: Category IDs for news 3: ["1","2","3"] [] []
[2025-08-11T13:45:49.143862+00:00] main.INFO: Category Paths for news 3: ["cat 1","cat2","cat 1 > child of cat 1"] [] []
[2025-08-11T13:45:49.144572+00:00] main.INFO: Category IDs for news 4: ["1","2"] [] []
[2025-08-11T13:45:49.146019+00:00] main.INFO: Category Paths for news 4: ["cat 1","cat2"] [] []
[2025-08-11T13:45:49.146936+00:00] main.INFO: Category IDs for news 5: ["1","4","5"] [] []
[2025-08-11T13:45:49.150705+00:00] main.INFO: Category Paths for news 5: ["cat 1","cat2 > child of cat 2","cat 3"] [] []
[2025-08-11T13:45:49.841606+00:00] main.INFO: Category IDs for news 1: ["1","2","6"] [] []
[2025-08-11T13:45:49.843757+00:00] main.INFO: Category Paths for news 1: ["cat 1","cat2","testupdateskjafjkdfjkfdkjsajdfsfdsfsdfsda\u0627\u0644\u062a\u0627\u0644\u0627\u0644\u0627\u062a\u0644kfasjkfjaha"] [] []
[2025-08-11T13:45:49.844468+00:00] main.INFO: Category IDs for news 2: ["1"] [] []
[2025-08-11T13:45:49.845411+00:00] main.INFO: Category Paths for news 2: ["cat 1"] [] []
[2025-08-11T13:45:49.846264+00:00] main.INFO: Category IDs for news 3: ["1","2","3"] [] []
[2025-08-11T13:45:49.849189+00:00] main.INFO: Category Paths for news 3: ["cat 1","cat2","cat 1 > child of cat 1"] [] []
[2025-08-11T13:45:49.849908+00:00] main.INFO: Category IDs for news 4: ["1","2"] [] []
[2025-08-11T13:45:49.851157+00:00] main.INFO: Category Paths for news 4: ["cat 1","cat2"] [] []
[2025-08-11T13:45:49.851950+00:00] main.INFO: Category IDs for news 5: ["1","4","5"] [] []
[2025-08-11T13:45:49.854929+00:00] main.INFO: Category Paths for news 5: ["cat 1","cat2 > child of cat 2","cat 3"] [] []
[2025-08-11T13:45:54.555441+00:00] main.INFO: Broken reference: the 'news.category.navigation' tries to reorder itself towards 'catalog.topnav', but their parents are different: 'page.top' and 'store.menu' respectively. [] []
[2025-08-11T13:45:54.676367+00:00] main.ERROR: Braintree\Configuration::merchantId needs to be set (or accessToken needs to be passed to Braintree\Gateway). [] []
[2025-08-11T13:45:54.700852+00:00] main.ERROR: Error getting hierarchical categories: SQLSTATE[42S22]: Column not found: 1054 Unknown column 'status' in 'WHERE', query was: SELECT `main_table`.* FROM `news_category` AS `main_table` WHERE (`status` = '1') ORDER BY `level` ASC, sort_order ASC, category_name ASC
 [] []
[2025-08-11T13:45:59.605899+00:00] main.INFO: Broken reference: the 'notification.messages' tries to reorder itself towards 'user', but their parents are different: 'header.inner.right' and 'header' respectively. [] []
[2025-08-11T13:46:09.623877+00:00] main.INFO: Saving categories for news 6: ["5","4"] [] []
[2025-08-11T13:46:09.624512+00:00] main.INFO: Deleted existing category associations for news 6 [] []
[2025-08-11T13:46:09.625946+00:00] main.INFO: Inserted new category associations for news 6 [] []
[2025-08-11T13:46:09.730602+00:00] main.INFO: Broken reference: the 'notification.messages' tries to reorder itself towards 'user', but their parents are different: 'header.inner.right' and 'header' respectively. [] []
[2025-08-11T13:46:09.828635+00:00] main.INFO: Category IDs for news 1: ["1","2","6"] [] []
[2025-08-11T13:46:09.830831+00:00] main.INFO: Category Paths for news 1: ["cat 1","cat2","testupdateskjafjkdfjkfdkjsajdfsfdsfsdfsda\u0627\u0644\u062a\u0627\u0644\u0627\u0644\u0627\u062a\u0644kfasjkfjaha"] [] []
[2025-08-11T13:46:09.831407+00:00] main.INFO: Category IDs for news 2: ["1"] [] []
[2025-08-11T13:46:09.832107+00:00] main.INFO: Category Paths for news 2: ["cat 1"] [] []
[2025-08-11T13:46:09.832792+00:00] main.INFO: Category IDs for news 3: ["1","2","3"] [] []
[2025-08-11T13:46:09.835270+00:00] main.INFO: Category Paths for news 3: ["cat 1","cat2","cat 1 > child of cat 1"] [] []
[2025-08-11T13:46:09.835904+00:00] main.INFO: Category IDs for news 4: ["1","2"] [] []
[2025-08-11T13:46:09.837027+00:00] main.INFO: Category Paths for news 4: ["cat 1","cat2"] [] []
[2025-08-11T13:46:09.837764+00:00] main.INFO: Category IDs for news 5: ["1","4","5"] [] []
[2025-08-11T13:46:09.840554+00:00] main.INFO: Category Paths for news 5: ["cat 1","cat2 > child of cat 2","cat 3"] [] []
[2025-08-11T13:46:09.841283+00:00] main.INFO: Category IDs for news 6: ["4","5"] [] []
[2025-08-11T13:46:09.843669+00:00] main.INFO: Category Paths for news 6: ["cat2 > child of cat 2","cat 3"] [] []
[2025-08-11T13:46:10.989302+00:00] main.INFO: Category IDs for news 1: ["1","2","6"] [] []
[2025-08-11T13:46:10.991050+00:00] main.INFO: Category Paths for news 1: ["cat 1","cat2","testupdateskjafjkdfjkfdkjsajdfsfdsfsdfsda\u0627\u0644\u062a\u0627\u0644\u0627\u0644\u0627\u062a\u0644kfasjkfjaha"] [] []
[2025-08-11T13:46:10.991653+00:00] main.INFO: Category IDs for news 2: ["1"] [] []
[2025-08-11T13:46:10.992291+00:00] main.INFO: Category Paths for news 2: ["cat 1"] [] []
[2025-08-11T13:46:10.992865+00:00] main.INFO: Category IDs for news 3: ["1","2","3"] [] []
[2025-08-11T13:46:10.995136+00:00] main.INFO: Category Paths for news 3: ["cat 1","cat2","cat 1 > child of cat 1"] [] []
[2025-08-11T13:46:10.995683+00:00] main.INFO: Category IDs for news 4: ["1","2"] [] []
[2025-08-11T13:46:10.996635+00:00] main.INFO: Category Paths for news 4: ["cat 1","cat2"] [] []
[2025-08-11T13:46:10.997205+00:00] main.INFO: Category IDs for news 5: ["1","4","5"] [] []
[2025-08-11T13:46:10.999537+00:00] main.INFO: Category Paths for news 5: ["cat 1","cat2 > child of cat 2","cat 3"] [] []
[2025-08-11T13:46:11.000100+00:00] main.INFO: Category IDs for news 6: ["4","5"] [] []
[2025-08-11T13:46:11.001898+00:00] main.INFO: Category Paths for news 6: ["cat2 > child of cat 2","cat 3"] [] []
[2025-08-11T13:46:15.009826+00:00] main.INFO: Broken reference: the 'news.category.navigation' tries to reorder itself towards 'catalog.topnav', but their parents are different: 'page.top' and 'store.menu' respectively. [] []
[2025-08-11T13:46:15.082055+00:00] main.ERROR: Braintree\Configuration::merchantId needs to be set (or accessToken needs to be passed to Braintree\Gateway). [] []
[2025-08-11T13:46:15.103408+00:00] main.ERROR: Error getting hierarchical categories: SQLSTATE[42S22]: Column not found: 1054 Unknown column 'status' in 'WHERE', query was: SELECT `main_table`.* FROM `news_category` AS `main_table` WHERE (`status` = '1') ORDER BY `level` ASC, sort_order ASC, category_name ASC
 [] []
[2025-08-11T13:46:52.744975+00:00] main.INFO: Broken reference: the 'news.category.navigation' tries to reorder itself towards 'catalog.topnav', but their parents are different: 'page.top' and 'store.menu' respectively. [] []
[2025-08-11T13:46:52.819251+00:00] main.ERROR: Braintree\Configuration::merchantId needs to be set (or accessToken needs to be passed to Braintree\Gateway). [] []
[2025-08-11T13:46:52.842111+00:00] main.ERROR: Error getting hierarchical categories: SQLSTATE[42S22]: Column not found: 1054 Unknown column 'status' in 'WHERE', query was: SELECT `main_table`.* FROM `news_category` AS `main_table` WHERE (`status` = '1') ORDER BY `level` ASC, sort_order ASC, category_name ASC
 [] []
[2025-08-11T13:46:55.567945+00:00] main.INFO: Broken reference: the 'news.category.navigation' tries to reorder itself towards 'catalog.topnav', but their parents are different: 'page.top' and 'store.menu' respectively. [] []
[2025-08-11T13:46:55.660102+00:00] main.ERROR: Braintree\Configuration::merchantId needs to be set (or accessToken needs to be passed to Braintree\Gateway). [] []
[2025-08-11T13:46:55.685929+00:00] main.ERROR: Error getting hierarchical categories: SQLSTATE[42S22]: Column not found: 1054 Unknown column 'status' in 'WHERE', query was: SELECT `main_table`.* FROM `news_category` AS `main_table` WHERE (`status` = '1') ORDER BY `level` ASC, sort_order ASC, category_name ASC
 [] []
[2025-08-11T13:46:56.338576+00:00] main.INFO: Broken reference: the 'news.category.navigation' tries to reorder itself towards 'catalog.topnav', but their parents are different: 'page.top' and 'store.menu' respectively. [] []
[2025-08-11T13:46:56.401895+00:00] main.ERROR: Braintree\Configuration::merchantId needs to be set (or accessToken needs to be passed to Braintree\Gateway). [] []
[2025-08-11T13:46:56.424034+00:00] main.ERROR: Error getting hierarchical categories: SQLSTATE[42S22]: Column not found: 1054 Unknown column 'status' in 'WHERE', query was: SELECT `main_table`.* FROM `news_category` AS `main_table` WHERE (`status` = '1') ORDER BY `level` ASC, sort_order ASC, category_name ASC
 [] []
[2025-08-11T13:47:35.038456+00:00] main.INFO: Broken reference: the 'catalog.compare.sidebar' element cannot be added as child to 'sidebar.additional', because the latter doesn't exist [] []
[2025-08-11T13:47:35.038819+00:00] main.INFO: Broken reference: the 'sale.reorder.sidebar' element cannot be added as child to 'sidebar.additional', because the latter doesn't exist [] []
[2025-08-11T13:47:35.039121+00:00] main.INFO: Broken reference: the 'wishlist_sidebar' element cannot be added as child to 'sidebar.additional', because the latter doesn't exist [] []
[2025-08-11T13:47:35.039432+00:00] main.INFO: Broken reference: the 'news.category.navigation' tries to reorder itself towards 'catalog.topnav', but their parents are different: 'page.top' and 'store.menu' respectively. [] []
[2025-08-11T13:47:35.150816+00:00] main.ERROR: Braintree\Configuration::merchantId needs to be set (or accessToken needs to be passed to Braintree\Gateway). [] []
[2025-08-11T13:47:37.252689+00:00] main.INFO: Broken reference: the 'catalog.compare.sidebar' element cannot be added as child to 'sidebar.additional', because the latter doesn't exist [] []
[2025-08-11T13:47:37.253036+00:00] main.INFO: Broken reference: the 'sale.reorder.sidebar' element cannot be added as child to 'sidebar.additional', because the latter doesn't exist [] []
[2025-08-11T13:47:37.253352+00:00] main.INFO: Broken reference: the 'wishlist_sidebar' element cannot be added as child to 'sidebar.additional', because the latter doesn't exist [] []
[2025-08-11T13:47:37.253677+00:00] main.INFO: Broken reference: the 'news.category.navigation' tries to reorder itself towards 'catalog.topnav', but their parents are different: 'page.top' and 'store.menu' respectively. [] []
[2025-08-11T13:47:37.332271+00:00] main.ERROR: Braintree\Configuration::merchantId needs to be set (or accessToken needs to be passed to Braintree\Gateway). [] []
[2025-08-11T13:47:40.465243+00:00] main.INFO: Broken reference: the 'catalog.compare.sidebar' element cannot be added as child to 'sidebar.additional', because the latter doesn't exist [] []
[2025-08-11T13:47:40.466536+00:00] main.INFO: Broken reference: the 'sale.reorder.sidebar' element cannot be added as child to 'sidebar.additional', because the latter doesn't exist [] []
[2025-08-11T13:47:40.467078+00:00] main.INFO: Broken reference: the 'wishlist_sidebar' element cannot be added as child to 'sidebar.additional', because the latter doesn't exist [] []
[2025-08-11T13:47:40.467599+00:00] main.INFO: Broken reference: the 'news.category.navigation' tries to reorder itself towards 'catalog.topnav', but their parents are different: 'page.top' and 'store.menu' respectively. [] []
[2025-08-11T13:47:40.570831+00:00] main.ERROR: Braintree\Configuration::merchantId needs to be set (or accessToken needs to be passed to Braintree\Gateway). [] []
[2025-08-11T13:47:57.153763+00:00] main.INFO: Broken reference: the 'news.category.navigation' tries to reorder itself towards 'catalog.topnav', but their parents are different: 'page.top' and 'store.menu' respectively. [] []
[2025-08-11T13:47:57.224659+00:00] main.ERROR: Braintree\Configuration::merchantId needs to be set (or accessToken needs to be passed to Braintree\Gateway). [] []
[2025-08-11T13:47:57.248703+00:00] main.ERROR: Error getting hierarchical categories: SQLSTATE[42S22]: Column not found: 1054 Unknown column 'status' in 'WHERE', query was: SELECT `main_table`.* FROM `news_category` AS `main_table` WHERE (`status` = '1') ORDER BY `level` ASC, sort_order ASC, category_name ASC
 [] []
[2025-08-11T13:47:59.141879+00:00] main.INFO: Broken reference: the 'news.category.navigation' tries to reorder itself towards 'catalog.topnav', but their parents are different: 'page.top' and 'store.menu' respectively. [] []
[2025-08-11T13:47:59.206796+00:00] main.ERROR: Braintree\Configuration::merchantId needs to be set (or accessToken needs to be passed to Braintree\Gateway). [] []
[2025-08-11T13:47:59.227521+00:00] main.ERROR: Error getting hierarchical categories: SQLSTATE[42S22]: Column not found: 1054 Unknown column 'status' in 'WHERE', query was: SELECT `main_table`.* FROM `news_category` AS `main_table` WHERE (`status` = '1') ORDER BY `level` ASC, sort_order ASC, category_name ASC
 [] []
[2025-08-11T13:48:00.497796+00:00] main.INFO: Broken reference: the 'catalog.compare.sidebar' element cannot be added as child to 'sidebar.additional', because the latter doesn't exist [] []
[2025-08-11T13:48:00.498212+00:00] main.INFO: Broken reference: the 'sale.reorder.sidebar' element cannot be added as child to 'sidebar.additional', because the latter doesn't exist [] []
[2025-08-11T13:48:00.498593+00:00] main.INFO: Broken reference: the 'wishlist_sidebar' element cannot be added as child to 'sidebar.additional', because the latter doesn't exist [] []
[2025-08-11T13:48:00.498945+00:00] main.INFO: Broken reference: the 'news.category.navigation' tries to reorder itself towards 'catalog.topnav', but their parents are different: 'page.top' and 'store.menu' respectively. [] []
[2025-08-11T13:48:00.570836+00:00] main.ERROR: Braintree\Configuration::merchantId needs to be set (or accessToken needs to be passed to Braintree\Gateway). [] []
[2025-08-11T13:48:03.512453+00:00] main.INFO: Broken reference: the 'catalog.compare.sidebar' element cannot be added as child to 'sidebar.additional', because the latter doesn't exist [] []
[2025-08-11T13:48:03.512858+00:00] main.INFO: Broken reference: the 'sale.reorder.sidebar' element cannot be added as child to 'sidebar.additional', because the latter doesn't exist [] []
[2025-08-11T13:48:03.513170+00:00] main.INFO: Broken reference: the 'wishlist_sidebar' element cannot be added as child to 'sidebar.additional', because the latter doesn't exist [] []
[2025-08-11T13:48:03.513530+00:00] main.INFO: Broken reference: the 'news.category.navigation' tries to reorder itself towards 'catalog.topnav', but their parents are different: 'page.top' and 'store.menu' respectively. [] []
[2025-08-11T13:48:03.590374+00:00] main.ERROR: Braintree\Configuration::merchantId needs to be set (or accessToken needs to be passed to Braintree\Gateway). [] []
[2025-08-11T14:12:27.203776+00:00] main.INFO: Broken reference: the 'tracking' element cannot be added as child to 'header', because the latter doesn't exist [] []
[2025-08-11T14:12:27.204169+00:00] main.INFO: Broken reference: the 'notification_area' element cannot be added as child to 'notifications', because the latter doesn't exist [] []
[2025-08-11T14:12:27.204359+00:00] main.INFO: Broken reference: the 'unread_system_messages' element cannot be added as child to 'notifications', because the latter doesn't exist [] []
[2025-08-11T14:12:27.204553+00:00] main.INFO: Broken reference: the 'notification_window' element cannot be added as child to 'notifications', because the latter doesn't exist [] []
[2025-08-11T14:12:27.204719+00:00] main.INFO: Broken reference: the 'notification.messages' element cannot be added as child to 'header', because the latter doesn't exist [] []
[2025-08-11T14:12:27.204890+00:00] main.INFO: Broken reference: the 'global_notices' element cannot be added as child to 'global.notices', because the latter doesn't exist [] []
[2025-08-11T14:12:27.205068+00:00] main.INFO: Broken reference: the 'logo' element cannot be added as child to 'header', because the latter doesn't exist [] []
[2025-08-11T14:12:27.205238+00:00] main.INFO: Broken reference: the 'global.search' element cannot be added as child to 'header', because the latter doesn't exist [] []
[2025-08-11T14:12:27.205392+00:00] main.INFO: Broken reference: the 'user' element cannot be added as child to 'header', because the latter doesn't exist [] []
[2025-08-11T14:12:27.205561+00:00] main.INFO: Broken reference: the 'menu' element cannot be added as child to 'page.menu', because the latter doesn't exist [] []
[2025-08-11T14:12:27.205746+00:00] main.INFO: Broken reference: the 'breadcrumbs' element cannot be added as child to 'page.breadcrumbs', because the latter doesn't exist [] []
[2025-08-11T14:12:27.205897+00:00] main.INFO: Broken reference: the 'formkey' element cannot be added as child to 'page.formkey', because the latter doesn't exist [] []
[2025-08-11T14:12:27.206048+00:00] main.INFO: Broken reference: the 'page.title' element cannot be added as child to 'main.top', because the latter doesn't exist [] []
[2025-08-11T14:12:27.206198+00:00] main.INFO: Broken reference: the 'messages' element cannot be added as child to 'page.messages', because the latter doesn't exist [] []
[2025-08-11T14:12:27.206348+00:00] main.INFO: Broken reference: the 'page.actions.toolbar' element cannot be added as child to 'page.main.actions', because the latter doesn't exist [] []
[2025-08-11T14:12:27.206511+00:00] main.INFO: Broken reference: the 'legal' element cannot be added as child to 'footer', because the latter doesn't exist [] []
[2025-08-11T14:12:27.206823+00:00] main.INFO: Broken reference: the 'header.inner.left' element cannot be added as child to 'header', because the latter doesn't exist [] []
[2025-08-11T14:12:27.206987+00:00] main.INFO: Broken reference: the 'header.inner.right' element cannot be added as child to 'header', because the latter doesn't exist [] []
[2025-08-11T14:12:27.207234+00:00] main.INFO: Broken reference: the 'user' tries to reorder itself towards '', but their parents are different: 'header' and '' respectively. [] []
[2025-08-11T14:12:27.207399+00:00] main.INFO: Broken reference: the 'notification.messages' tries to reorder itself towards 'user', but their parents are different: 'header' and '' respectively. [] []
[2025-08-11T14:12:27.207575+00:00] main.INFO: Broken reference: the 'logo' tries to reorder itself towards '', but their parents are different: 'header' and '' respectively. [] []
[2025-08-11T14:12:27.207733+00:00] main.INFO: Broken reference: the 'global.search' tries to reorder itself towards 'logo', but their parents are different: 'header' and '' respectively. [] []
[2025-08-11T14:12:27.207884+00:00] main.INFO: Broken reference: the 'page.actions.toolbar' tries to reorder itself towards '', but their parents are different: 'page.main.actions' and '' respectively. [] []
[2025-08-11T14:12:27.208072+00:00] main.INFO: Broken reference: the 'header.inner.left' tries to reorder itself towards '', but their parents are different: 'header' and '' respectively. [] []
[2025-08-11T14:12:27.208230+00:00] main.INFO: Broken reference: the 'header.inner.right' tries to reorder itself towards 'header.inner.left', but their parents are different: 'header' and '' respectively. [] []
[2025-08-11T14:12:27.208400+00:00] main.INFO: Broken reference: the 'notification.messages' tries to reorder itself towards 'user', but their parents are different: 'header.inner.right' and '' respectively. [] []
[2025-08-11T14:12:37.249518+00:00] main.INFO: Broken reference: the 'tracking' element cannot be added as child to 'header', because the latter doesn't exist [] []
[2025-08-11T14:12:37.249872+00:00] main.INFO: Broken reference: the 'notification_area' element cannot be added as child to 'notifications', because the latter doesn't exist [] []
[2025-08-11T14:12:37.250027+00:00] main.INFO: Broken reference: the 'unread_system_messages' element cannot be added as child to 'notifications', because the latter doesn't exist [] []
[2025-08-11T14:12:37.250160+00:00] main.INFO: Broken reference: the 'notification_window' element cannot be added as child to 'notifications', because the latter doesn't exist [] []
[2025-08-11T14:12:37.250274+00:00] main.INFO: Broken reference: the 'notification.messages' element cannot be added as child to 'header', because the latter doesn't exist [] []
[2025-08-11T14:12:37.250393+00:00] main.INFO: Broken reference: the 'global_notices' element cannot be added as child to 'global.notices', because the latter doesn't exist [] []
[2025-08-11T14:12:37.250517+00:00] main.INFO: Broken reference: the 'logo' element cannot be added as child to 'header', because the latter doesn't exist [] []
[2025-08-11T14:12:37.250636+00:00] main.INFO: Broken reference: the 'global.search' element cannot be added as child to 'header', because the latter doesn't exist [] []
[2025-08-11T14:12:37.250746+00:00] main.INFO: Broken reference: the 'user' element cannot be added as child to 'header', because the latter doesn't exist [] []
[2025-08-11T14:12:37.250856+00:00] main.INFO: Broken reference: the 'menu' element cannot be added as child to 'page.menu', because the latter doesn't exist [] []
[2025-08-11T14:12:37.250963+00:00] main.INFO: Broken reference: the 'breadcrumbs' element cannot be added as child to 'page.breadcrumbs', because the latter doesn't exist [] []
[2025-08-11T14:12:37.251071+00:00] main.INFO: Broken reference: the 'formkey' element cannot be added as child to 'page.formkey', because the latter doesn't exist [] []
[2025-08-11T14:12:37.251178+00:00] main.INFO: Broken reference: the 'page.title' element cannot be added as child to 'main.top', because the latter doesn't exist [] []
[2025-08-11T14:12:37.251287+00:00] main.INFO: Broken reference: the 'messages' element cannot be added as child to 'page.messages', because the latter doesn't exist [] []
[2025-08-11T14:12:37.251398+00:00] main.INFO: Broken reference: the 'page.actions.toolbar' element cannot be added as child to 'page.main.actions', because the latter doesn't exist [] []
[2025-08-11T14:12:37.251580+00:00] main.INFO: Broken reference: the 'legal' element cannot be added as child to 'footer', because the latter doesn't exist [] []
[2025-08-11T14:12:37.251876+00:00] main.INFO: Broken reference: the 'header.inner.left' element cannot be added as child to 'header', because the latter doesn't exist [] []
[2025-08-11T14:12:37.252072+00:00] main.INFO: Broken reference: the 'header.inner.right' element cannot be added as child to 'header', because the latter doesn't exist [] []
[2025-08-11T14:12:37.252322+00:00] main.INFO: Broken reference: the 'user' tries to reorder itself towards '', but their parents are different: 'header' and '' respectively. [] []
[2025-08-11T14:12:37.252536+00:00] main.INFO: Broken reference: the 'notification.messages' tries to reorder itself towards 'user', but their parents are different: 'header' and '' respectively. [] []
[2025-08-11T14:12:37.252735+00:00] main.INFO: Broken reference: the 'logo' tries to reorder itself towards '', but their parents are different: 'header' and '' respectively. [] []
[2025-08-11T14:12:37.252909+00:00] main.INFO: Broken reference: the 'global.search' tries to reorder itself towards 'logo', but their parents are different: 'header' and '' respectively. [] []
[2025-08-11T14:12:37.253025+00:00] main.INFO: Broken reference: the 'page.actions.toolbar' tries to reorder itself towards '', but their parents are different: 'page.main.actions' and '' respectively. [] []
[2025-08-11T14:12:37.253167+00:00] main.INFO: Broken reference: the 'header.inner.left' tries to reorder itself towards '', but their parents are different: 'header' and '' respectively. [] []
[2025-08-11T14:12:37.253281+00:00] main.INFO: Broken reference: the 'header.inner.right' tries to reorder itself towards 'header.inner.left', but their parents are different: 'header' and '' respectively. [] []
[2025-08-11T14:12:37.253417+00:00] main.INFO: Broken reference: the 'notification.messages' tries to reorder itself towards 'user', but their parents are different: 'header.inner.right' and '' respectively. [] []
[2025-08-11T14:12:48.596119+00:00] main.INFO: Broken reference: the 'notification.messages' tries to reorder itself towards 'user', but their parents are different: 'header.inner.right' and 'header' respectively. [] []
[2025-08-11T14:12:55.056736+00:00] main.INFO: Broken reference: the 'notification.messages' tries to reorder itself towards 'user', but their parents are different: 'header.inner.right' and 'header' respectively. [] []
[2025-08-11T14:12:58.347809+00:00] main.INFO: Broken reference: the 'notification.messages' tries to reorder itself towards 'user', but their parents are different: 'header.inner.right' and 'header' respectively. [] []
[2025-08-11T14:13:28.374075+00:00] main.INFO: Broken reference: the 'notification.messages' tries to reorder itself towards 'user', but their parents are different: 'header.inner.right' and 'header' respectively. [] []
[2025-08-11T14:13:51.373172+00:00] main.INFO: Broken reference: the 'catalog.compare.sidebar' element cannot be added as child to 'sidebar.additional', because the latter doesn't exist [] []
[2025-08-11T14:13:51.373539+00:00] main.INFO: Broken reference: the 'sale.reorder.sidebar' element cannot be added as child to 'sidebar.additional', because the latter doesn't exist [] []
[2025-08-11T14:13:51.373850+00:00] main.INFO: Broken reference: the 'wishlist_sidebar' element cannot be added as child to 'sidebar.additional', because the latter doesn't exist [] []
[2025-08-11T14:13:51.374157+00:00] main.INFO: Broken reference: the 'news.category.navigation' tries to reorder itself towards 'catalog.topnav', but their parents are different: 'page.top' and 'store.menu' respectively. [] []
[2025-08-11T14:13:51.519018+00:00] main.ERROR: Braintree\Configuration::merchantId needs to be set (or accessToken needs to be passed to Braintree\Gateway). [] []
[2025-08-11T14:14:07.049955+00:00] main.INFO: Broken reference: the 'notification.messages' tries to reorder itself towards 'user', but their parents are different: 'header.inner.right' and 'header' respectively. [] []
[2025-08-11T14:14:19.691644+00:00] main.INFO: Broken reference: the 'notification.messages' tries to reorder itself towards 'user', but their parents are different: 'header.inner.right' and 'header' respectively. [] []
[2025-08-11T14:14:42.965947+00:00] main.INFO: Broken reference: the 'catalog.compare.sidebar' element cannot be added as child to 'sidebar.additional', because the latter doesn't exist [] []
[2025-08-11T14:14:42.966347+00:00] main.INFO: Broken reference: the 'sale.reorder.sidebar' element cannot be added as child to 'sidebar.additional', because the latter doesn't exist [] []
[2025-08-11T14:14:42.966676+00:00] main.INFO: Broken reference: the 'wishlist_sidebar' element cannot be added as child to 'sidebar.additional', because the latter doesn't exist [] []
[2025-08-11T14:14:42.967001+00:00] main.INFO: Broken reference: the 'news.category.navigation' tries to reorder itself towards 'catalog.topnav', but their parents are different: 'page.top' and 'store.menu' respectively. [] []
[2025-08-11T14:14:43.080580+00:00] main.ERROR: Braintree\Configuration::merchantId needs to be set (or accessToken needs to be passed to Braintree\Gateway). [] []
[2025-08-11T14:14:54.725483+00:00] main.INFO: Broken reference: the 'catalog.compare.sidebar' element cannot be added as child to 'sidebar.additional', because the latter doesn't exist [] []
[2025-08-11T14:14:54.725830+00:00] main.INFO: Broken reference: the 'sale.reorder.sidebar' element cannot be added as child to 'sidebar.additional', because the latter doesn't exist [] []
[2025-08-11T14:14:54.726136+00:00] main.INFO: Broken reference: the 'wishlist_sidebar' element cannot be added as child to 'sidebar.additional', because the latter doesn't exist [] []
[2025-08-11T14:14:54.726484+00:00] main.INFO: Broken reference: the 'news.category.navigation' tries to reorder itself towards 'catalog.topnav', but their parents are different: 'page.top' and 'store.menu' respectively. [] []
[2025-08-11T14:14:54.803635+00:00] main.ERROR: Braintree\Configuration::merchantId needs to be set (or accessToken needs to be passed to Braintree\Gateway). [] []
[2025-08-11T14:15:02.461082+00:00] main.INFO: Broken reference: the 'catalog.compare.sidebar' element cannot be added as child to 'sidebar.additional', because the latter doesn't exist [] []
[2025-08-11T14:15:02.461469+00:00] main.INFO: Broken reference: the 'sale.reorder.sidebar' element cannot be added as child to 'sidebar.additional', because the latter doesn't exist [] []
[2025-08-11T14:15:02.461837+00:00] main.INFO: Broken reference: the 'wishlist_sidebar' element cannot be added as child to 'sidebar.additional', because the latter doesn't exist [] []
[2025-08-11T14:15:02.462158+00:00] main.INFO: Broken reference: the 'news.category.navigation' tries to reorder itself towards 'catalog.topnav', but their parents are different: 'page.top' and 'store.menu' respectively. [] []
[2025-08-11T14:15:02.538793+00:00] main.ERROR: Braintree\Configuration::merchantId needs to be set (or accessToken needs to be passed to Braintree\Gateway). [] []
[2025-08-11T14:15:08.537222+00:00] main.INFO: Broken reference: the 'news.category.navigation' tries to reorder itself towards 'catalog.topnav', but their parents are different: 'page.top' and 'store.menu' respectively. [] []
[2025-08-11T14:15:08.606049+00:00] main.ERROR: Braintree\Configuration::merchantId needs to be set (or accessToken needs to be passed to Braintree\Gateway). [] []
[2025-08-11T14:15:08.636412+00:00] main.ERROR: Error getting related news: SQLSTATE[42S22]: Column not found: 1054 Unknown column 'n.id' in 'SELECT', query was: SELECT `n`.`id`, `n`.`news_title`, `n`.`excerpt`, `n`.`created_at`, `n`.`slug`, `n`.`featured_image` FROM `news_news` AS `n`
 INNER JOIN `news_news_category` AS `nc` ON n.id = nc.news_id WHERE (nc.category_id IN ('1', '4', '5')) AND (n.id != '5') AND (n.news_status = 1) GROUP BY `n`.`id` ORDER BY `n`.`created_at` DESC
 LIMIT 4 [] []
[2025-08-11T14:20:12.193005+00:00] main.ERROR: There are no commands defined in the "moduele" namespace.

Did you mean one of these?
    module
    module:config
#0 /var/www/html/vendor/symfony/console/Application.php(720): Symfony\Component\Console\Application->findNamespace('moduele')
#1 /var/www/html/vendor/symfony/console/Application.php(266): Symfony\Component\Console\Application->find('moduele:status')
#2 /var/www/html/vendor/magento/framework/Console/Cli.php(118): Symfony\Component\Console\Application->doRun(Object(Symfony\Component\Console\Input\ArgvInput), Object(Symfony\Component\Console\Output\ConsoleOutput))
#3 /var/www/html/vendor/symfony/console/Application.php(175): Magento\Framework\Console\Cli->doRun(Object(Symfony\Component\Console\Input\ArgvInput), Object(Symfony\Component\Console\Output\ConsoleOutput))
#4 /var/www/html/bin/magento(23): Symfony\Component\Console\Application->run()
#5 {main} [] []
[2025-08-11T14:20:31.334678+00:00] main.ERROR: There are no commands defined in the "moduele" namespace.

Did you mean one of these?
    module
    module:config
#0 /var/www/html/vendor/symfony/console/Application.php(720): Symfony\Component\Console\Application->findNamespace('moduele')
#1 /var/www/html/vendor/symfony/console/Application.php(266): Symfony\Component\Console\Application->find('moduele:status')
#2 /var/www/html/vendor/magento/framework/Console/Cli.php(118): Symfony\Component\Console\Application->doRun(Object(Symfony\Component\Console\Input\ArgvInput), Object(Symfony\Component\Console\Output\ConsoleOutput))
#3 /var/www/html/vendor/symfony/console/Application.php(175): Magento\Framework\Console\Cli->doRun(Object(Symfony\Component\Console\Input\ArgvInput), Object(Symfony\Component\Console\Output\ConsoleOutput))
#4 /var/www/html/bin/magento(23): Symfony\Component\Console\Application->run()
#5 {main} [] []
[2025-08-11T14:20:49.808963+00:00] main.INFO: Broken reference: the 'catalog.compare.sidebar' element cannot be added as child to 'sidebar.additional', because the latter doesn't exist [] []
[2025-08-11T14:20:49.809396+00:00] main.INFO: Broken reference: the 'sale.reorder.sidebar' element cannot be added as child to 'sidebar.additional', because the latter doesn't exist [] []
[2025-08-11T14:20:49.809915+00:00] main.INFO: Broken reference: the 'wishlist_sidebar' element cannot be added as child to 'sidebar.additional', because the latter doesn't exist [] []
[2025-08-11T14:20:49.810371+00:00] main.INFO: Broken reference: the 'news.category.navigation' tries to reorder itself towards 'catalog.topnav', but their parents are different: 'page.top' and 'store.menu' respectively. [] []
[2025-08-11T14:20:49.900893+00:00] main.ERROR: Braintree\Configuration::merchantId needs to be set (or accessToken needs to be passed to Braintree\Gateway). [] []
[2025-08-11T14:20:52.891653+00:00] main.INFO: Broken reference: the 'catalog.compare.sidebar' element cannot be added as child to 'sidebar.additional', because the latter doesn't exist [] []
[2025-08-11T14:20:52.892093+00:00] main.INFO: Broken reference: the 'sale.reorder.sidebar' element cannot be added as child to 'sidebar.additional', because the latter doesn't exist [] []
[2025-08-11T14:20:52.892588+00:00] main.INFO: Broken reference: the 'wishlist_sidebar' element cannot be added as child to 'sidebar.additional', because the latter doesn't exist [] []
[2025-08-11T14:20:52.893055+00:00] main.INFO: Broken reference: the 'news.category.navigation' tries to reorder itself towards 'catalog.topnav', but their parents are different: 'page.top' and 'store.menu' respectively. [] []
[2025-08-11T14:20:52.981398+00:00] main.ERROR: Braintree\Configuration::merchantId needs to be set (or accessToken needs to be passed to Braintree\Gateway). [] []
[2025-08-11T14:21:08.235130+00:00] main.INFO: Broken reference: the 'news.category.navigation' tries to reorder itself towards 'catalog.topnav', but their parents are different: 'page.top' and 'store.menu' respectively. [] []
[2025-08-11T14:21:08.307242+00:00] main.ERROR: Braintree\Configuration::merchantId needs to be set (or accessToken needs to be passed to Braintree\Gateway). [] []
[2025-08-11T14:21:08.337784+00:00] main.ERROR: Error getting related news: SQLSTATE[42S22]: Column not found: 1054 Unknown column 'n.id' in 'SELECT', query was: SELECT `n`.`id`, `n`.`news_title`, `n`.`excerpt`, `n`.`created_at`, `n`.`slug`, `n`.`featured_image` FROM `news_news` AS `n`
 INNER JOIN `news_news_category` AS `nc` ON n.id = nc.news_id WHERE (nc.category_id IN ('1', '4', '5')) AND (n.id != '5') AND (n.news_status = 1) GROUP BY `n`.`id` ORDER BY `n`.`created_at` DESC
 LIMIT 4 [] []
[2025-08-11T14:21:11.299117+00:00] main.INFO: Broken reference: the 'news.category.navigation' tries to reorder itself towards 'catalog.topnav', but their parents are different: 'page.top' and 'store.menu' respectively. [] []
[2025-08-11T14:21:11.374083+00:00] main.ERROR: Braintree\Configuration::merchantId needs to be set (or accessToken needs to be passed to Braintree\Gateway). [] []
[2025-08-11T14:21:11.404800+00:00] main.ERROR: Error getting related news: SQLSTATE[42S22]: Column not found: 1054 Unknown column 'n.id' in 'SELECT', query was: SELECT `n`.`id`, `n`.`news_title`, `n`.`excerpt`, `n`.`created_at`, `n`.`slug`, `n`.`featured_image` FROM `news_news` AS `n`
 INNER JOIN `news_news_category` AS `nc` ON n.id = nc.news_id WHERE (nc.category_id IN ('1', '4', '5')) AND (n.id != '5') AND (n.news_status = 1) GROUP BY `n`.`id` ORDER BY `n`.`created_at` DESC
 LIMIT 4 [] []
[2025-08-11T14:21:15.825093+00:00] main.INFO: Broken reference: the 'news.category.navigation' tries to reorder itself towards 'catalog.topnav', but their parents are different: 'page.top' and 'store.menu' respectively. [] []
[2025-08-11T14:21:15.901219+00:00] main.ERROR: Braintree\Configuration::merchantId needs to be set (or accessToken needs to be passed to Braintree\Gateway). [] []
[2025-08-11T14:21:15.931674+00:00] main.ERROR: Error getting related news: SQLSTATE[42S22]: Column not found: 1054 Unknown column 'n.id' in 'SELECT', query was: SELECT `n`.`id`, `n`.`news_title`, `n`.`excerpt`, `n`.`created_at`, `n`.`slug`, `n`.`featured_image` FROM `news_news` AS `n`
 INNER JOIN `news_news_category` AS `nc` ON n.id = nc.news_id WHERE (nc.category_id IN ('4', '5')) AND (n.id != '6') AND (n.news_status = 1) GROUP BY `n`.`id` ORDER BY `n`.`created_at` DESC
 LIMIT 4 [] []
[2025-08-11T14:24:48.294518+00:00] main.INFO: Broken reference: the 'notification.messages' tries to reorder itself towards 'user', but their parents are different: 'header.inner.right' and 'header' respectively. [] []
[2025-08-11T14:24:52.543445+00:00] main.INFO: Broken reference: the 'notification.messages' tries to reorder itself towards 'user', but their parents are different: 'header.inner.right' and 'header' respectively. [] []
[2025-08-11T14:24:52.676781+00:00] main.INFO: Category IDs for news 1: ["1","2","6"] [] []
[2025-08-11T14:24:52.678649+00:00] main.INFO: Category Paths for news 1: ["cat 1","cat2","testupdateskjafjkdfjkfdkjsajdfsfdsfsdfsda\u0627\u0644\u062a\u0627\u0644\u0627\u0644\u0627\u062a\u0644kfasjkfjaha"] [] []
[2025-08-11T14:24:52.679252+00:00] main.INFO: Category IDs for news 2: ["1"] [] []
[2025-08-11T14:24:52.679903+00:00] main.INFO: Category Paths for news 2: ["cat 1"] [] []
[2025-08-11T14:24:52.680519+00:00] main.INFO: Category IDs for news 3: ["1","2","3"] [] []
[2025-08-11T14:24:52.683010+00:00] main.INFO: Category Paths for news 3: ["cat 1","cat2","cat 1 > child of cat 1"] [] []
[2025-08-11T14:24:52.683660+00:00] main.INFO: Category IDs for news 4: ["1","2"] [] []
[2025-08-11T14:24:52.684823+00:00] main.INFO: Category Paths for news 4: ["cat 1","cat2"] [] []
[2025-08-11T14:24:52.685466+00:00] main.INFO: Category IDs for news 5: ["1","4","5"] [] []
[2025-08-11T14:24:52.688143+00:00] main.INFO: Category Paths for news 5: ["cat 1","cat2 > child of cat 2","cat 3"] [] []
[2025-08-11T14:24:52.688765+00:00] main.INFO: Category IDs for news 6: ["4","5"] [] []
[2025-08-11T14:24:52.690900+00:00] main.INFO: Category Paths for news 6: ["cat2 > child of cat 2","cat 3"] [] []
[2025-08-11T14:24:53.364505+00:00] main.INFO: Category IDs for news 1: ["1","2","6"] [] []
[2025-08-11T14:24:53.366258+00:00] main.INFO: Category Paths for news 1: ["cat 1","cat2","testupdateskjafjkdfjkfdkjsajdfsfdsfsdfsda\u0627\u0644\u062a\u0627\u0644\u0627\u0644\u0627\u062a\u0644kfasjkfjaha"] [] []
[2025-08-11T14:24:53.366911+00:00] main.INFO: Category IDs for news 2: ["1"] [] []
[2025-08-11T14:24:53.367554+00:00] main.INFO: Category Paths for news 2: ["cat 1"] [] []
[2025-08-11T14:24:53.368140+00:00] main.INFO: Category IDs for news 3: ["1","2","3"] [] []
[2025-08-11T14:24:53.370726+00:00] main.INFO: Category Paths for news 3: ["cat 1","cat2","cat 1 > child of cat 1"] [] []
[2025-08-11T14:24:53.371324+00:00] main.INFO: Category IDs for news 4: ["1","2"] [] []
[2025-08-11T14:24:53.372350+00:00] main.INFO: Category Paths for news 4: ["cat 1","cat2"] [] []
[2025-08-11T14:24:53.372899+00:00] main.INFO: Category IDs for news 5: ["1","4","5"] [] []
[2025-08-11T14:24:53.375031+00:00] main.INFO: Category Paths for news 5: ["cat 1","cat2 > child of cat 2","cat 3"] [] []
[2025-08-11T14:24:53.375641+00:00] main.INFO: Category IDs for news 6: ["4","5"] [] []
[2025-08-11T14:24:53.377586+00:00] main.INFO: Category Paths for news 6: ["cat2 > child of cat 2","cat 3"] [] []
[2025-08-11T14:25:56.853707+00:00] main.ERROR: CategoryGridDataProvider Error: SQLSTATE[42S22]: Column not found: 1054 Unknown column 'fulltext' in 'WHERE', query was: SELECT `main_table`.*, CASE
                WHEN main_table.parent_ids IS NULL OR main_table.parent_ids = "[]" OR main_table.parent_ids = ""
                THEN "Root Category"
                ELSE "Has Parents"
            END AS `parent_name` FROM `news_category` AS `main_table` WHERE (((`fulltext` = '7'))) ORDER BY category_id ASC
 LIMIT 20 [] []
[2025-08-11T14:25:56.853997+00:00] main.ERROR: Stack Trace: #0 /var/www/html/vendor/magento/framework/DB/Statement/Pdo/Mysql.php(89): Magento\Framework\DB\Statement\Pdo\Mysql->tryExecute(Object(Closure))
#1 /var/www/html/vendor/magento/zend-db/library/Zend/Db/Statement.php(313): Magento\Framework\DB\Statement\Pdo\Mysql->_execute(Array)
#2 /var/www/html/vendor/magento/zend-db/library/Zend/Db/Adapter/Abstract.php(480): Zend_Db_Statement->execute(Array)
#3 /var/www/html/vendor/magento/zend-db/library/Zend/Db/Adapter/Pdo/Abstract.php(242): Zend_Db_Adapter_Abstract->query('SELECT `main_ta...', Array)
#4 /var/www/html/vendor/magento/framework/DB/Adapter/Pdo/Mysql.php(614): Zend_Db_Adapter_Pdo_Abstract->query('SELECT `main_ta...', Array)
#5 /var/www/html/vendor/magento/framework/DB/Adapter/Pdo/Mysql.php(639): Magento\Framework\DB\Adapter\Pdo\Mysql->Magento\Framework\DB\Adapter\Pdo\{closure}()
#6 /var/www/html/vendor/magento/framework/DB/Adapter/Pdo/Mysql.php(614): Magento\Framework\DB\Adapter\Pdo\Mysql->performQuery(Object(Closure))
#7 /var/www/html/vendor/magento/framework/DB/Adapter/Pdo/Mysql.php(703): Magento\Framework\DB\Adapter\Pdo\Mysql->_query('SELECT `main_ta...', Array)
#8 /var/www/html/vendor/magento/zend-db/library/Zend/Db/Adapter/Abstract.php(737): Magento\Framework\DB\Adapter\Pdo\Mysql->query(Object(Magento\Framework\DB\Select), Array)
#9 /var/www/html/vendor/magento/framework/Data/Collection/Db/FetchStrategy/Query.php(21): Zend_Db_Adapter_Abstract->fetchAll(Object(Magento\Framework\DB\Select), Array)
#10 /var/www/html/vendor/magento/framework/Data/Collection/AbstractDb.php(1011): Magento\Framework\Data\Collection\Db\FetchStrategy\Query->fetchAll(Object(Magento\Framework\DB\Select), Array)
#11 /var/www/html/vendor/magento/framework/Data/Collection/AbstractDb.php(900): Magento\Framework\Data\Collection\AbstractDb->_fetchAll(Object(Magento\Framework\DB\Select))
#12 /var/www/html/vendor/magento/framework/Data/Collection/AbstractDb.php(793): Magento\Framework\Data\Collection\AbstractDb->getData()
#13 /var/www/html/vendor/magento/framework/Data/Collection/AbstractDb.php(777): Magento\Framework\Data\Collection\AbstractDb->loadWithFilter(false, false)
#14 /var/www/html/vendor/magento/framework/Data/Collection.php(340): Magento\Framework\Data\Collection\AbstractDb->load()
#15 /var/www/html/app/code/News/Manger/Ui/DataProvider/Category/CategoryGridDataProvider.php(45): Magento\Framework\Data\Collection->getItems()
#16 /var/www/html/vendor/magento/module-ui/Component/Listing.php(38): News\Manger\Ui\DataProvider\Category\CategoryGridDataProvider->getData()
#17 /var/www/html/vendor/magento/framework/View/Element/UiComponent/Context.php(250): Magento\Ui\Component\Listing->getDataSourceData()
#18 /var/www/html/vendor/magento/framework/View/Element/UiComponent/ContentType/Json.php(69): Magento\Framework\View\Element\UiComponent\Context->getDataSourceData(Object(Magento\Ui\Component\Listing))
#19 /var/www/html/vendor/magento/module-ui/Component/AbstractComponent.php(158): Magento\Framework\View\Element\UiComponent\ContentType\Json->render(Object(Magento\Ui\Component\Listing), 'templates/listi...')
#20 /var/www/html/vendor/magento/module-ui/Controller/Adminhtml/Index/Render.php(91): Magento\Ui\Component\AbstractComponent->render()
#21 /var/www/html/vendor/magento/framework/Interception/Interceptor.php(58): Magento\Ui\Controller\Adminhtml\Index\Render->execute()
#22 /var/www/html/vendor/magento/framework/Interception/Interceptor.php(138): Magento\Ui\Controller\Adminhtml\Index\Render\Interceptor->___callParent('execute', Array)
#23 /var/www/html/vendor/magento/framework/Interception/Interceptor.php(153): Magento\Ui\Controller\Adminhtml\Index\Render\Interceptor->Magento\Framework\Interception\{closure}()
#24 /var/www/html/generated/code/Magento/Ui/Controller/Adminhtml/Index/Render/Interceptor.php(23): Magento\Ui\Controller\Adminhtml\Index\Render\Interceptor->___callPlugins('execute', Array, Array)
#25 /var/www/html/vendor/magento/framework/App/Action/Action.php(111): Magento\Ui\Controller\Adminhtml\Index\Render\Interceptor->execute()
#26 /var/www/html/vendor/magento/module-backend/App/AbstractAction.php(151): Magento\Framework\App\Action\Action->dispatch(Object(Magento\Framework\App\Request\Http))
#27 /var/www/html/vendor/magento/framework/Interception/Interceptor.php(58): Magento\Backend\App\AbstractAction->dispatch(Object(Magento\Framework\App\Request\Http))
#28 /var/www/html/vendor/magento/framework/Interception/Interceptor.php(138): Magento\Ui\Controller\Adminhtml\Index\Render\Interceptor->___callParent('dispatch', Array)
#29 /var/www/html/vendor/magento/module-backend/App/Action/Plugin/Authentication.php(145): Magento\Ui\Controller\Adminhtml\Index\Render\Interceptor->Magento\Framework\Interception\{closure}(Object(Magento\Framework\App\Request\Http))
#30 /var/www/html/vendor/magento/framework/Interception/Interceptor.php(135): Magento\Backend\App\Action\Plugin\Authentication->aroundDispatch(Object(Magento\Ui\Controller\Adminhtml\Index\Render\Interceptor), Object(Closure), Object(Magento\Framework\App\Request\Http))
#31 /var/www/html/vendor/magento/framework/Interception/Interceptor.php(153): Magento\Ui\Controller\Adminhtml\Index\Render\Interceptor->Magento\Framework\Interception\{closure}(Object(Magento\Framework\App\Request\Http))
#32 /var/www/html/generated/code/Magento/Ui/Controller/Adminhtml/Index/Render/Interceptor.php(32): Magento\Ui\Controller\Adminhtml\Index\Render\Interceptor->___callPlugins('dispatch', Array, Array)
#33 /var/www/html/vendor/magento/framework/App/FrontController.php(245): Magento\Ui\Controller\Adminhtml\Index\Render\Interceptor->dispatch(Object(Magento\Framework\App\Request\Http))
#34 /var/www/html/vendor/magento/framework/App/FrontController.php(212): Magento\Framework\App\FrontController->getActionResponse(Object(Magento\Ui\Controller\Adminhtml\Index\Render\Interceptor), Object(Magento\Framework\App\Request\Http))
#35 /var/www/html/vendor/magento/framework/App/FrontController.php(146): Magento\Framework\App\FrontController->processRequest(Object(Magento\Framework\App\Request\Http), Object(Magento\Ui\Controller\Adminhtml\Index\Render\Interceptor))
#36 /var/www/html/vendor/magento/framework/Interception/Interceptor.php(58): Magento\Framework\App\FrontController->dispatch(Object(Magento\Framework\App\Request\Http))
#37 /var/www/html/vendor/magento/framework/Interception/Interceptor.php(138): Magento\Framework\App\FrontController\Interceptor->___callParent('dispatch', Array)
#38 /var/www/html/vendor/magento/framework/Interception/Interceptor.php(153): Magento\Framework\App\FrontController\Interceptor->Magento\Framework\Interception\{closure}(Object(Magento\Framework\App\Request\Http))
#39 /var/www/html/generated/code/Magento/Framework/App/FrontController/Interceptor.php(23): Magento\Framework\App\FrontController\Interceptor->___callPlugins('dispatch', Array, Array)
#40 /var/www/html/vendor/magento/framework/App/Http.php(116): Magento\Framework\App\FrontController\Interceptor->dispatch(Object(Magento\Framework\App\Request\Http))
#41 /var/www/html/vendor/magento/framework/Interception/Interceptor.php(58): Magento\Framework\App\Http->launch()
#42 /var/www/html/vendor/magento/framework/Interception/Interceptor.php(138): Magento\Framework\App\Http\Interceptor->___callParent('launch', Array)
#43 /var/www/html/vendor/magento/module-application-performance-monitor/Plugin/ApplicationPerformanceMonitor.php(38): Magento\Framework\App\Http\Interceptor->Magento\Framework\Interception\{closure}()
#44 /var/www/html/vendor/magento/framework/Interception/Interceptor.php(135): Magento\ApplicationPerformanceMonitor\Plugin\ApplicationPerformanceMonitor->aroundLaunch(Object(Magento\Framework\App\Http\Interceptor), Object(Closure))
#45 /var/www/html/vendor/magento/framework/Interception/Interceptor.php(153): Magento\Framework\App\Http\Interceptor->Magento\Framework\Interception\{closure}()
#46 /var/www/html/generated/code/Magento/Framework/App/Http/Interceptor.php(23): Magento\Framework\App\Http\Interceptor->___callPlugins('launch', Array, NULL)
#47 /var/www/html/vendor/magento/framework/App/Bootstrap.php(264): Magento\Framework\App\Http\Interceptor->launch()
#48 /var/www/html/pub/index.php(30): Magento\Framework\App\Bootstrap->run(Object(Magento\Framework\App\Http\Interceptor))
#49 {main} [] []
[2025-08-11T14:26:03.376023+00:00] main.ERROR: CategoryGridDataProvider Error: SQLSTATE[42S22]: Column not found: 1054 Unknown column 'fulltext' in 'WHERE', query was: SELECT `main_table`.*, CASE
                WHEN main_table.parent_ids IS NULL OR main_table.parent_ids = "[]" OR main_table.parent_ids = ""
                THEN "Root Category"
                ELSE "Has Parents"
            END AS `parent_name` FROM `news_category` AS `main_table` WHERE (((`fulltext` = 'c'))) ORDER BY category_id ASC
 LIMIT 20 [] []
[2025-08-11T14:26:03.376368+00:00] main.ERROR: Stack Trace: #0 /var/www/html/vendor/magento/framework/DB/Statement/Pdo/Mysql.php(89): Magento\Framework\DB\Statement\Pdo\Mysql->tryExecute(Object(Closure))
#1 /var/www/html/vendor/magento/zend-db/library/Zend/Db/Statement.php(313): Magento\Framework\DB\Statement\Pdo\Mysql->_execute(Array)
#2 /var/www/html/vendor/magento/zend-db/library/Zend/Db/Adapter/Abstract.php(480): Zend_Db_Statement->execute(Array)
#3 /var/www/html/vendor/magento/zend-db/library/Zend/Db/Adapter/Pdo/Abstract.php(242): Zend_Db_Adapter_Abstract->query('SELECT `main_ta...', Array)
#4 /var/www/html/vendor/magento/framework/DB/Adapter/Pdo/Mysql.php(614): Zend_Db_Adapter_Pdo_Abstract->query('SELECT `main_ta...', Array)
#5 /var/www/html/vendor/magento/framework/DB/Adapter/Pdo/Mysql.php(639): Magento\Framework\DB\Adapter\Pdo\Mysql->Magento\Framework\DB\Adapter\Pdo\{closure}()
#6 /var/www/html/vendor/magento/framework/DB/Adapter/Pdo/Mysql.php(614): Magento\Framework\DB\Adapter\Pdo\Mysql->performQuery(Object(Closure))
#7 /var/www/html/vendor/magento/framework/DB/Adapter/Pdo/Mysql.php(703): Magento\Framework\DB\Adapter\Pdo\Mysql->_query('SELECT `main_ta...', Array)
#8 /var/www/html/vendor/magento/zend-db/library/Zend/Db/Adapter/Abstract.php(737): Magento\Framework\DB\Adapter\Pdo\Mysql->query(Object(Magento\Framework\DB\Select), Array)
#9 /var/www/html/vendor/magento/framework/Data/Collection/Db/FetchStrategy/Query.php(21): Zend_Db_Adapter_Abstract->fetchAll(Object(Magento\Framework\DB\Select), Array)
#10 /var/www/html/vendor/magento/framework/Data/Collection/AbstractDb.php(1011): Magento\Framework\Data\Collection\Db\FetchStrategy\Query->fetchAll(Object(Magento\Framework\DB\Select), Array)
#11 /var/www/html/vendor/magento/framework/Data/Collection/AbstractDb.php(900): Magento\Framework\Data\Collection\AbstractDb->_fetchAll(Object(Magento\Framework\DB\Select))
#12 /var/www/html/vendor/magento/framework/Data/Collection/AbstractDb.php(793): Magento\Framework\Data\Collection\AbstractDb->getData()
#13 /var/www/html/vendor/magento/framework/Data/Collection/AbstractDb.php(777): Magento\Framework\Data\Collection\AbstractDb->loadWithFilter(false, false)
#14 /var/www/html/vendor/magento/framework/Data/Collection.php(340): Magento\Framework\Data\Collection\AbstractDb->load()
#15 /var/www/html/app/code/News/Manger/Ui/DataProvider/Category/CategoryGridDataProvider.php(45): Magento\Framework\Data\Collection->getItems()
#16 /var/www/html/vendor/magento/module-ui/Component/Listing.php(38): News\Manger\Ui\DataProvider\Category\CategoryGridDataProvider->getData()
#17 /var/www/html/vendor/magento/framework/View/Element/UiComponent/Context.php(250): Magento\Ui\Component\Listing->getDataSourceData()
#18 /var/www/html/vendor/magento/framework/View/Element/UiComponent/ContentType/Json.php(69): Magento\Framework\View\Element\UiComponent\Context->getDataSourceData(Object(Magento\Ui\Component\Listing))
#19 /var/www/html/vendor/magento/module-ui/Component/AbstractComponent.php(158): Magento\Framework\View\Element\UiComponent\ContentType\Json->render(Object(Magento\Ui\Component\Listing), 'templates/listi...')
#20 /var/www/html/vendor/magento/module-ui/Controller/Adminhtml/Index/Render.php(91): Magento\Ui\Component\AbstractComponent->render()
#21 /var/www/html/vendor/magento/framework/Interception/Interceptor.php(58): Magento\Ui\Controller\Adminhtml\Index\Render->execute()
#22 /var/www/html/vendor/magento/framework/Interception/Interceptor.php(138): Magento\Ui\Controller\Adminhtml\Index\Render\Interceptor->___callParent('execute', Array)
#23 /var/www/html/vendor/magento/framework/Interception/Interceptor.php(153): Magento\Ui\Controller\Adminhtml\Index\Render\Interceptor->Magento\Framework\Interception\{closure}()
#24 /var/www/html/generated/code/Magento/Ui/Controller/Adminhtml/Index/Render/Interceptor.php(23): Magento\Ui\Controller\Adminhtml\Index\Render\Interceptor->___callPlugins('execute', Array, Array)
#25 /var/www/html/vendor/magento/framework/App/Action/Action.php(111): Magento\Ui\Controller\Adminhtml\Index\Render\Interceptor->execute()
#26 /var/www/html/vendor/magento/module-backend/App/AbstractAction.php(151): Magento\Framework\App\Action\Action->dispatch(Object(Magento\Framework\App\Request\Http))
#27 /var/www/html/vendor/magento/framework/Interception/Interceptor.php(58): Magento\Backend\App\AbstractAction->dispatch(Object(Magento\Framework\App\Request\Http))
#28 /var/www/html/vendor/magento/framework/Interception/Interceptor.php(138): Magento\Ui\Controller\Adminhtml\Index\Render\Interceptor->___callParent('dispatch', Array)
#29 /var/www/html/vendor/magento/module-backend/App/Action/Plugin/Authentication.php(145): Magento\Ui\Controller\Adminhtml\Index\Render\Interceptor->Magento\Framework\Interception\{closure}(Object(Magento\Framework\App\Request\Http))
#30 /var/www/html/vendor/magento/framework/Interception/Interceptor.php(135): Magento\Backend\App\Action\Plugin\Authentication->aroundDispatch(Object(Magento\Ui\Controller\Adminhtml\Index\Render\Interceptor), Object(Closure), Object(Magento\Framework\App\Request\Http))
#31 /var/www/html/vendor/magento/framework/Interception/Interceptor.php(153): Magento\Ui\Controller\Adminhtml\Index\Render\Interceptor->Magento\Framework\Interception\{closure}(Object(Magento\Framework\App\Request\Http))
#32 /var/www/html/generated/code/Magento/Ui/Controller/Adminhtml/Index/Render/Interceptor.php(32): Magento\Ui\Controller\Adminhtml\Index\Render\Interceptor->___callPlugins('dispatch', Array, Array)
#33 /var/www/html/vendor/magento/framework/App/FrontController.php(245): Magento\Ui\Controller\Adminhtml\Index\Render\Interceptor->dispatch(Object(Magento\Framework\App\Request\Http))
#34 /var/www/html/vendor/magento/framework/App/FrontController.php(212): Magento\Framework\App\FrontController->getActionResponse(Object(Magento\Ui\Controller\Adminhtml\Index\Render\Interceptor), Object(Magento\Framework\App\Request\Http))
#35 /var/www/html/vendor/magento/framework/App/FrontController.php(146): Magento\Framework\App\FrontController->processRequest(Object(Magento\Framework\App\Request\Http), Object(Magento\Ui\Controller\Adminhtml\Index\Render\Interceptor))
#36 /var/www/html/vendor/magento/framework/Interception/Interceptor.php(58): Magento\Framework\App\FrontController->dispatch(Object(Magento\Framework\App\Request\Http))
#37 /var/www/html/vendor/magento/framework/Interception/Interceptor.php(138): Magento\Framework\App\FrontController\Interceptor->___callParent('dispatch', Array)
#38 /var/www/html/vendor/magento/framework/Interception/Interceptor.php(153): Magento\Framework\App\FrontController\Interceptor->Magento\Framework\Interception\{closure}(Object(Magento\Framework\App\Request\Http))
#39 /var/www/html/generated/code/Magento/Framework/App/FrontController/Interceptor.php(23): Magento\Framework\App\FrontController\Interceptor->___callPlugins('dispatch', Array, Array)
#40 /var/www/html/vendor/magento/framework/App/Http.php(116): Magento\Framework\App\FrontController\Interceptor->dispatch(Object(Magento\Framework\App\Request\Http))
#41 /var/www/html/vendor/magento/framework/Interception/Interceptor.php(58): Magento\Framework\App\Http->launch()
#42 /var/www/html/vendor/magento/framework/Interception/Interceptor.php(138): Magento\Framework\App\Http\Interceptor->___callParent('launch', Array)
#43 /var/www/html/vendor/magento/module-application-performance-monitor/Plugin/ApplicationPerformanceMonitor.php(38): Magento\Framework\App\Http\Interceptor->Magento\Framework\Interception\{closure}()
#44 /var/www/html/vendor/magento/framework/Interception/Interceptor.php(135): Magento\ApplicationPerformanceMonitor\Plugin\ApplicationPerformanceMonitor->aroundLaunch(Object(Magento\Framework\App\Http\Interceptor), Object(Closure))
#45 /var/www/html/vendor/magento/framework/Interception/Interceptor.php(153): Magento\Framework\App\Http\Interceptor->Magento\Framework\Interception\{closure}()
#46 /var/www/html/generated/code/Magento/Framework/App/Http/Interceptor.php(23): Magento\Framework\App\Http\Interceptor->___callPlugins('launch', Array, NULL)
#47 /var/www/html/vendor/magento/framework/App/Bootstrap.php(264): Magento\Framework\App\Http\Interceptor->launch()
#48 /var/www/html/pub/index.php(30): Magento\Framework\App\Bootstrap->run(Object(Magento\Framework\App\Http\Interceptor))
#49 {main} [] []
[2025-08-11T14:26:15.451738+00:00] main.ERROR: CategoryGridDataProvider Error: SQLSTATE[42S22]: Column not found: 1054 Unknown column 'fulltext' in 'WHERE', query was: SELECT `main_table`.*, CASE
                WHEN main_table.parent_ids IS NULL OR main_table.parent_ids = "[]" OR main_table.parent_ids = ""
                THEN "Root Category"
                ELSE "Has Parents"
            END AS `parent_name` FROM `news_category` AS `main_table` WHERE (((`fulltext` = 'c'))) ORDER BY category_id ASC
 LIMIT 20 [] []
[2025-08-11T14:26:15.451971+00:00] main.ERROR: Stack Trace: #0 /var/www/html/vendor/magento/framework/DB/Statement/Pdo/Mysql.php(89): Magento\Framework\DB\Statement\Pdo\Mysql->tryExecute(Object(Closure))
#1 /var/www/html/vendor/magento/zend-db/library/Zend/Db/Statement.php(313): Magento\Framework\DB\Statement\Pdo\Mysql->_execute(Array)
#2 /var/www/html/vendor/magento/zend-db/library/Zend/Db/Adapter/Abstract.php(480): Zend_Db_Statement->execute(Array)
#3 /var/www/html/vendor/magento/zend-db/library/Zend/Db/Adapter/Pdo/Abstract.php(242): Zend_Db_Adapter_Abstract->query('SELECT `main_ta...', Array)
#4 /var/www/html/vendor/magento/framework/DB/Adapter/Pdo/Mysql.php(614): Zend_Db_Adapter_Pdo_Abstract->query('SELECT `main_ta...', Array)
#5 /var/www/html/vendor/magento/framework/DB/Adapter/Pdo/Mysql.php(639): Magento\Framework\DB\Adapter\Pdo\Mysql->Magento\Framework\DB\Adapter\Pdo\{closure}()
#6 /var/www/html/vendor/magento/framework/DB/Adapter/Pdo/Mysql.php(614): Magento\Framework\DB\Adapter\Pdo\Mysql->performQuery(Object(Closure))
#7 /var/www/html/vendor/magento/framework/DB/Adapter/Pdo/Mysql.php(703): Magento\Framework\DB\Adapter\Pdo\Mysql->_query('SELECT `main_ta...', Array)
#8 /var/www/html/vendor/magento/zend-db/library/Zend/Db/Adapter/Abstract.php(737): Magento\Framework\DB\Adapter\Pdo\Mysql->query(Object(Magento\Framework\DB\Select), Array)
#9 /var/www/html/vendor/magento/framework/Data/Collection/Db/FetchStrategy/Query.php(21): Zend_Db_Adapter_Abstract->fetchAll(Object(Magento\Framework\DB\Select), Array)
#10 /var/www/html/vendor/magento/framework/Data/Collection/AbstractDb.php(1011): Magento\Framework\Data\Collection\Db\FetchStrategy\Query->fetchAll(Object(Magento\Framework\DB\Select), Array)
#11 /var/www/html/vendor/magento/framework/Data/Collection/AbstractDb.php(900): Magento\Framework\Data\Collection\AbstractDb->_fetchAll(Object(Magento\Framework\DB\Select))
#12 /var/www/html/vendor/magento/framework/Data/Collection/AbstractDb.php(793): Magento\Framework\Data\Collection\AbstractDb->getData()
#13 /var/www/html/vendor/magento/framework/Data/Collection/AbstractDb.php(777): Magento\Framework\Data\Collection\AbstractDb->loadWithFilter(false, false)
#14 /var/www/html/vendor/magento/framework/Data/Collection.php(340): Magento\Framework\Data\Collection\AbstractDb->load()
#15 /var/www/html/app/code/News/Manger/Ui/DataProvider/Category/CategoryGridDataProvider.php(45): Magento\Framework\Data\Collection->getItems()
#16 /var/www/html/vendor/magento/module-ui/Component/Listing.php(38): News\Manger\Ui\DataProvider\Category\CategoryGridDataProvider->getData()
#17 /var/www/html/vendor/magento/framework/View/Element/UiComponent/Context.php(250): Magento\Ui\Component\Listing->getDataSourceData()
#18 /var/www/html/vendor/magento/framework/View/Element/UiComponent/ContentType/Json.php(69): Magento\Framework\View\Element\UiComponent\Context->getDataSourceData(Object(Magento\Ui\Component\Listing))
#19 /var/www/html/vendor/magento/module-ui/Component/AbstractComponent.php(158): Magento\Framework\View\Element\UiComponent\ContentType\Json->render(Object(Magento\Ui\Component\Listing), 'templates/listi...')
#20 /var/www/html/vendor/magento/module-ui/Controller/Adminhtml/Index/Render.php(91): Magento\Ui\Component\AbstractComponent->render()
#21 /var/www/html/vendor/magento/framework/Interception/Interceptor.php(58): Magento\Ui\Controller\Adminhtml\Index\Render->execute()
#22 /var/www/html/vendor/magento/framework/Interception/Interceptor.php(138): Magento\Ui\Controller\Adminhtml\Index\Render\Interceptor->___callParent('execute', Array)
#23 /var/www/html/vendor/magento/framework/Interception/Interceptor.php(153): Magento\Ui\Controller\Adminhtml\Index\Render\Interceptor->Magento\Framework\Interception\{closure}()
#24 /var/www/html/generated/code/Magento/Ui/Controller/Adminhtml/Index/Render/Interceptor.php(23): Magento\Ui\Controller\Adminhtml\Index\Render\Interceptor->___callPlugins('execute', Array, Array)
#25 /var/www/html/vendor/magento/framework/App/Action/Action.php(111): Magento\Ui\Controller\Adminhtml\Index\Render\Interceptor->execute()
#26 /var/www/html/vendor/magento/module-backend/App/AbstractAction.php(151): Magento\Framework\App\Action\Action->dispatch(Object(Magento\Framework\App\Request\Http))
#27 /var/www/html/vendor/magento/framework/Interception/Interceptor.php(58): Magento\Backend\App\AbstractAction->dispatch(Object(Magento\Framework\App\Request\Http))
#28 /var/www/html/vendor/magento/framework/Interception/Interceptor.php(138): Magento\Ui\Controller\Adminhtml\Index\Render\Interceptor->___callParent('dispatch', Array)
#29 /var/www/html/vendor/magento/module-backend/App/Action/Plugin/Authentication.php(145): Magento\Ui\Controller\Adminhtml\Index\Render\Interceptor->Magento\Framework\Interception\{closure}(Object(Magento\Framework\App\Request\Http))
#30 /var/www/html/vendor/magento/framework/Interception/Interceptor.php(135): Magento\Backend\App\Action\Plugin\Authentication->aroundDispatch(Object(Magento\Ui\Controller\Adminhtml\Index\Render\Interceptor), Object(Closure), Object(Magento\Framework\App\Request\Http))
#31 /var/www/html/vendor/magento/framework/Interception/Interceptor.php(153): Magento\Ui\Controller\Adminhtml\Index\Render\Interceptor->Magento\Framework\Interception\{closure}(Object(Magento\Framework\App\Request\Http))
#32 /var/www/html/generated/code/Magento/Ui/Controller/Adminhtml/Index/Render/Interceptor.php(32): Magento\Ui\Controller\Adminhtml\Index\Render\Interceptor->___callPlugins('dispatch', Array, Array)
#33 /var/www/html/vendor/magento/framework/App/FrontController.php(245): Magento\Ui\Controller\Adminhtml\Index\Render\Interceptor->dispatch(Object(Magento\Framework\App\Request\Http))
#34 /var/www/html/vendor/magento/framework/App/FrontController.php(212): Magento\Framework\App\FrontController->getActionResponse(Object(Magento\Ui\Controller\Adminhtml\Index\Render\Interceptor), Object(Magento\Framework\App\Request\Http))
#35 /var/www/html/vendor/magento/framework/App/FrontController.php(146): Magento\Framework\App\FrontController->processRequest(Object(Magento\Framework\App\Request\Http), Object(Magento\Ui\Controller\Adminhtml\Index\Render\Interceptor))
#36 /var/www/html/vendor/magento/framework/Interception/Interceptor.php(58): Magento\Framework\App\FrontController->dispatch(Object(Magento\Framework\App\Request\Http))
#37 /var/www/html/vendor/magento/framework/Interception/Interceptor.php(138): Magento\Framework\App\FrontController\Interceptor->___callParent('dispatch', Array)
#38 /var/www/html/vendor/magento/framework/Interception/Interceptor.php(153): Magento\Framework\App\FrontController\Interceptor->Magento\Framework\Interception\{closure}(Object(Magento\Framework\App\Request\Http))
#39 /var/www/html/generated/code/Magento/Framework/App/FrontController/Interceptor.php(23): Magento\Framework\App\FrontController\Interceptor->___callPlugins('dispatch', Array, Array)
#40 /var/www/html/vendor/magento/framework/App/Http.php(116): Magento\Framework\App\FrontController\Interceptor->dispatch(Object(Magento\Framework\App\Request\Http))
#41 /var/www/html/vendor/magento/framework/Interception/Interceptor.php(58): Magento\Framework\App\Http->launch()
#42 /var/www/html/vendor/magento/framework/Interception/Interceptor.php(138): Magento\Framework\App\Http\Interceptor->___callParent('launch', Array)
#43 /var/www/html/vendor/magento/module-application-performance-monitor/Plugin/ApplicationPerformanceMonitor.php(38): Magento\Framework\App\Http\Interceptor->Magento\Framework\Interception\{closure}()
#44 /var/www/html/vendor/magento/framework/Interception/Interceptor.php(135): Magento\ApplicationPerformanceMonitor\Plugin\ApplicationPerformanceMonitor->aroundLaunch(Object(Magento\Framework\App\Http\Interceptor), Object(Closure))
#45 /var/www/html/vendor/magento/framework/Interception/Interceptor.php(153): Magento\Framework\App\Http\Interceptor->Magento\Framework\Interception\{closure}()
#46 /var/www/html/generated/code/Magento/Framework/App/Http/Interceptor.php(23): Magento\Framework\App\Http\Interceptor->___callPlugins('launch', Array, NULL)
#47 /var/www/html/vendor/magento/framework/App/Bootstrap.php(264): Magento\Framework\App\Http\Interceptor->launch()
#48 /var/www/html/pub/index.php(30): Magento\Framework\App\Bootstrap->run(Object(Magento\Framework\App\Http\Interceptor))
#49 {main} [] []
[2025-08-11T14:27:07.602507+00:00] main.ERROR: CategoryGridDataProvider Error: SQLSTATE[42S22]: Column not found: 1054 Unknown column 'parent.category_name' in 'WHERE', query was: SELECT `main_table`.*, CASE
                WHEN main_table.parent_ids IS NULL OR main_table.parent_ids = "[]" OR main_table.parent_ids = ""
                THEN "Root Category"
                ELSE "Has Parents"
            END AS `parent_name` FROM `news_category` AS `main_table` WHERE (parent.category_name LIKE '%1%') ORDER BY category_id ASC
 LIMIT 20 [] []
[2025-08-11T14:27:07.602798+00:00] main.ERROR: Stack Trace: #0 /var/www/html/vendor/magento/framework/DB/Statement/Pdo/Mysql.php(89): Magento\Framework\DB\Statement\Pdo\Mysql->tryExecute(Object(Closure))
#1 /var/www/html/vendor/magento/zend-db/library/Zend/Db/Statement.php(313): Magento\Framework\DB\Statement\Pdo\Mysql->_execute(Array)
#2 /var/www/html/vendor/magento/zend-db/library/Zend/Db/Adapter/Abstract.php(480): Zend_Db_Statement->execute(Array)
#3 /var/www/html/vendor/magento/zend-db/library/Zend/Db/Adapter/Pdo/Abstract.php(242): Zend_Db_Adapter_Abstract->query('SELECT `main_ta...', Array)
#4 /var/www/html/vendor/magento/framework/DB/Adapter/Pdo/Mysql.php(614): Zend_Db_Adapter_Pdo_Abstract->query('SELECT `main_ta...', Array)
#5 /var/www/html/vendor/magento/framework/DB/Adapter/Pdo/Mysql.php(639): Magento\Framework\DB\Adapter\Pdo\Mysql->Magento\Framework\DB\Adapter\Pdo\{closure}()
#6 /var/www/html/vendor/magento/framework/DB/Adapter/Pdo/Mysql.php(614): Magento\Framework\DB\Adapter\Pdo\Mysql->performQuery(Object(Closure))
#7 /var/www/html/vendor/magento/framework/DB/Adapter/Pdo/Mysql.php(703): Magento\Framework\DB\Adapter\Pdo\Mysql->_query('SELECT `main_ta...', Array)
#8 /var/www/html/vendor/magento/zend-db/library/Zend/Db/Adapter/Abstract.php(737): Magento\Framework\DB\Adapter\Pdo\Mysql->query(Object(Magento\Framework\DB\Select), Array)
#9 /var/www/html/vendor/magento/framework/Data/Collection/Db/FetchStrategy/Query.php(21): Zend_Db_Adapter_Abstract->fetchAll(Object(Magento\Framework\DB\Select), Array)
#10 /var/www/html/vendor/magento/framework/Data/Collection/AbstractDb.php(1011): Magento\Framework\Data\Collection\Db\FetchStrategy\Query->fetchAll(Object(Magento\Framework\DB\Select), Array)
#11 /var/www/html/vendor/magento/framework/Data/Collection/AbstractDb.php(900): Magento\Framework\Data\Collection\AbstractDb->_fetchAll(Object(Magento\Framework\DB\Select))
#12 /var/www/html/vendor/magento/framework/Data/Collection/AbstractDb.php(793): Magento\Framework\Data\Collection\AbstractDb->getData()
#13 /var/www/html/vendor/magento/framework/Data/Collection/AbstractDb.php(777): Magento\Framework\Data\Collection\AbstractDb->loadWithFilter(false, false)
#14 /var/www/html/vendor/magento/framework/Data/Collection.php(340): Magento\Framework\Data\Collection\AbstractDb->load()
#15 /var/www/html/app/code/News/Manger/Ui/DataProvider/Category/CategoryGridDataProvider.php(45): Magento\Framework\Data\Collection->getItems()
#16 /var/www/html/vendor/magento/module-ui/Component/Listing.php(38): News\Manger\Ui\DataProvider\Category\CategoryGridDataProvider->getData()
#17 /var/www/html/vendor/magento/framework/View/Element/UiComponent/Context.php(250): Magento\Ui\Component\Listing->getDataSourceData()
#18 /var/www/html/vendor/magento/framework/View/Element/UiComponent/ContentType/Json.php(69): Magento\Framework\View\Element\UiComponent\Context->getDataSourceData(Object(Magento\Ui\Component\Listing))
#19 /var/www/html/vendor/magento/module-ui/Component/AbstractComponent.php(158): Magento\Framework\View\Element\UiComponent\ContentType\Json->render(Object(Magento\Ui\Component\Listing), 'templates/listi...')
#20 /var/www/html/vendor/magento/module-ui/Controller/Adminhtml/Index/Render.php(91): Magento\Ui\Component\AbstractComponent->render()
#21 /var/www/html/vendor/magento/framework/Interception/Interceptor.php(58): Magento\Ui\Controller\Adminhtml\Index\Render->execute()
#22 /var/www/html/vendor/magento/framework/Interception/Interceptor.php(138): Magento\Ui\Controller\Adminhtml\Index\Render\Interceptor->___callParent('execute', Array)
#23 /var/www/html/vendor/magento/framework/Interception/Interceptor.php(153): Magento\Ui\Controller\Adminhtml\Index\Render\Interceptor->Magento\Framework\Interception\{closure}()
#24 /var/www/html/generated/code/Magento/Ui/Controller/Adminhtml/Index/Render/Interceptor.php(23): Magento\Ui\Controller\Adminhtml\Index\Render\Interceptor->___callPlugins('execute', Array, Array)
#25 /var/www/html/vendor/magento/framework/App/Action/Action.php(111): Magento\Ui\Controller\Adminhtml\Index\Render\Interceptor->execute()
#26 /var/www/html/vendor/magento/module-backend/App/AbstractAction.php(151): Magento\Framework\App\Action\Action->dispatch(Object(Magento\Framework\App\Request\Http))
#27 /var/www/html/vendor/magento/framework/Interception/Interceptor.php(58): Magento\Backend\App\AbstractAction->dispatch(Object(Magento\Framework\App\Request\Http))
#28 /var/www/html/vendor/magento/framework/Interception/Interceptor.php(138): Magento\Ui\Controller\Adminhtml\Index\Render\Interceptor->___callParent('dispatch', Array)
#29 /var/www/html/vendor/magento/module-backend/App/Action/Plugin/Authentication.php(145): Magento\Ui\Controller\Adminhtml\Index\Render\Interceptor->Magento\Framework\Interception\{closure}(Object(Magento\Framework\App\Request\Http))
#30 /var/www/html/vendor/magento/framework/Interception/Interceptor.php(135): Magento\Backend\App\Action\Plugin\Authentication->aroundDispatch(Object(Magento\Ui\Controller\Adminhtml\Index\Render\Interceptor), Object(Closure), Object(Magento\Framework\App\Request\Http))
#31 /var/www/html/vendor/magento/framework/Interception/Interceptor.php(153): Magento\Ui\Controller\Adminhtml\Index\Render\Interceptor->Magento\Framework\Interception\{closure}(Object(Magento\Framework\App\Request\Http))
#32 /var/www/html/generated/code/Magento/Ui/Controller/Adminhtml/Index/Render/Interceptor.php(32): Magento\Ui\Controller\Adminhtml\Index\Render\Interceptor->___callPlugins('dispatch', Array, Array)
#33 /var/www/html/vendor/magento/framework/App/FrontController.php(245): Magento\Ui\Controller\Adminhtml\Index\Render\Interceptor->dispatch(Object(Magento\Framework\App\Request\Http))
#34 /var/www/html/vendor/magento/framework/App/FrontController.php(212): Magento\Framework\App\FrontController->getActionResponse(Object(Magento\Ui\Controller\Adminhtml\Index\Render\Interceptor), Object(Magento\Framework\App\Request\Http))
#35 /var/www/html/vendor/magento/framework/App/FrontController.php(146): Magento\Framework\App\FrontController->processRequest(Object(Magento\Framework\App\Request\Http), Object(Magento\Ui\Controller\Adminhtml\Index\Render\Interceptor))
#36 /var/www/html/vendor/magento/framework/Interception/Interceptor.php(58): Magento\Framework\App\FrontController->dispatch(Object(Magento\Framework\App\Request\Http))
#37 /var/www/html/vendor/magento/framework/Interception/Interceptor.php(138): Magento\Framework\App\FrontController\Interceptor->___callParent('dispatch', Array)
#38 /var/www/html/vendor/magento/framework/Interception/Interceptor.php(153): Magento\Framework\App\FrontController\Interceptor->Magento\Framework\Interception\{closure}(Object(Magento\Framework\App\Request\Http))
#39 /var/www/html/generated/code/Magento/Framework/App/FrontController/Interceptor.php(23): Magento\Framework\App\FrontController\Interceptor->___callPlugins('dispatch', Array, Array)
#40 /var/www/html/vendor/magento/framework/App/Http.php(116): Magento\Framework\App\FrontController\Interceptor->dispatch(Object(Magento\Framework\App\Request\Http))
#41 /var/www/html/vendor/magento/framework/Interception/Interceptor.php(58): Magento\Framework\App\Http->launch()
#42 /var/www/html/vendor/magento/framework/Interception/Interceptor.php(138): Magento\Framework\App\Http\Interceptor->___callParent('launch', Array)
#43 /var/www/html/vendor/magento/module-application-performance-monitor/Plugin/ApplicationPerformanceMonitor.php(38): Magento\Framework\App\Http\Interceptor->Magento\Framework\Interception\{closure}()
#44 /var/www/html/vendor/magento/framework/Interception/Interceptor.php(135): Magento\ApplicationPerformanceMonitor\Plugin\ApplicationPerformanceMonitor->aroundLaunch(Object(Magento\Framework\App\Http\Interceptor), Object(Closure))
#45 /var/www/html/vendor/magento/framework/Interception/Interceptor.php(153): Magento\Framework\App\Http\Interceptor->Magento\Framework\Interception\{closure}()
#46 /var/www/html/generated/code/Magento/Framework/App/Http/Interceptor.php(23): Magento\Framework\App\Http\Interceptor->___callPlugins('launch', Array, NULL)
#47 /var/www/html/vendor/magento/framework/App/Bootstrap.php(264): Magento\Framework\App\Http\Interceptor->launch()
#48 /var/www/html/pub/index.php(30): Magento\Framework\App\Bootstrap->run(Object(Magento\Framework\App\Http\Interceptor))
#49 {main} [] []
[2025-08-11T14:27:20.063239+00:00] main.ERROR: CategoryGridDataProvider Error: SQLSTATE[42S22]: Column not found: 1054 Unknown column 'fulltext' in 'WHERE', query was: SELECT `main_table`.*, CASE
                WHEN main_table.parent_ids IS NULL OR main_table.parent_ids = "[]" OR main_table.parent_ids = ""
                THEN "Root Category"
                ELSE "Has Parents"
            END AS `parent_name` FROM `news_category` AS `main_table` WHERE (((`fulltext` = 'f'))) AND (parent.category_name LIKE '%1%') ORDER BY category_id ASC
 LIMIT 20 [] []
[2025-08-11T14:27:20.063643+00:00] main.ERROR: Stack Trace: #0 /var/www/html/vendor/magento/framework/DB/Statement/Pdo/Mysql.php(89): Magento\Framework\DB\Statement\Pdo\Mysql->tryExecute(Object(Closure))
#1 /var/www/html/vendor/magento/zend-db/library/Zend/Db/Statement.php(313): Magento\Framework\DB\Statement\Pdo\Mysql->_execute(Array)
#2 /var/www/html/vendor/magento/zend-db/library/Zend/Db/Adapter/Abstract.php(480): Zend_Db_Statement->execute(Array)
#3 /var/www/html/vendor/magento/zend-db/library/Zend/Db/Adapter/Pdo/Abstract.php(242): Zend_Db_Adapter_Abstract->query('SELECT `main_ta...', Array)
#4 /var/www/html/vendor/magento/framework/DB/Adapter/Pdo/Mysql.php(614): Zend_Db_Adapter_Pdo_Abstract->query('SELECT `main_ta...', Array)
#5 /var/www/html/vendor/magento/framework/DB/Adapter/Pdo/Mysql.php(639): Magento\Framework\DB\Adapter\Pdo\Mysql->Magento\Framework\DB\Adapter\Pdo\{closure}()
#6 /var/www/html/vendor/magento/framework/DB/Adapter/Pdo/Mysql.php(614): Magento\Framework\DB\Adapter\Pdo\Mysql->performQuery(Object(Closure))
#7 /var/www/html/vendor/magento/framework/DB/Adapter/Pdo/Mysql.php(703): Magento\Framework\DB\Adapter\Pdo\Mysql->_query('SELECT `main_ta...', Array)
#8 /var/www/html/vendor/magento/zend-db/library/Zend/Db/Adapter/Abstract.php(737): Magento\Framework\DB\Adapter\Pdo\Mysql->query(Object(Magento\Framework\DB\Select), Array)
#9 /var/www/html/vendor/magento/framework/Data/Collection/Db/FetchStrategy/Query.php(21): Zend_Db_Adapter_Abstract->fetchAll(Object(Magento\Framework\DB\Select), Array)
#10 /var/www/html/vendor/magento/framework/Data/Collection/AbstractDb.php(1011): Magento\Framework\Data\Collection\Db\FetchStrategy\Query->fetchAll(Object(Magento\Framework\DB\Select), Array)
#11 /var/www/html/vendor/magento/framework/Data/Collection/AbstractDb.php(900): Magento\Framework\Data\Collection\AbstractDb->_fetchAll(Object(Magento\Framework\DB\Select))
#12 /var/www/html/vendor/magento/framework/Data/Collection/AbstractDb.php(793): Magento\Framework\Data\Collection\AbstractDb->getData()
#13 /var/www/html/vendor/magento/framework/Data/Collection/AbstractDb.php(777): Magento\Framework\Data\Collection\AbstractDb->loadWithFilter(false, false)
#14 /var/www/html/vendor/magento/framework/Data/Collection.php(340): Magento\Framework\Data\Collection\AbstractDb->load()
#15 /var/www/html/app/code/News/Manger/Ui/DataProvider/Category/CategoryGridDataProvider.php(45): Magento\Framework\Data\Collection->getItems()
#16 /var/www/html/vendor/magento/module-ui/Component/Listing.php(38): News\Manger\Ui\DataProvider\Category\CategoryGridDataProvider->getData()
#17 /var/www/html/vendor/magento/framework/View/Element/UiComponent/Context.php(250): Magento\Ui\Component\Listing->getDataSourceData()
#18 /var/www/html/vendor/magento/framework/View/Element/UiComponent/ContentType/Json.php(69): Magento\Framework\View\Element\UiComponent\Context->getDataSourceData(Object(Magento\Ui\Component\Listing))
#19 /var/www/html/vendor/magento/module-ui/Component/AbstractComponent.php(158): Magento\Framework\View\Element\UiComponent\ContentType\Json->render(Object(Magento\Ui\Component\Listing), 'templates/listi...')
#20 /var/www/html/vendor/magento/module-ui/Controller/Adminhtml/Index/Render.php(91): Magento\Ui\Component\AbstractComponent->render()
#21 /var/www/html/vendor/magento/framework/Interception/Interceptor.php(58): Magento\Ui\Controller\Adminhtml\Index\Render->execute()
#22 /var/www/html/vendor/magento/framework/Interception/Interceptor.php(138): Magento\Ui\Controller\Adminhtml\Index\Render\Interceptor->___callParent('execute', Array)
#23 /var/www/html/vendor/magento/framework/Interception/Interceptor.php(153): Magento\Ui\Controller\Adminhtml\Index\Render\Interceptor->Magento\Framework\Interception\{closure}()
#24 /var/www/html/generated/code/Magento/Ui/Controller/Adminhtml/Index/Render/Interceptor.php(23): Magento\Ui\Controller\Adminhtml\Index\Render\Interceptor->___callPlugins('execute', Array, Array)
#25 /var/www/html/vendor/magento/framework/App/Action/Action.php(111): Magento\Ui\Controller\Adminhtml\Index\Render\Interceptor->execute()
#26 /var/www/html/vendor/magento/module-backend/App/AbstractAction.php(151): Magento\Framework\App\Action\Action->dispatch(Object(Magento\Framework\App\Request\Http))
#27 /var/www/html/vendor/magento/framework/Interception/Interceptor.php(58): Magento\Backend\App\AbstractAction->dispatch(Object(Magento\Framework\App\Request\Http))
#28 /var/www/html/vendor/magento/framework/Interception/Interceptor.php(138): Magento\Ui\Controller\Adminhtml\Index\Render\Interceptor->___callParent('dispatch', Array)
#29 /var/www/html/vendor/magento/module-backend/App/Action/Plugin/Authentication.php(145): Magento\Ui\Controller\Adminhtml\Index\Render\Interceptor->Magento\Framework\Interception\{closure}(Object(Magento\Framework\App\Request\Http))
#30 /var/www/html/vendor/magento/framework/Interception/Interceptor.php(135): Magento\Backend\App\Action\Plugin\Authentication->aroundDispatch(Object(Magento\Ui\Controller\Adminhtml\Index\Render\Interceptor), Object(Closure), Object(Magento\Framework\App\Request\Http))
#31 /var/www/html/vendor/magento/framework/Interception/Interceptor.php(153): Magento\Ui\Controller\Adminhtml\Index\Render\Interceptor->Magento\Framework\Interception\{closure}(Object(Magento\Framework\App\Request\Http))
#32 /var/www/html/generated/code/Magento/Ui/Controller/Adminhtml/Index/Render/Interceptor.php(32): Magento\Ui\Controller\Adminhtml\Index\Render\Interceptor->___callPlugins('dispatch', Array, Array)
#33 /var/www/html/vendor/magento/framework/App/FrontController.php(245): Magento\Ui\Controller\Adminhtml\Index\Render\Interceptor->dispatch(Object(Magento\Framework\App\Request\Http))
#34 /var/www/html/vendor/magento/framework/App/FrontController.php(212): Magento\Framework\App\FrontController->getActionResponse(Object(Magento\Ui\Controller\Adminhtml\Index\Render\Interceptor), Object(Magento\Framework\App\Request\Http))
#35 /var/www/html/vendor/magento/framework/App/FrontController.php(146): Magento\Framework\App\FrontController->processRequest(Object(Magento\Framework\App\Request\Http), Object(Magento\Ui\Controller\Adminhtml\Index\Render\Interceptor))
#36 /var/www/html/vendor/magento/framework/Interception/Interceptor.php(58): Magento\Framework\App\FrontController->dispatch(Object(Magento\Framework\App\Request\Http))
#37 /var/www/html/vendor/magento/framework/Interception/Interceptor.php(138): Magento\Framework\App\FrontController\Interceptor->___callParent('dispatch', Array)
#38 /var/www/html/vendor/magento/framework/Interception/Interceptor.php(153): Magento\Framework\App\FrontController\Interceptor->Magento\Framework\Interception\{closure}(Object(Magento\Framework\App\Request\Http))
#39 /var/www/html/generated/code/Magento/Framework/App/FrontController/Interceptor.php(23): Magento\Framework\App\FrontController\Interceptor->___callPlugins('dispatch', Array, Array)
#40 /var/www/html/vendor/magento/framework/App/Http.php(116): Magento\Framework\App\FrontController\Interceptor->dispatch(Object(Magento\Framework\App\Request\Http))
#41 /var/www/html/vendor/magento/framework/Interception/Interceptor.php(58): Magento\Framework\App\Http->launch()
#42 /var/www/html/vendor/magento/framework/Interception/Interceptor.php(138): Magento\Framework\App\Http\Interceptor->___callParent('launch', Array)
#43 /var/www/html/vendor/magento/module-application-performance-monitor/Plugin/ApplicationPerformanceMonitor.php(38): Magento\Framework\App\Http\Interceptor->Magento\Framework\Interception\{closure}()
#44 /var/www/html/vendor/magento/framework/Interception/Interceptor.php(135): Magento\ApplicationPerformanceMonitor\Plugin\ApplicationPerformanceMonitor->aroundLaunch(Object(Magento\Framework\App\Http\Interceptor), Object(Closure))
#45 /var/www/html/vendor/magento/framework/Interception/Interceptor.php(153): Magento\Framework\App\Http\Interceptor->Magento\Framework\Interception\{closure}()
#46 /var/www/html/generated/code/Magento/Framework/App/Http/Interceptor.php(23): Magento\Framework\App\Http\Interceptor->___callPlugins('launch', Array, NULL)
#47 /var/www/html/vendor/magento/framework/App/Bootstrap.php(264): Magento\Framework\App\Http\Interceptor->launch()
#48 /var/www/html/pub/index.php(30): Magento\Framework\App\Bootstrap->run(Object(Magento\Framework\App\Http\Interceptor))
#49 {main} [] []
[2025-08-11T14:27:22.999448+00:00] main.ERROR: CategoryGridDataProvider Error: SQLSTATE[42S22]: Column not found: 1054 Unknown column 'parent.category_name' in 'WHERE', query was: SELECT `main_table`.*, CASE
                WHEN main_table.parent_ids IS NULL OR main_table.parent_ids = "[]" OR main_table.parent_ids = ""
                THEN "Root Category"
                ELSE "Has Parents"
            END AS `parent_name` FROM `news_category` AS `main_table` WHERE (parent.category_name LIKE '%1%') ORDER BY category_id ASC
 LIMIT 20 [] []
[2025-08-11T14:27:22.999710+00:00] main.ERROR: Stack Trace: #0 /var/www/html/vendor/magento/framework/DB/Statement/Pdo/Mysql.php(89): Magento\Framework\DB\Statement\Pdo\Mysql->tryExecute(Object(Closure))
#1 /var/www/html/vendor/magento/zend-db/library/Zend/Db/Statement.php(313): Magento\Framework\DB\Statement\Pdo\Mysql->_execute(Array)
#2 /var/www/html/vendor/magento/zend-db/library/Zend/Db/Adapter/Abstract.php(480): Zend_Db_Statement->execute(Array)
#3 /var/www/html/vendor/magento/zend-db/library/Zend/Db/Adapter/Pdo/Abstract.php(242): Zend_Db_Adapter_Abstract->query('SELECT `main_ta...', Array)
#4 /var/www/html/vendor/magento/framework/DB/Adapter/Pdo/Mysql.php(614): Zend_Db_Adapter_Pdo_Abstract->query('SELECT `main_ta...', Array)
#5 /var/www/html/vendor/magento/framework/DB/Adapter/Pdo/Mysql.php(639): Magento\Framework\DB\Adapter\Pdo\Mysql->Magento\Framework\DB\Adapter\Pdo\{closure}()
#6 /var/www/html/vendor/magento/framework/DB/Adapter/Pdo/Mysql.php(614): Magento\Framework\DB\Adapter\Pdo\Mysql->performQuery(Object(Closure))
#7 /var/www/html/vendor/magento/framework/DB/Adapter/Pdo/Mysql.php(703): Magento\Framework\DB\Adapter\Pdo\Mysql->_query('SELECT `main_ta...', Array)
#8 /var/www/html/vendor/magento/zend-db/library/Zend/Db/Adapter/Abstract.php(737): Magento\Framework\DB\Adapter\Pdo\Mysql->query(Object(Magento\Framework\DB\Select), Array)
#9 /var/www/html/vendor/magento/framework/Data/Collection/Db/FetchStrategy/Query.php(21): Zend_Db_Adapter_Abstract->fetchAll(Object(Magento\Framework\DB\Select), Array)
#10 /var/www/html/vendor/magento/framework/Data/Collection/AbstractDb.php(1011): Magento\Framework\Data\Collection\Db\FetchStrategy\Query->fetchAll(Object(Magento\Framework\DB\Select), Array)
#11 /var/www/html/vendor/magento/framework/Data/Collection/AbstractDb.php(900): Magento\Framework\Data\Collection\AbstractDb->_fetchAll(Object(Magento\Framework\DB\Select))
#12 /var/www/html/vendor/magento/framework/Data/Collection/AbstractDb.php(793): Magento\Framework\Data\Collection\AbstractDb->getData()
#13 /var/www/html/vendor/magento/framework/Data/Collection/AbstractDb.php(777): Magento\Framework\Data\Collection\AbstractDb->loadWithFilter(false, false)
#14 /var/www/html/vendor/magento/framework/Data/Collection.php(340): Magento\Framework\Data\Collection\AbstractDb->load()
#15 /var/www/html/app/code/News/Manger/Ui/DataProvider/Category/CategoryGridDataProvider.php(45): Magento\Framework\Data\Collection->getItems()
#16 /var/www/html/vendor/magento/module-ui/Component/Listing.php(38): News\Manger\Ui\DataProvider\Category\CategoryGridDataProvider->getData()
#17 /var/www/html/vendor/magento/framework/View/Element/UiComponent/Context.php(250): Magento\Ui\Component\Listing->getDataSourceData()
#18 /var/www/html/vendor/magento/framework/View/Element/UiComponent/ContentType/Json.php(69): Magento\Framework\View\Element\UiComponent\Context->getDataSourceData(Object(Magento\Ui\Component\Listing))
#19 /var/www/html/vendor/magento/module-ui/Component/AbstractComponent.php(158): Magento\Framework\View\Element\UiComponent\ContentType\Json->render(Object(Magento\Ui\Component\Listing), 'templates/listi...')
#20 /var/www/html/vendor/magento/module-ui/Controller/Adminhtml/Index/Render.php(91): Magento\Ui\Component\AbstractComponent->render()
#21 /var/www/html/vendor/magento/framework/Interception/Interceptor.php(58): Magento\Ui\Controller\Adminhtml\Index\Render->execute()
#22 /var/www/html/vendor/magento/framework/Interception/Interceptor.php(138): Magento\Ui\Controller\Adminhtml\Index\Render\Interceptor->___callParent('execute', Array)
#23 /var/www/html/vendor/magento/framework/Interception/Interceptor.php(153): Magento\Ui\Controller\Adminhtml\Index\Render\Interceptor->Magento\Framework\Interception\{closure}()
#24 /var/www/html/generated/code/Magento/Ui/Controller/Adminhtml/Index/Render/Interceptor.php(23): Magento\Ui\Controller\Adminhtml\Index\Render\Interceptor->___callPlugins('execute', Array, Array)
#25 /var/www/html/vendor/magento/framework/App/Action/Action.php(111): Magento\Ui\Controller\Adminhtml\Index\Render\Interceptor->execute()
#26 /var/www/html/vendor/magento/module-backend/App/AbstractAction.php(151): Magento\Framework\App\Action\Action->dispatch(Object(Magento\Framework\App\Request\Http))
#27 /var/www/html/vendor/magento/framework/Interception/Interceptor.php(58): Magento\Backend\App\AbstractAction->dispatch(Object(Magento\Framework\App\Request\Http))
#28 /var/www/html/vendor/magento/framework/Interception/Interceptor.php(138): Magento\Ui\Controller\Adminhtml\Index\Render\Interceptor->___callParent('dispatch', Array)
#29 /var/www/html/vendor/magento/module-backend/App/Action/Plugin/Authentication.php(145): Magento\Ui\Controller\Adminhtml\Index\Render\Interceptor->Magento\Framework\Interception\{closure}(Object(Magento\Framework\App\Request\Http))
#30 /var/www/html/vendor/magento/framework/Interception/Interceptor.php(135): Magento\Backend\App\Action\Plugin\Authentication->aroundDispatch(Object(Magento\Ui\Controller\Adminhtml\Index\Render\Interceptor), Object(Closure), Object(Magento\Framework\App\Request\Http))
#31 /var/www/html/vendor/magento/framework/Interception/Interceptor.php(153): Magento\Ui\Controller\Adminhtml\Index\Render\Interceptor->Magento\Framework\Interception\{closure}(Object(Magento\Framework\App\Request\Http))
#32 /var/www/html/generated/code/Magento/Ui/Controller/Adminhtml/Index/Render/Interceptor.php(32): Magento\Ui\Controller\Adminhtml\Index\Render\Interceptor->___callPlugins('dispatch', Array, Array)
#33 /var/www/html/vendor/magento/framework/App/FrontController.php(245): Magento\Ui\Controller\Adminhtml\Index\Render\Interceptor->dispatch(Object(Magento\Framework\App\Request\Http))
#34 /var/www/html/vendor/magento/framework/App/FrontController.php(212): Magento\Framework\App\FrontController->getActionResponse(Object(Magento\Ui\Controller\Adminhtml\Index\Render\Interceptor), Object(Magento\Framework\App\Request\Http))
#35 /var/www/html/vendor/magento/framework/App/FrontController.php(146): Magento\Framework\App\FrontController->processRequest(Object(Magento\Framework\App\Request\Http), Object(Magento\Ui\Controller\Adminhtml\Index\Render\Interceptor))
#36 /var/www/html/vendor/magento/framework/Interception/Interceptor.php(58): Magento\Framework\App\FrontController->dispatch(Object(Magento\Framework\App\Request\Http))
#37 /var/www/html/vendor/magento/framework/Interception/Interceptor.php(138): Magento\Framework\App\FrontController\Interceptor->___callParent('dispatch', Array)
#38 /var/www/html/vendor/magento/framework/Interception/Interceptor.php(153): Magento\Framework\App\FrontController\Interceptor->Magento\Framework\Interception\{closure}(Object(Magento\Framework\App\Request\Http))
#39 /var/www/html/generated/code/Magento/Framework/App/FrontController/Interceptor.php(23): Magento\Framework\App\FrontController\Interceptor->___callPlugins('dispatch', Array, Array)
#40 /var/www/html/vendor/magento/framework/App/Http.php(116): Magento\Framework\App\FrontController\Interceptor->dispatch(Object(Magento\Framework\App\Request\Http))
#41 /var/www/html/vendor/magento/framework/Interception/Interceptor.php(58): Magento\Framework\App\Http->launch()
#42 /var/www/html/vendor/magento/framework/Interception/Interceptor.php(138): Magento\Framework\App\Http\Interceptor->___callParent('launch', Array)
#43 /var/www/html/vendor/magento/module-application-performance-monitor/Plugin/ApplicationPerformanceMonitor.php(38): Magento\Framework\App\Http\Interceptor->Magento\Framework\Interception\{closure}()
#44 /var/www/html/vendor/magento/framework/Interception/Interceptor.php(135): Magento\ApplicationPerformanceMonitor\Plugin\ApplicationPerformanceMonitor->aroundLaunch(Object(Magento\Framework\App\Http\Interceptor), Object(Closure))
#45 /var/www/html/vendor/magento/framework/Interception/Interceptor.php(153): Magento\Framework\App\Http\Interceptor->Magento\Framework\Interception\{closure}()
#46 /var/www/html/generated/code/Magento/Framework/App/Http/Interceptor.php(23): Magento\Framework\App\Http\Interceptor->___callPlugins('launch', Array, NULL)
#47 /var/www/html/vendor/magento/framework/App/Bootstrap.php(264): Magento\Framework\App\Http\Interceptor->launch()
#48 /var/www/html/pub/index.php(30): Magento\Framework\App\Bootstrap->run(Object(Magento\Framework\App\Http\Interceptor))
#49 {main} [] []
[2025-08-11T14:27:27.809900+00:00] main.ERROR: CategoryGridDataProvider Error: SQLSTATE[42S22]: Column not found: 1054 Unknown column 'fulltext' in 'WHERE', query was: SELECT `main_table`.*, CASE
                WHEN main_table.parent_ids IS NULL OR main_table.parent_ids = "[]" OR main_table.parent_ids = ""
                THEN "Root Category"
                ELSE "Has Parents"
            END AS `parent_name` FROM `news_category` AS `main_table` WHERE (((`fulltext` = 'f'))) ORDER BY category_id ASC
 LIMIT 20 [] []
[2025-08-11T14:27:27.810158+00:00] main.ERROR: Stack Trace: #0 /var/www/html/vendor/magento/framework/DB/Statement/Pdo/Mysql.php(89): Magento\Framework\DB\Statement\Pdo\Mysql->tryExecute(Object(Closure))
#1 /var/www/html/vendor/magento/zend-db/library/Zend/Db/Statement.php(313): Magento\Framework\DB\Statement\Pdo\Mysql->_execute(Array)
#2 /var/www/html/vendor/magento/zend-db/library/Zend/Db/Adapter/Abstract.php(480): Zend_Db_Statement->execute(Array)
#3 /var/www/html/vendor/magento/zend-db/library/Zend/Db/Adapter/Pdo/Abstract.php(242): Zend_Db_Adapter_Abstract->query('SELECT `main_ta...', Array)
#4 /var/www/html/vendor/magento/framework/DB/Adapter/Pdo/Mysql.php(614): Zend_Db_Adapter_Pdo_Abstract->query('SELECT `main_ta...', Array)
#5 /var/www/html/vendor/magento/framework/DB/Adapter/Pdo/Mysql.php(639): Magento\Framework\DB\Adapter\Pdo\Mysql->Magento\Framework\DB\Adapter\Pdo\{closure}()
#6 /var/www/html/vendor/magento/framework/DB/Adapter/Pdo/Mysql.php(614): Magento\Framework\DB\Adapter\Pdo\Mysql->performQuery(Object(Closure))
#7 /var/www/html/vendor/magento/framework/DB/Adapter/Pdo/Mysql.php(703): Magento\Framework\DB\Adapter\Pdo\Mysql->_query('SELECT `main_ta...', Array)
#8 /var/www/html/vendor/magento/zend-db/library/Zend/Db/Adapter/Abstract.php(737): Magento\Framework\DB\Adapter\Pdo\Mysql->query(Object(Magento\Framework\DB\Select), Array)
#9 /var/www/html/vendor/magento/framework/Data/Collection/Db/FetchStrategy/Query.php(21): Zend_Db_Adapter_Abstract->fetchAll(Object(Magento\Framework\DB\Select), Array)
#10 /var/www/html/vendor/magento/framework/Data/Collection/AbstractDb.php(1011): Magento\Framework\Data\Collection\Db\FetchStrategy\Query->fetchAll(Object(Magento\Framework\DB\Select), Array)
#11 /var/www/html/vendor/magento/framework/Data/Collection/AbstractDb.php(900): Magento\Framework\Data\Collection\AbstractDb->_fetchAll(Object(Magento\Framework\DB\Select))
#12 /var/www/html/vendor/magento/framework/Data/Collection/AbstractDb.php(793): Magento\Framework\Data\Collection\AbstractDb->getData()
#13 /var/www/html/vendor/magento/framework/Data/Collection/AbstractDb.php(777): Magento\Framework\Data\Collection\AbstractDb->loadWithFilter(false, false)
#14 /var/www/html/vendor/magento/framework/Data/Collection.php(340): Magento\Framework\Data\Collection\AbstractDb->load()
#15 /var/www/html/app/code/News/Manger/Ui/DataProvider/Category/CategoryGridDataProvider.php(45): Magento\Framework\Data\Collection->getItems()
#16 /var/www/html/vendor/magento/module-ui/Component/Listing.php(38): News\Manger\Ui\DataProvider\Category\CategoryGridDataProvider->getData()
#17 /var/www/html/vendor/magento/framework/View/Element/UiComponent/Context.php(250): Magento\Ui\Component\Listing->getDataSourceData()
#18 /var/www/html/vendor/magento/framework/View/Element/UiComponent/ContentType/Json.php(69): Magento\Framework\View\Element\UiComponent\Context->getDataSourceData(Object(Magento\Ui\Component\Listing))
#19 /var/www/html/vendor/magento/module-ui/Component/AbstractComponent.php(158): Magento\Framework\View\Element\UiComponent\ContentType\Json->render(Object(Magento\Ui\Component\Listing), 'templates/listi...')
#20 /var/www/html/vendor/magento/module-ui/Controller/Adminhtml/Index/Render.php(91): Magento\Ui\Component\AbstractComponent->render()
#21 /var/www/html/vendor/magento/framework/Interception/Interceptor.php(58): Magento\Ui\Controller\Adminhtml\Index\Render->execute()
#22 /var/www/html/vendor/magento/framework/Interception/Interceptor.php(138): Magento\Ui\Controller\Adminhtml\Index\Render\Interceptor->___callParent('execute', Array)
#23 /var/www/html/vendor/magento/framework/Interception/Interceptor.php(153): Magento\Ui\Controller\Adminhtml\Index\Render\Interceptor->Magento\Framework\Interception\{closure}()
#24 /var/www/html/generated/code/Magento/Ui/Controller/Adminhtml/Index/Render/Interceptor.php(23): Magento\Ui\Controller\Adminhtml\Index\Render\Interceptor->___callPlugins('execute', Array, Array)
#25 /var/www/html/vendor/magento/framework/App/Action/Action.php(111): Magento\Ui\Controller\Adminhtml\Index\Render\Interceptor->execute()
#26 /var/www/html/vendor/magento/module-backend/App/AbstractAction.php(151): Magento\Framework\App\Action\Action->dispatch(Object(Magento\Framework\App\Request\Http))
#27 /var/www/html/vendor/magento/framework/Interception/Interceptor.php(58): Magento\Backend\App\AbstractAction->dispatch(Object(Magento\Framework\App\Request\Http))
#28 /var/www/html/vendor/magento/framework/Interception/Interceptor.php(138): Magento\Ui\Controller\Adminhtml\Index\Render\Interceptor->___callParent('dispatch', Array)
#29 /var/www/html/vendor/magento/module-backend/App/Action/Plugin/Authentication.php(145): Magento\Ui\Controller\Adminhtml\Index\Render\Interceptor->Magento\Framework\Interception\{closure}(Object(Magento\Framework\App\Request\Http))
#30 /var/www/html/vendor/magento/framework/Interception/Interceptor.php(135): Magento\Backend\App\Action\Plugin\Authentication->aroundDispatch(Object(Magento\Ui\Controller\Adminhtml\Index\Render\Interceptor), Object(Closure), Object(Magento\Framework\App\Request\Http))
#31 /var/www/html/vendor/magento/framework/Interception/Interceptor.php(153): Magento\Ui\Controller\Adminhtml\Index\Render\Interceptor->Magento\Framework\Interception\{closure}(Object(Magento\Framework\App\Request\Http))
#32 /var/www/html/generated/code/Magento/Ui/Controller/Adminhtml/Index/Render/Interceptor.php(32): Magento\Ui\Controller\Adminhtml\Index\Render\Interceptor->___callPlugins('dispatch', Array, Array)
#33 /var/www/html/vendor/magento/framework/App/FrontController.php(245): Magento\Ui\Controller\Adminhtml\Index\Render\Interceptor->dispatch(Object(Magento\Framework\App\Request\Http))
#34 /var/www/html/vendor/magento/framework/App/FrontController.php(212): Magento\Framework\App\FrontController->getActionResponse(Object(Magento\Ui\Controller\Adminhtml\Index\Render\Interceptor), Object(Magento\Framework\App\Request\Http))
#35 /var/www/html/vendor/magento/framework/App/FrontController.php(146): Magento\Framework\App\FrontController->processRequest(Object(Magento\Framework\App\Request\Http), Object(Magento\Ui\Controller\Adminhtml\Index\Render\Interceptor))
#36 /var/www/html/vendor/magento/framework/Interception/Interceptor.php(58): Magento\Framework\App\FrontController->dispatch(Object(Magento\Framework\App\Request\Http))
#37 /var/www/html/vendor/magento/framework/Interception/Interceptor.php(138): Magento\Framework\App\FrontController\Interceptor->___callParent('dispatch', Array)
#38 /var/www/html/vendor/magento/framework/Interception/Interceptor.php(153): Magento\Framework\App\FrontController\Interceptor->Magento\Framework\Interception\{closure}(Object(Magento\Framework\App\Request\Http))
#39 /var/www/html/generated/code/Magento/Framework/App/FrontController/Interceptor.php(23): Magento\Framework\App\FrontController\Interceptor->___callPlugins('dispatch', Array, Array)
#40 /var/www/html/vendor/magento/framework/App/Http.php(116): Magento\Framework\App\FrontController\Interceptor->dispatch(Object(Magento\Framework\App\Request\Http))
#41 /var/www/html/vendor/magento/framework/Interception/Interceptor.php(58): Magento\Framework\App\Http->launch()
#42 /var/www/html/vendor/magento/framework/Interception/Interceptor.php(138): Magento\Framework\App\Http\Interceptor->___callParent('launch', Array)
#43 /var/www/html/vendor/magento/module-application-performance-monitor/Plugin/ApplicationPerformanceMonitor.php(38): Magento\Framework\App\Http\Interceptor->Magento\Framework\Interception\{closure}()
#44 /var/www/html/vendor/magento/framework/Interception/Interceptor.php(135): Magento\ApplicationPerformanceMonitor\Plugin\ApplicationPerformanceMonitor->aroundLaunch(Object(Magento\Framework\App\Http\Interceptor), Object(Closure))
#45 /var/www/html/vendor/magento/framework/Interception/Interceptor.php(153): Magento\Framework\App\Http\Interceptor->Magento\Framework\Interception\{closure}()
#46 /var/www/html/generated/code/Magento/Framework/App/Http/Interceptor.php(23): Magento\Framework\App\Http\Interceptor->___callPlugins('launch', Array, NULL)
#47 /var/www/html/vendor/magento/framework/App/Bootstrap.php(264): Magento\Framework\App\Http\Interceptor->launch()
#48 /var/www/html/pub/index.php(30): Magento\Framework\App\Bootstrap->run(Object(Magento\Framework\App\Http\Interceptor))
#49 {main} [] []
[2025-08-11T14:28:04.460821+00:00] main.INFO: Category IDs for news 1: ["1","2","6"] [] []
[2025-08-11T14:28:04.462692+00:00] main.INFO: Category Paths for news 1: ["cat 1","cat2","testupdateskjafjkdfjkfdkjsajdfsfdsfsdfsda\u0627\u0644\u062a\u0627\u0644\u0627\u0644\u0627\u062a\u0644kfasjkfjaha"] [] []
[2025-08-11T14:28:04.463353+00:00] main.INFO: Category IDs for news 2: ["1"] [] []
[2025-08-11T14:28:04.463980+00:00] main.INFO: Category Paths for news 2: ["cat 1"] [] []
[2025-08-11T14:28:04.464492+00:00] main.INFO: Category IDs for news 3: ["1","2","3"] [] []
[2025-08-11T14:28:04.466431+00:00] main.INFO: Category Paths for news 3: ["cat 1","cat2","cat 1 > child of cat 1"] [] []
[2025-08-11T14:28:04.466956+00:00] main.INFO: Category IDs for news 4: ["1","2"] [] []
[2025-08-11T14:28:04.467854+00:00] main.INFO: Category Paths for news 4: ["cat 1","cat2"] [] []
[2025-08-11T14:28:04.468345+00:00] main.INFO: Category IDs for news 5: ["1","4","5"] [] []
[2025-08-11T14:28:04.470295+00:00] main.INFO: Category Paths for news 5: ["cat 1","cat2 > child of cat 2","cat 3"] [] []
[2025-08-11T14:28:04.470823+00:00] main.INFO: Category IDs for news 6: ["4","5"] [] []
[2025-08-11T14:28:04.472820+00:00] main.INFO: Category Paths for news 6: ["cat2 > child of cat 2","cat 3"] [] []
[2025-08-11T14:28:06.810951+00:00] main.INFO: Broken reference: the 'notification.messages' tries to reorder itself towards 'user', but their parents are different: 'header.inner.right' and 'header' respectively. [] []
[2025-08-11T14:28:06.880545+00:00] main.INFO: Category IDs for news 1: ["1","2","6"] [] []
[2025-08-11T14:28:06.882454+00:00] main.INFO: Category Paths for news 1: ["cat 1","cat2","testupdateskjafjkdfjkfdkjsajdfsfdsfsdfsda\u0627\u0644\u062a\u0627\u0644\u0627\u0644\u0627\u062a\u0644kfasjkfjaha"] [] []
[2025-08-11T14:28:06.883123+00:00] main.INFO: Category IDs for news 2: ["1"] [] []
[2025-08-11T14:28:06.883871+00:00] main.INFO: Category Paths for news 2: ["cat 1"] [] []
[2025-08-11T14:28:06.884535+00:00] main.INFO: Category IDs for news 3: ["1","2","3"] [] []
[2025-08-11T14:28:06.887299+00:00] main.INFO: Category Paths for news 3: ["cat 1","cat2","cat 1 > child of cat 1"] [] []
[2025-08-11T14:28:06.888024+00:00] main.INFO: Category IDs for news 4: ["1","2"] [] []
[2025-08-11T14:28:06.889185+00:00] main.INFO: Category Paths for news 4: ["cat 1","cat2"] [] []
[2025-08-11T14:28:06.889780+00:00] main.INFO: Category IDs for news 5: ["1","4","5"] [] []
[2025-08-11T14:28:06.892108+00:00] main.INFO: Category Paths for news 5: ["cat 1","cat2 > child of cat 2","cat 3"] [] []
[2025-08-11T14:28:06.892824+00:00] main.INFO: Category IDs for news 6: ["4","5"] [] []
[2025-08-11T14:28:06.894961+00:00] main.INFO: Category Paths for news 6: ["cat2 > child of cat 2","cat 3"] [] []
[2025-08-11T14:28:07.665434+00:00] main.INFO: Category IDs for news 1: ["1","2","6"] [] []
[2025-08-11T14:28:07.667261+00:00] main.INFO: Category Paths for news 1: ["cat 1","cat2","testupdateskjafjkdfjkfdkjsajdfsfdsfsdfsda\u0627\u0644\u062a\u0627\u0644\u0627\u0644\u0627\u062a\u0644kfasjkfjaha"] [] []
[2025-08-11T14:28:07.667898+00:00] main.INFO: Category IDs for news 2: ["1"] [] []
[2025-08-11T14:28:07.668506+00:00] main.INFO: Category Paths for news 2: ["cat 1"] [] []
[2025-08-11T14:28:07.669061+00:00] main.INFO: Category IDs for news 3: ["1","2","3"] [] []
[2025-08-11T14:28:07.671741+00:00] main.INFO: Category Paths for news 3: ["cat 1","cat2","cat 1 > child of cat 1"] [] []
[2025-08-11T14:28:07.672369+00:00] main.INFO: Category IDs for news 4: ["1","2"] [] []
[2025-08-11T14:28:07.673402+00:00] main.INFO: Category Paths for news 4: ["cat 1","cat2"] [] []
[2025-08-11T14:28:07.673913+00:00] main.INFO: Category IDs for news 5: ["1","4","5"] [] []
[2025-08-11T14:28:07.675985+00:00] main.INFO: Category Paths for news 5: ["cat 1","cat2 > child of cat 2","cat 3"] [] []
[2025-08-11T14:28:07.676739+00:00] main.INFO: Category IDs for news 6: ["4","5"] [] []
[2025-08-11T14:28:07.678754+00:00] main.INFO: Category Paths for news 6: ["cat2 > child of cat 2","cat 3"] [] []
[2025-08-11T14:28:14.112513+00:00] main.INFO: Category IDs for news 1: ["1","2","6"] [] []
[2025-08-11T14:28:14.114081+00:00] main.INFO: Category Paths for news 1: ["cat 1","cat2","testupdateskjafjkdfjkfdkjsajdfsfdsfsdfsda\u0627\u0644\u062a\u0627\u0644\u0627\u0644\u0627\u062a\u0644kfasjkfjaha"] [] []
[2025-08-11T14:28:14.114603+00:00] main.INFO: Category IDs for news 2: ["1"] [] []
[2025-08-11T14:28:14.115134+00:00] main.INFO: Category Paths for news 2: ["cat 1"] [] []
[2025-08-11T14:28:14.115613+00:00] main.INFO: Category IDs for news 3: ["1","2","3"] [] []
[2025-08-11T14:28:14.117514+00:00] main.INFO: Category Paths for news 3: ["cat 1","cat2","cat 1 > child of cat 1"] [] []
[2025-08-11T14:28:14.118011+00:00] main.INFO: Category IDs for news 4: ["1","2"] [] []
[2025-08-11T14:28:14.118925+00:00] main.INFO: Category Paths for news 4: ["cat 1","cat2"] [] []
[2025-08-11T14:28:14.119423+00:00] main.INFO: Category IDs for news 5: ["1","4","5"] [] []
[2025-08-11T14:28:14.121401+00:00] main.INFO: Category Paths for news 5: ["cat 1","cat2 > child of cat 2","cat 3"] [] []
[2025-08-11T14:28:14.121970+00:00] main.INFO: Category IDs for news 6: ["4","5"] [] []
[2025-08-11T14:28:14.123510+00:00] main.INFO: Category Paths for news 6: ["cat2 > child of cat 2","cat 3"] [] []
[2025-08-11T14:28:26.480781+00:00] main.INFO: Category IDs for news 1: ["1","2","6"] [] []
[2025-08-11T14:28:26.482566+00:00] main.INFO: Category Paths for news 1: ["cat 1","cat2","testupdateskjafjkdfjkfdkjsajdfsfdsfsdfsda\u0627\u0644\u062a\u0627\u0644\u0627\u0644\u0627\u062a\u0644kfasjkfjaha"] [] []
[2025-08-11T14:28:26.483187+00:00] main.INFO: Category IDs for news 2: ["1"] [] []
[2025-08-11T14:28:26.483866+00:00] main.INFO: Category Paths for news 2: ["cat 1"] [] []
[2025-08-11T14:28:26.484453+00:00] main.INFO: Category IDs for news 3: ["1","2","3"] [] []
[2025-08-11T14:28:26.486911+00:00] main.INFO: Category Paths for news 3: ["cat 1","cat2","cat 1 > child of cat 1"] [] []
[2025-08-11T14:28:26.487516+00:00] main.INFO: Category IDs for news 4: ["1","2"] [] []
[2025-08-11T14:28:26.488703+00:00] main.INFO: Category Paths for news 4: ["cat 1","cat2"] [] []
[2025-08-11T14:28:53.628591+00:00] main.INFO: Broken reference: the 'news.category.navigation' tries to reorder itself towards 'catalog.topnav', but their parents are different: 'page.top' and 'store.menu' respectively. [] []
[2025-08-11T14:28:53.702186+00:00] main.ERROR: Braintree\Configuration::merchantId needs to be set (or accessToken needs to be passed to Braintree\Gateway). [] []
[2025-08-11T14:28:53.727788+00:00] main.ERROR: Error getting hierarchical categories: SQLSTATE[42S22]: Column not found: 1054 Unknown column 'status' in 'WHERE', query was: SELECT `main_table`.* FROM `news_category` AS `main_table` WHERE (`status` = '1') ORDER BY `level` ASC, sort_order ASC, category_name ASC
 [] []
[2025-08-11T14:28:56.577506+00:00] main.INFO: Broken reference: the 'news.category.navigation' tries to reorder itself towards 'catalog.topnav', but their parents are different: 'page.top' and 'store.menu' respectively. [] []
[2025-08-11T14:28:56.653048+00:00] main.ERROR: Braintree\Configuration::merchantId needs to be set (or accessToken needs to be passed to Braintree\Gateway). [] []
[2025-08-11T14:28:56.679831+00:00] main.ERROR: Error getting hierarchical categories: SQLSTATE[42S22]: Column not found: 1054 Unknown column 'status' in 'WHERE', query was: SELECT `main_table`.* FROM `news_category` AS `main_table` WHERE (`status` = '1') ORDER BY `level` ASC, sort_order ASC, category_name ASC
 [] []
[2025-08-11T14:29:03.929788+00:00] main.INFO: Broken reference: the 'news.category.navigation' tries to reorder itself towards 'catalog.topnav', but their parents are different: 'page.top' and 'store.menu' respectively. [] []
[2025-08-11T14:29:03.999897+00:00] main.ERROR: Braintree\Configuration::merchantId needs to be set (or accessToken needs to be passed to Braintree\Gateway). [] []
[2025-08-11T14:29:04.028971+00:00] main.ERROR: Error getting related news: SQLSTATE[42S22]: Column not found: 1054 Unknown column 'n.id' in 'SELECT', query was: SELECT `n`.`id`, `n`.`news_title`, `n`.`excerpt`, `n`.`created_at`, `n`.`slug`, `n`.`featured_image` FROM `news_news` AS `n`
 INNER JOIN `news_news_category` AS `nc` ON n.id = nc.news_id WHERE (nc.category_id IN ('1', '2', '6')) AND (n.id != '1') AND (n.news_status = 1) GROUP BY `n`.`id` ORDER BY `n`.`created_at` DESC
 LIMIT 4 [] []
[2025-08-11T14:29:06.504803+00:00] main.INFO: Broken reference: the 'catalog.compare.sidebar' element cannot be added as child to 'sidebar.additional', because the latter doesn't exist [] []
[2025-08-11T14:29:06.505176+00:00] main.INFO: Broken reference: the 'sale.reorder.sidebar' element cannot be added as child to 'sidebar.additional', because the latter doesn't exist [] []
[2025-08-11T14:29:06.505515+00:00] main.INFO: Broken reference: the 'wishlist_sidebar' element cannot be added as child to 'sidebar.additional', because the latter doesn't exist [] []
[2025-08-11T14:29:06.505886+00:00] main.INFO: Broken reference: the 'news.category.navigation' tries to reorder itself towards 'catalog.topnav', but their parents are different: 'page.top' and 'store.menu' respectively. [] []
[2025-08-11T14:29:06.585636+00:00] main.ERROR: Braintree\Configuration::merchantId needs to be set (or accessToken needs to be passed to Braintree\Gateway). [] []
[2025-08-11T14:29:26.569589+00:00] main.INFO: Broken reference: the 'news.category.navigation' tries to reorder itself towards 'catalog.topnav', but their parents are different: 'page.top' and 'store.menu' respectively. [] []
[2025-08-11T14:29:26.648572+00:00] main.ERROR: Braintree\Configuration::merchantId needs to be set (or accessToken needs to be passed to Braintree\Gateway). [] []
[2025-08-11T14:29:26.682840+00:00] main.ERROR: Error getting related news: SQLSTATE[42S22]: Column not found: 1054 Unknown column 'n.id' in 'SELECT', query was: SELECT `n`.`id`, `n`.`news_title`, `n`.`excerpt`, `n`.`created_at`, `n`.`slug`, `n`.`featured_image` FROM `news_news` AS `n`
 INNER JOIN `news_news_category` AS `nc` ON n.id = nc.news_id WHERE (nc.category_id IN ('1', '2', '6')) AND (n.id != '1') AND (n.news_status = 1) GROUP BY `n`.`id` ORDER BY `n`.`created_at` DESC
 LIMIT 4 [] []
[2025-08-11T14:29:28.488920+00:00] main.INFO: Broken reference: the 'news.category.navigation' tries to reorder itself towards 'catalog.topnav', but their parents are different: 'page.top' and 'store.menu' respectively. [] []
[2025-08-11T14:29:28.554870+00:00] main.ERROR: Braintree\Configuration::merchantId needs to be set (or accessToken needs to be passed to Braintree\Gateway). [] []
[2025-08-11T14:29:28.581857+00:00] main.ERROR: Error getting hierarchical categories: SQLSTATE[42S22]: Column not found: 1054 Unknown column 'status' in 'WHERE', query was: SELECT `main_table`.* FROM `news_category` AS `main_table` WHERE (`status` = '1') ORDER BY `level` ASC, sort_order ASC, category_name ASC
 [] []
[2025-08-11T14:32:14.304946+00:00] main.INFO: Broken reference: the 'news.category.navigation' tries to reorder itself towards 'catalog.topnav', but their parents are different: 'page.top' and 'store.menu' respectively. [] []
[2025-08-11T14:32:14.395666+00:00] main.ERROR: Braintree\Configuration::merchantId needs to be set (or accessToken needs to be passed to Braintree\Gateway). [] []
[2025-08-11T14:32:14.427605+00:00] main.ERROR: Error getting hierarchical categories: SQLSTATE[42S22]: Column not found: 1054 Unknown column 'status' in 'WHERE', query was: SELECT `main_table`.* FROM `news_category` AS `main_table` WHERE (`status` = '1') ORDER BY `level` ASC, sort_order ASC, category_name ASC
 [] []
[2025-08-11T14:32:16.780117+00:00] main.INFO: Broken reference: the 'news.category.navigation' tries to reorder itself towards 'catalog.topnav', but their parents are different: 'page.top' and 'store.menu' respectively. [] []
[2025-08-11T14:32:16.863228+00:00] main.ERROR: Braintree\Configuration::merchantId needs to be set (or accessToken needs to be passed to Braintree\Gateway). [] []
[2025-08-11T14:32:16.893812+00:00] main.ERROR: Error getting hierarchical categories: SQLSTATE[42S22]: Column not found: 1054 Unknown column 'status' in 'WHERE', query was: SELECT `main_table`.* FROM `news_category` AS `main_table` WHERE (`status` = '1') ORDER BY `level` ASC, sort_order ASC, category_name ASC
 [] []
[2025-08-11T14:32:20.902938+00:00] main.INFO: Broken reference: the 'news.category.navigation' tries to reorder itself towards 'catalog.topnav', but their parents are different: 'page.top' and 'store.menu' respectively. [] []
[2025-08-11T14:32:20.991398+00:00] main.ERROR: Braintree\Configuration::merchantId needs to be set (or accessToken needs to be passed to Braintree\Gateway). [] []
[2025-08-11T14:32:21.026451+00:00] main.ERROR: Error getting related news: SQLSTATE[42S22]: Column not found: 1054 Unknown column 'n.id' in 'SELECT', query was: SELECT `n`.`id`, `n`.`news_title`, `n`.`excerpt`, `n`.`created_at`, `n`.`slug`, `n`.`featured_image` FROM `news_news` AS `n`
 INNER JOIN `news_news_category` AS `nc` ON n.id = nc.news_id WHERE (nc.category_id IN ('1', '4', '5')) AND (n.id != '5') AND (n.news_status = 1) GROUP BY `n`.`id` ORDER BY `n`.`created_at` DESC
 LIMIT 4 [] []
[2025-08-11T14:32:27.455228+00:00] main.INFO: Broken reference: the 'news.category.navigation' tries to reorder itself towards 'catalog.topnav', but their parents are different: 'page.top' and 'store.menu' respectively. [] []
[2025-08-11T14:32:27.544479+00:00] main.ERROR: Braintree\Configuration::merchantId needs to be set (or accessToken needs to be passed to Braintree\Gateway). [] []
[2025-08-11T14:32:27.579203+00:00] main.ERROR: Error getting related news: SQLSTATE[42S22]: Column not found: 1054 Unknown column 'n.id' in 'SELECT', query was: SELECT `n`.`id`, `n`.`news_title`, `n`.`excerpt`, `n`.`created_at`, `n`.`slug`, `n`.`featured_image` FROM `news_news` AS `n`
 INNER JOIN `news_news_category` AS `nc` ON n.id = nc.news_id WHERE (nc.category_id IN ('1', '4', '5')) AND (n.id != '5') AND (n.news_status = 1) GROUP BY `n`.`id` ORDER BY `n`.`created_at` DESC
 LIMIT 4 [] []
[2025-08-11T14:33:30.884196+00:00] main.INFO: Broken reference: the 'news.category.navigation' tries to reorder itself towards 'catalog.topnav', but their parents are different: 'page.top' and 'store.menu' respectively. [] []
[2025-08-11T14:33:30.959210+00:00] main.ERROR: Braintree\Configuration::merchantId needs to be set (or accessToken needs to be passed to Braintree\Gateway). [] []
[2025-08-11T14:33:30.990557+00:00] main.ERROR: Error getting related news: SQLSTATE[42S22]: Column not found: 1054 Unknown column 'n.id' in 'SELECT', query was: SELECT `n`.`id`, `n`.`news_title`, `n`.`excerpt`, `n`.`created_at`, `n`.`slug`, `n`.`featured_image` FROM `news_news` AS `n`
 INNER JOIN `news_news_category` AS `nc` ON n.id = nc.news_id WHERE (nc.category_id IN ('1', '4', '5')) AND (n.id != '5') AND (n.news_status = 1) GROUP BY `n`.`id` ORDER BY `n`.`created_at` DESC
 LIMIT 4 [] []
[2025-08-11T14:33:39.969769+00:00] main.INFO: Broken reference: the 'catalog.compare.sidebar' element cannot be added as child to 'sidebar.additional', because the latter doesn't exist [] []
[2025-08-11T14:33:39.970112+00:00] main.INFO: Broken reference: the 'sale.reorder.sidebar' element cannot be added as child to 'sidebar.additional', because the latter doesn't exist [] []
[2025-08-11T14:33:39.970417+00:00] main.INFO: Broken reference: the 'wishlist_sidebar' element cannot be added as child to 'sidebar.additional', because the latter doesn't exist [] []
[2025-08-11T14:33:39.970744+00:00] main.INFO: Broken reference: the 'news.category.navigation' tries to reorder itself towards 'catalog.topnav', but their parents are different: 'page.top' and 'store.menu' respectively. [] []
[2025-08-11T14:33:40.042635+00:00] main.ERROR: Braintree\Configuration::merchantId needs to be set (or accessToken needs to be passed to Braintree\Gateway). [] []
[2025-08-11T14:33:43.579792+00:00] main.INFO: Broken reference: the 'news.category.navigation' tries to reorder itself towards 'catalog.topnav', but their parents are different: 'page.top' and 'store.menu' respectively. [] []
[2025-08-11T14:33:43.653388+00:00] main.ERROR: Braintree\Configuration::merchantId needs to be set (or accessToken needs to be passed to Braintree\Gateway). [] []
[2025-08-11T14:33:43.682845+00:00] main.ERROR: Error getting related news: SQLSTATE[42S22]: Column not found: 1054 Unknown column 'n.id' in 'SELECT', query was: SELECT `n`.`id`, `n`.`news_title`, `n`.`excerpt`, `n`.`created_at`, `n`.`slug`, `n`.`featured_image` FROM `news_news` AS `n`
 INNER JOIN `news_news_category` AS `nc` ON n.id = nc.news_id WHERE (nc.category_id IN ('1', '2', '3')) AND (n.id != '3') AND (n.news_status = 1) GROUP BY `n`.`id` ORDER BY `n`.`created_at` DESC
 LIMIT 4 [] []
[2025-08-11T14:34:59.230098+00:00] main.INFO: Broken reference: the 'catalog.compare.sidebar' element cannot be added as child to 'sidebar.additional', because the latter doesn't exist [] []
[2025-08-11T14:34:59.230505+00:00] main.INFO: Broken reference: the 'sale.reorder.sidebar' element cannot be added as child to 'sidebar.additional', because the latter doesn't exist [] []
[2025-08-11T14:34:59.230826+00:00] main.INFO: Broken reference: the 'wishlist_sidebar' element cannot be added as child to 'sidebar.additional', because the latter doesn't exist [] []
[2025-08-11T14:34:59.231137+00:00] main.INFO: Broken reference: the 'news.category.navigation' tries to reorder itself towards 'catalog.topnav', but their parents are different: 'page.top' and 'store.menu' respectively. [] []
[2025-08-11T14:34:59.308680+00:00] main.ERROR: Braintree\Configuration::merchantId needs to be set (or accessToken needs to be passed to Braintree\Gateway). [] []
[2025-08-11T14:35:15.738966+00:00] main.INFO: Broken reference: the 'notification.messages' tries to reorder itself towards 'user', but their parents are different: 'header.inner.right' and 'header' respectively. [] []
[2025-08-11T14:35:49.612045+00:00] main.INFO: Broken reference: the 'notification.messages' tries to reorder itself towards 'user', but their parents are different: 'header.inner.right' and 'header' respectively. [] []
[2025-08-11T14:36:43.718296+00:00] main.INFO: Broken reference: the 'notification.messages' tries to reorder itself towards 'user', but their parents are different: 'header.inner.right' and 'header' respectively. [] []
[2025-08-11T14:37:22.333455+00:00] main.INFO: Broken reference: the 'notification.messages' tries to reorder itself towards 'user', but their parents are different: 'header.inner.right' and 'header' respectively. [] []
[2025-08-11T14:37:26.595944+00:00] main.INFO: Broken reference: the 'notification.messages' tries to reorder itself towards 'user', but their parents are different: 'header.inner.right' and 'header' respectively. [] []
[2025-08-11T14:39:17.317968+00:00] main.INFO: Broken reference: the 'notification.messages' tries to reorder itself towards 'user', but their parents are different: 'header.inner.right' and 'header' respectively. [] []
[2025-08-11T14:40:20.703264+00:00] main.INFO: Broken reference: the 'notification.messages' tries to reorder itself towards 'user', but their parents are different: 'header.inner.right' and 'header' respectively. [] []
[2025-08-11T14:40:53.969742+00:00] main.INFO: Broken reference: the 'notification.messages' tries to reorder itself towards 'user', but their parents are different: 'header.inner.right' and 'header' respectively. [] []
[2025-08-11T14:41:01.465231+00:00] main.INFO: Broken reference: the 'notification.messages' tries to reorder itself towards 'user', but their parents are different: 'header.inner.right' and 'header' respectively. [] []
[2025-08-11T15:13:31.828179+00:00] main.INFO: Broken reference: the 'tracking' element cannot be added as child to 'header', because the latter doesn't exist [] []
[2025-08-11T15:13:31.828549+00:00] main.INFO: Broken reference: the 'notification_area' element cannot be added as child to 'notifications', because the latter doesn't exist [] []
[2025-08-11T15:13:31.828760+00:00] main.INFO: Broken reference: the 'unread_system_messages' element cannot be added as child to 'notifications', because the latter doesn't exist [] []
[2025-08-11T15:13:31.828911+00:00] main.INFO: Broken reference: the 'notification_window' element cannot be added as child to 'notifications', because the latter doesn't exist [] []
[2025-08-11T15:13:31.829031+00:00] main.INFO: Broken reference: the 'notification.messages' element cannot be added as child to 'header', because the latter doesn't exist [] []
[2025-08-11T15:13:31.829171+00:00] main.INFO: Broken reference: the 'global_notices' element cannot be added as child to 'global.notices', because the latter doesn't exist [] []
[2025-08-11T15:13:31.829286+00:00] main.INFO: Broken reference: the 'logo' element cannot be added as child to 'header', because the latter doesn't exist [] []
[2025-08-11T15:13:31.829402+00:00] main.INFO: Broken reference: the 'global.search' element cannot be added as child to 'header', because the latter doesn't exist [] []
[2025-08-11T15:13:31.829540+00:00] main.INFO: Broken reference: the 'user' element cannot be added as child to 'header', because the latter doesn't exist [] []
[2025-08-11T15:13:31.829657+00:00] main.INFO: Broken reference: the 'menu' element cannot be added as child to 'page.menu', because the latter doesn't exist [] []
[2025-08-11T15:13:31.829769+00:00] main.INFO: Broken reference: the 'breadcrumbs' element cannot be added as child to 'page.breadcrumbs', because the latter doesn't exist [] []
[2025-08-11T15:13:31.829880+00:00] main.INFO: Broken reference: the 'formkey' element cannot be added as child to 'page.formkey', because the latter doesn't exist [] []
[2025-08-11T15:13:31.830046+00:00] main.INFO: Broken reference: the 'page.title' element cannot be added as child to 'main.top', because the latter doesn't exist [] []
[2025-08-11T15:13:31.830167+00:00] main.INFO: Broken reference: the 'messages' element cannot be added as child to 'page.messages', because the latter doesn't exist [] []
[2025-08-11T15:13:31.830309+00:00] main.INFO: Broken reference: the 'page.actions.toolbar' element cannot be added as child to 'page.main.actions', because the latter doesn't exist [] []
[2025-08-11T15:13:31.830436+00:00] main.INFO: Broken reference: the 'legal' element cannot be added as child to 'footer', because the latter doesn't exist [] []
[2025-08-11T15:13:31.830667+00:00] main.INFO: Broken reference: the 'header.inner.left' element cannot be added as child to 'header', because the latter doesn't exist [] []
[2025-08-11T15:13:31.830788+00:00] main.INFO: Broken reference: the 'header.inner.right' element cannot be added as child to 'header', because the latter doesn't exist [] []
[2025-08-11T15:13:31.830966+00:00] main.INFO: Broken reference: the 'user' tries to reorder itself towards '', but their parents are different: 'header' and '' respectively. [] []
[2025-08-11T15:13:31.831089+00:00] main.INFO: Broken reference: the 'notification.messages' tries to reorder itself towards 'user', but their parents are different: 'header' and '' respectively. [] []
[2025-08-11T15:13:31.831203+00:00] main.INFO: Broken reference: the 'logo' tries to reorder itself towards '', but their parents are different: 'header' and '' respectively. [] []
[2025-08-11T15:13:31.831313+00:00] main.INFO: Broken reference: the 'global.search' tries to reorder itself towards 'logo', but their parents are different: 'header' and '' respectively. [] []
[2025-08-11T15:13:31.831422+00:00] main.INFO: Broken reference: the 'page.actions.toolbar' tries to reorder itself towards '', but their parents are different: 'page.main.actions' and '' respectively. [] []
[2025-08-11T15:13:31.831576+00:00] main.INFO: Broken reference: the 'header.inner.left' tries to reorder itself towards '', but their parents are different: 'header' and '' respectively. [] []
[2025-08-11T15:13:31.831696+00:00] main.INFO: Broken reference: the 'header.inner.right' tries to reorder itself towards 'header.inner.left', but their parents are different: 'header' and '' respectively. [] []
[2025-08-11T15:13:31.831821+00:00] main.INFO: Broken reference: the 'notification.messages' tries to reorder itself towards 'user', but their parents are different: 'header.inner.right' and '' respectively. [] []
[2025-08-11T15:13:42.992902+00:00] main.INFO: Broken reference: the 'notification.messages' tries to reorder itself towards 'user', but their parents are different: 'header.inner.right' and 'header' respectively. [] []
[2025-08-11T15:13:46.692820+00:00] main.INFO: Broken reference: the 'notification.messages' tries to reorder itself towards 'user', but their parents are different: 'header.inner.right' and 'header' respectively. [] []
[2025-08-11T15:13:46.844948+00:00] main.INFO: Category IDs for news 1: ["1","2","6","9","10"] [] []
[2025-08-11T15:13:46.848463+00:00] main.INFO: Category Paths for news 1: ["cat 1","cat2","testupdateskjafjkdfjkfdkjsajdfsfdsfsdfsda\u0627\u0644\u062a\u0627\u0644\u0627\u0644\u0627\u062a\u0644kfasjkfjaha","cat 999","cat2 > cat 999mmmmm"] [] []
[2025-08-11T15:13:46.849093+00:00] main.INFO: Category IDs for news 2: ["1"] [] []
[2025-08-11T15:13:46.849735+00:00] main.INFO: Category Paths for news 2: ["cat 1"] [] []
[2025-08-11T15:13:46.850274+00:00] main.INFO: Category IDs for news 3: ["1","2","3"] [] []
[2025-08-11T15:13:46.852799+00:00] main.INFO: Category Paths for news 3: ["cat 1","cat2","cat 1 > child of cat 1"] [] []
[2025-08-11T15:13:46.853444+00:00] main.INFO: Category IDs for news 4: ["1","2"] [] []
[2025-08-11T15:13:46.854393+00:00] main.INFO: Category Paths for news 4: ["cat 1","cat2"] [] []
[2025-08-11T15:13:46.854905+00:00] main.INFO: Category IDs for news 5: ["1","4","5"] [] []
[2025-08-11T15:13:46.857438+00:00] main.INFO: Category Paths for news 5: ["cat 1","cat2 > child of cat 2","cat 3"] [] []
[2025-08-11T15:13:46.858162+00:00] main.INFO: Category IDs for news 6: ["4","5"] [] []
[2025-08-11T15:13:46.860193+00:00] main.INFO: Category Paths for news 6: ["cat2 > child of cat 2","cat 3"] [] []
[2025-08-11T15:13:48.029366+00:00] main.INFO: Category IDs for news 1: ["1","2","6","9","10"] [] []
[2025-08-11T15:13:48.032511+00:00] main.INFO: Category Paths for news 1: ["cat 1","cat2","testupdateskjafjkdfjkfdkjsajdfsfdsfsdfsda\u0627\u0644\u062a\u0627\u0644\u0627\u0644\u0627\u062a\u0644kfasjkfjaha","cat 999","cat2 > cat 999mmmmm"] [] []
[2025-08-11T15:13:48.033188+00:00] main.INFO: Category IDs for news 2: ["1"] [] []
[2025-08-11T15:13:48.033877+00:00] main.INFO: Category Paths for news 2: ["cat 1"] [] []
[2025-08-11T15:13:48.034503+00:00] main.INFO: Category IDs for news 3: ["1","2","3"] [] []
[2025-08-11T15:13:48.037018+00:00] main.INFO: Category Paths for news 3: ["cat 1","cat2","cat 1 > child of cat 1"] [] []
[2025-08-11T15:13:48.037641+00:00] main.INFO: Category IDs for news 4: ["1","2"] [] []
[2025-08-11T15:13:48.038990+00:00] main.INFO: Category Paths for news 4: ["cat 1","cat2"] [] []
[2025-08-11T15:13:48.039617+00:00] main.INFO: Category IDs for news 5: ["1","4","5"] [] []
[2025-08-11T15:13:48.041934+00:00] main.INFO: Category Paths for news 5: ["cat 1","cat2 > child of cat 2","cat 3"] [] []
[2025-08-11T15:13:48.042667+00:00] main.INFO: Category IDs for news 6: ["4","5"] [] []
[2025-08-11T15:13:48.044557+00:00] main.INFO: Category Paths for news 6: ["cat2 > child of cat 2","cat 3"] [] []
[2025-08-11T15:15:22.159887+00:00] main.INFO: Broken reference: the 'notification.messages' tries to reorder itself towards 'user', but their parents are different: 'header.inner.right' and 'header' respectively. [] []
[2025-08-11T15:15:22.253348+00:00] main.ERROR: Error getting category IDs for news: Warning: Undefined property: News\Manger\Block\Adminhtml\News\Edit\Form\Interceptor::$_objectManager in /var/www/html/app/code/News/Manger/Block/Adminhtml/News/Edit/Form.php on line 199 [] []
[2025-08-11T15:15:50.221699+00:00] main.INFO: Broken reference: the 'notification.messages' tries to reorder itself towards 'user', but their parents are different: 'header.inner.right' and 'header' respectively. [] []
[2025-08-11T15:15:50.286463+00:00] main.ERROR: Error getting category IDs for news: Warning: Undefined property: News\Manger\Block\Adminhtml\News\Edit\Form\Interceptor::$_objectManager in /var/www/html/app/code/News/Manger/Block/Adminhtml/News/Edit/Form.php on line 199 [] []
[2025-08-11T15:15:50.612872+00:00] main.INFO: Broken reference: the 'notification.messages' tries to reorder itself towards 'user', but their parents are different: 'header.inner.right' and 'header' respectively. [] []
[2025-08-11T15:15:50.672529+00:00] main.ERROR: Error getting category IDs for news: Warning: Undefined property: News\Manger\Block\Adminhtml\News\Edit\Form\Interceptor::$_objectManager in /var/www/html/app/code/News/Manger/Block/Adminhtml/News/Edit/Form.php on line 199 [] []
[2025-08-11T15:15:50.854271+00:00] main.INFO: Broken reference: the 'notification.messages' tries to reorder itself towards 'user', but their parents are different: 'header.inner.right' and 'header' respectively. [] []
[2025-08-11T15:15:50.950018+00:00] main.ERROR: Error getting category IDs for news: Warning: Undefined property: News\Manger\Block\Adminhtml\News\Edit\Form\Interceptor::$_objectManager in /var/www/html/app/code/News/Manger/Block/Adminhtml/News/Edit/Form.php on line 199 [] []
[2025-08-11T15:15:51.534274+00:00] main.INFO: Broken reference: the 'notification.messages' tries to reorder itself towards 'user', but their parents are different: 'header.inner.right' and 'header' respectively. [] []
[2025-08-11T15:15:51.624967+00:00] main.ERROR: Error getting category IDs for news: Warning: Undefined property: News\Manger\Block\Adminhtml\News\Edit\Form\Interceptor::$_objectManager in /var/www/html/app/code/News/Manger/Block/Adminhtml/News/Edit/Form.php on line 199 [] []
[2025-08-11T15:16:03.967752+00:00] main.INFO: Saving categories for news 4: ["1","5"] [] []
[2025-08-11T15:16:03.970012+00:00] main.INFO: Deleted existing category associations for news 4 [] []
[2025-08-11T15:16:03.972345+00:00] main.INFO: Inserted new category associations for news 4 [] []
[2025-08-11T15:16:04.065233+00:00] main.INFO: Broken reference: the 'notification.messages' tries to reorder itself towards 'user', but their parents are different: 'header.inner.right' and 'header' respectively. [] []
[2025-08-11T15:16:04.141310+00:00] main.INFO: Category IDs for news 1: ["1","2","6","9","10"] [] []
[2025-08-11T15:16:04.144963+00:00] main.INFO: Category Paths for news 1: ["cat 1","cat2","testupdateskjafjkdfjkfdkjsajdfsfdsfsdfsda\u0627\u0644\u062a\u0627\u0644\u0627\u0644\u0627\u062a\u0644kfasjkfjaha","cat 999","cat2 > cat 999mmmmm"] [] []
[2025-08-11T15:16:04.145589+00:00] main.INFO: Category IDs for news 2: ["1"] [] []
[2025-08-11T15:16:04.146160+00:00] main.INFO: Category Paths for news 2: ["cat 1"] [] []
[2025-08-11T15:16:04.146669+00:00] main.INFO: Category IDs for news 3: ["1","2","3"] [] []
[2025-08-11T15:16:04.148630+00:00] main.INFO: Category Paths for news 3: ["cat 1","cat2","cat 1 > child of cat 1"] [] []
[2025-08-11T15:16:04.149141+00:00] main.INFO: Category IDs for news 4: ["1","5"] [] []
[2025-08-11T15:16:04.150136+00:00] main.INFO: Category Paths for news 4: ["cat 1","cat 3"] [] []
[2025-08-11T15:16:04.150647+00:00] main.INFO: Category IDs for news 5: ["1","4","5"] [] []
[2025-08-11T15:16:04.152550+00:00] main.INFO: Category Paths for news 5: ["cat 1","cat2 > child of cat 2","cat 3"] [] []
[2025-08-11T15:16:04.153054+00:00] main.INFO: Category IDs for news 6: ["4","5"] [] []
[2025-08-11T15:16:04.154636+00:00] main.INFO: Category Paths for news 6: ["cat2 > child of cat 2","cat 3"] [] []
[2025-08-11T15:16:05.294310+00:00] main.INFO: Category IDs for news 1: ["1","2","6","9","10"] [] []
[2025-08-11T15:16:05.298106+00:00] main.INFO: Category Paths for news 1: ["cat 1","cat2","testupdateskjafjkdfjkfdkjsajdfsfdsfsdfsda\u0627\u0644\u062a\u0627\u0644\u0627\u0644\u0627\u062a\u0644kfasjkfjaha","cat 999","cat2 > cat 999mmmmm"] [] []
[2025-08-11T15:16:05.298732+00:00] main.INFO: Category IDs for news 2: ["1"] [] []
[2025-08-11T15:16:05.299435+00:00] main.INFO: Category Paths for news 2: ["cat 1"] [] []
[2025-08-11T15:16:05.300096+00:00] main.INFO: Category IDs for news 3: ["1","2","3"] [] []
[2025-08-11T15:16:05.302795+00:00] main.INFO: Category Paths for news 3: ["cat 1","cat2","cat 1 > child of cat 1"] [] []
[2025-08-11T15:16:05.303412+00:00] main.INFO: Category IDs for news 4: ["1","5"] [] []
[2025-08-11T15:16:05.304450+00:00] main.INFO: Category Paths for news 4: ["cat 1","cat 3"] [] []
[2025-08-11T15:16:05.305026+00:00] main.INFO: Category IDs for news 5: ["1","4","5"] [] []
[2025-08-11T15:16:05.307458+00:00] main.INFO: Category Paths for news 5: ["cat 1","cat2 > child of cat 2","cat 3"] [] []
[2025-08-11T15:16:05.308038+00:00] main.INFO: Category IDs for news 6: ["4","5"] [] []
[2025-08-11T15:16:05.309985+00:00] main.INFO: Category Paths for news 6: ["cat2 > child of cat 2","cat 3"] [] []
[2025-08-11T15:17:01.571020+00:00] main.INFO: CreateCategory Input: {"category_description":"hamda related news","category_name":"categgggggggggggggggggggg","category_status":1,"parent_ids":[]} [] []
[2025-08-11T15:17:01.577312+00:00] main.INFO: Category created with ID: 11 [] []
[2025-08-11T15:17:01.577468+00:00] main.INFO: Final createCategory result: {"category_id":11,"category_name":"categgggggggggggggggggggg","category_description":"hamda related news","category_status":1,"created_at":"2025-08-11 15:17:01","updated_at":"2025-08-11 15:17:01","parent_ids":[],"model":{}} [] []
[2025-08-11T15:17:15.333046+00:00] main.INFO: CreateCategory Input: {"category_description":"hamda related news","category_name":"categgggggggggggggggggggg","category_status":1,"parent_ids":[7,8]} [] []
[2025-08-11T15:17:15.342611+00:00] main.INFO: Category created with ID: 12 [] []
[2025-08-11T15:17:15.342772+00:00] main.INFO: Final createCategory result: {"category_id":12,"category_name":"categgggggggggggggggggggg","category_description":"hamda related news","category_status":1,"created_at":"2025-08-11 15:17:15","updated_at":"2025-08-11 15:17:15","parent_ids":[7,8],"model":{}} [] []
[2025-08-11T15:19:21.622157+00:00] main.INFO: NewsList Resolver called with args {"pageSize":20,"currentPage":1,"filters":[]} []
[2025-08-11T15:19:21.627961+00:00] main.INFO: NewsList results {"total_count":6,"items_count":6,"page_info":{"page_size":20,"current_page":1,"total_pages":1.0}} []
[2025-08-11T15:22:17.685134+00:00] main.INFO: Broken reference: the 'notification.messages' tries to reorder itself towards 'user', but their parents are different: 'header.inner.right' and 'header' respectively. [] []
[2025-08-11T15:22:20.756242+00:00] main.INFO: Broken reference: the 'notification.messages' tries to reorder itself towards 'user', but their parents are different: 'header.inner.right' and 'header' respectively. [] []
[2025-08-11T15:44:02.630331+00:00] main.INFO: Broken reference: the 'news.category.navigation' tries to reorder itself towards 'catalog.topnav', but their parents are different: 'page.top' and 'store.menu' respectively. [] []
[2025-08-11T15:44:02.718666+00:00] main.ERROR: Braintree\Configuration::merchantId needs to be set (or accessToken needs to be passed to Braintree\Gateway). [] []
[2025-08-12T07:58:34.295378+00:00] main.INFO: Broken reference: the 'catalog.compare.sidebar' element cannot be added as child to 'sidebar.additional', because the latter doesn't exist [] []
[2025-08-12T07:58:34.297502+00:00] main.INFO: Broken reference: the 'sale.reorder.sidebar' element cannot be added as child to 'sidebar.additional', because the latter doesn't exist [] []
[2025-08-12T07:58:34.298107+00:00] main.INFO: Broken reference: the 'wishlist_sidebar' element cannot be added as child to 'sidebar.additional', because the latter doesn't exist [] []
[2025-08-12T07:58:34.298732+00:00] main.INFO: Broken reference: the 'news.category.navigation' tries to reorder itself towards 'catalog.topnav', but their parents are different: 'page.top' and 'store.menu' respectively. [] []
[2025-08-12T07:58:34.588785+00:00] main.ERROR: Braintree\Configuration::merchantId needs to be set (or accessToken needs to be passed to Braintree\Gateway). [] []
[2025-08-12T07:58:46.267652+00:00] main.INFO: Broken reference: the 'tracking' element cannot be added as child to 'header', because the latter doesn't exist [] []
[2025-08-12T07:58:46.267973+00:00] main.INFO: Broken reference: the 'notification_area' element cannot be added as child to 'notifications', because the latter doesn't exist [] []
[2025-08-12T07:58:46.268118+00:00] main.INFO: Broken reference: the 'unread_system_messages' element cannot be added as child to 'notifications', because the latter doesn't exist [] []
[2025-08-12T07:58:46.268260+00:00] main.INFO: Broken reference: the 'notification_window' element cannot be added as child to 'notifications', because the latter doesn't exist [] []
[2025-08-12T07:58:46.268377+00:00] main.INFO: Broken reference: the 'notification.messages' element cannot be added as child to 'header', because the latter doesn't exist [] []
[2025-08-12T07:58:46.268498+00:00] main.INFO: Broken reference: the 'global_notices' element cannot be added as child to 'global.notices', because the latter doesn't exist [] []
[2025-08-12T07:58:46.268612+00:00] main.INFO: Broken reference: the 'logo' element cannot be added as child to 'header', because the latter doesn't exist [] []
[2025-08-12T07:58:46.268729+00:00] main.INFO: Broken reference: the 'global.search' element cannot be added as child to 'header', because the latter doesn't exist [] []
[2025-08-12T07:58:46.268862+00:00] main.INFO: Broken reference: the 'user' element cannot be added as child to 'header', because the latter doesn't exist [] []
[2025-08-12T07:58:46.268987+00:00] main.INFO: Broken reference: the 'menu' element cannot be added as child to 'page.menu', because the latter doesn't exist [] []
[2025-08-12T07:58:46.269101+00:00] main.INFO: Broken reference: the 'breadcrumbs' element cannot be added as child to 'page.breadcrumbs', because the latter doesn't exist [] []
[2025-08-12T07:58:46.269254+00:00] main.INFO: Broken reference: the 'formkey' element cannot be added as child to 'page.formkey', because the latter doesn't exist [] []
[2025-08-12T07:58:46.269392+00:00] main.INFO: Broken reference: the 'page.title' element cannot be added as child to 'main.top', because the latter doesn't exist [] []
[2025-08-12T07:58:46.269507+00:00] main.INFO: Broken reference: the 'messages' element cannot be added as child to 'page.messages', because the latter doesn't exist [] []
[2025-08-12T07:58:46.269621+00:00] main.INFO: Broken reference: the 'page.actions.toolbar' element cannot be added as child to 'page.main.actions', because the latter doesn't exist [] []
[2025-08-12T07:58:46.269735+00:00] main.INFO: Broken reference: the 'legal' element cannot be added as child to 'footer', because the latter doesn't exist [] []
[2025-08-12T07:58:46.269957+00:00] main.INFO: Broken reference: the 'header.inner.left' element cannot be added as child to 'header', because the latter doesn't exist [] []
[2025-08-12T07:58:46.270088+00:00] main.INFO: Broken reference: the 'header.inner.right' element cannot be added as child to 'header', because the latter doesn't exist [] []
[2025-08-12T07:58:46.270264+00:00] main.INFO: Broken reference: the 'user' tries to reorder itself towards '', but their parents are different: 'header' and '' respectively. [] []
[2025-08-12T07:58:46.270392+00:00] main.INFO: Broken reference: the 'notification.messages' tries to reorder itself towards 'user', but their parents are different: 'header' and '' respectively. [] []
[2025-08-12T07:58:46.270510+00:00] main.INFO: Broken reference: the 'logo' tries to reorder itself towards '', but their parents are different: 'header' and '' respectively. [] []
[2025-08-12T07:58:46.270632+00:00] main.INFO: Broken reference: the 'global.search' tries to reorder itself towards 'logo', but their parents are different: 'header' and '' respectively. [] []
[2025-08-12T07:58:46.270744+00:00] main.INFO: Broken reference: the 'page.actions.toolbar' tries to reorder itself towards '', but their parents are different: 'page.main.actions' and '' respectively. [] []
[2025-08-12T07:58:46.270902+00:00] main.INFO: Broken reference: the 'header.inner.left' tries to reorder itself towards '', but their parents are different: 'header' and '' respectively. [] []
[2025-08-12T07:58:46.271021+00:00] main.INFO: Broken reference: the 'header.inner.right' tries to reorder itself towards 'header.inner.left', but their parents are different: 'header' and '' respectively. [] []
[2025-08-12T07:58:46.271143+00:00] main.INFO: Broken reference: the 'notification.messages' tries to reorder itself towards 'user', but their parents are different: 'header.inner.right' and '' respectively. [] []
[2025-08-12T07:58:56.260164+00:00] main.INFO: Broken reference: the 'notification.messages' tries to reorder itself towards 'user', but their parents are different: 'header.inner.right' and 'header' respectively. [] []
[2025-08-12T07:59:07.451315+00:00] main.INFO: Broken reference: the 'notification.messages' tries to reorder itself towards 'user', but their parents are different: 'header.inner.right' and 'header' respectively. [] []
[2025-08-12T07:59:35.895521+00:00] main.INFO: Broken reference: the 'notification.messages' tries to reorder itself towards 'user', but their parents are different: 'header.inner.right' and 'header' respectively. [] []
[2025-08-12T07:59:41.548660+00:00] main.INFO: Broken reference: the 'product.reviews' element cannot be added as child to 'product_tabs', because the latter doesn't exist [] []
[2025-08-12T07:59:41.549150+00:00] main.INFO: Broken reference: the 'notification.messages' tries to reorder itself towards 'user', but their parents are different: 'header.inner.right' and 'header' respectively. [] []
[2025-08-12T08:00:33.455850+00:00] main.INFO: Broken reference: the 'notification.messages' tries to reorder itself towards 'user', but their parents are different: 'header.inner.right' and 'header' respectively. [] []
[2025-08-12T08:18:38.002420+00:00] main.INFO: Broken reference: the 'tracking' element cannot be added as child to 'header', because the latter doesn't exist [] []
[2025-08-12T08:18:38.003050+00:00] main.INFO: Broken reference: the 'notification_area' element cannot be added as child to 'notifications', because the latter doesn't exist [] []
[2025-08-12T08:18:38.003321+00:00] main.INFO: Broken reference: the 'unread_system_messages' element cannot be added as child to 'notifications', because the latter doesn't exist [] []
[2025-08-12T08:18:38.003575+00:00] main.INFO: Broken reference: the 'notification_window' element cannot be added as child to 'notifications', because the latter doesn't exist [] []
[2025-08-12T08:18:38.003756+00:00] main.INFO: Broken reference: the 'notification.messages' element cannot be added as child to 'header', because the latter doesn't exist [] []
[2025-08-12T08:18:38.003959+00:00] main.INFO: Broken reference: the 'global_notices' element cannot be added as child to 'global.notices', because the latter doesn't exist [] []
[2025-08-12T08:18:38.004126+00:00] main.INFO: Broken reference: the 'logo' element cannot be added as child to 'header', because the latter doesn't exist [] []
[2025-08-12T08:18:38.004291+00:00] main.INFO: Broken reference: the 'global.search' element cannot be added as child to 'header', because the latter doesn't exist [] []
[2025-08-12T08:18:38.004469+00:00] main.INFO: Broken reference: the 'user' element cannot be added as child to 'header', because the latter doesn't exist [] []
[2025-08-12T08:18:38.004631+00:00] main.INFO: Broken reference: the 'menu' element cannot be added as child to 'page.menu', because the latter doesn't exist [] []
[2025-08-12T08:18:38.004790+00:00] main.INFO: Broken reference: the 'breadcrumbs' element cannot be added as child to 'page.breadcrumbs', because the latter doesn't exist [] []
[2025-08-12T08:18:38.004975+00:00] main.INFO: Broken reference: the 'formkey' element cannot be added as child to 'page.formkey', because the latter doesn't exist [] []
[2025-08-12T08:18:38.005136+00:00] main.INFO: Broken reference: the 'page.title' element cannot be added as child to 'main.top', because the latter doesn't exist [] []
[2025-08-12T08:18:38.005294+00:00] main.INFO: Broken reference: the 'messages' element cannot be added as child to 'page.messages', because the latter doesn't exist [] []
[2025-08-12T08:18:38.005453+00:00] main.INFO: Broken reference: the 'page.actions.toolbar' element cannot be added as child to 'page.main.actions', because the latter doesn't exist [] []
[2025-08-12T08:18:38.005612+00:00] main.INFO: Broken reference: the 'legal' element cannot be added as child to 'footer', because the latter doesn't exist [] []
[2025-08-12T08:18:38.006013+00:00] main.INFO: Broken reference: the 'header.inner.left' element cannot be added as child to 'header', because the latter doesn't exist [] []
[2025-08-12T08:18:38.006249+00:00] main.INFO: Broken reference: the 'header.inner.right' element cannot be added as child to 'header', because the latter doesn't exist [] []
[2025-08-12T08:18:38.006537+00:00] main.INFO: Broken reference: the 'user' tries to reorder itself towards '', but their parents are different: 'header' and '' respectively. [] []
[2025-08-12T08:18:38.006711+00:00] main.INFO: Broken reference: the 'notification.messages' tries to reorder itself towards 'user', but their parents are different: 'header' and '' respectively. [] []
[2025-08-12T08:18:38.006893+00:00] main.INFO: Broken reference: the 'logo' tries to reorder itself towards '', but their parents are different: 'header' and '' respectively. [] []
[2025-08-12T08:18:38.007056+00:00] main.INFO: Broken reference: the 'global.search' tries to reorder itself towards 'logo', but their parents are different: 'header' and '' respectively. [] []
[2025-08-12T08:18:38.007211+00:00] main.INFO: Broken reference: the 'page.actions.toolbar' tries to reorder itself towards '', but their parents are different: 'page.main.actions' and '' respectively. [] []
[2025-08-12T08:18:38.007404+00:00] main.INFO: Broken reference: the 'header.inner.left' tries to reorder itself towards '', but their parents are different: 'header' and '' respectively. [] []
[2025-08-12T08:18:38.007571+00:00] main.INFO: Broken reference: the 'header.inner.right' tries to reorder itself towards 'header.inner.left', but their parents are different: 'header' and '' respectively. [] []
[2025-08-12T08:18:38.007744+00:00] main.INFO: Broken reference: the 'notification.messages' tries to reorder itself towards 'user', but their parents are different: 'header.inner.right' and '' respectively. [] []
[2025-08-12T08:18:46.452730+00:00] main.INFO: Broken reference: the 'notification.messages' tries to reorder itself towards 'user', but their parents are different: 'header.inner.right' and 'header' respectively. [] []
[2025-08-12T08:18:53.921672+00:00] main.INFO: Broken reference: the 'notification.messages' tries to reorder itself towards 'user', but their parents are different: 'header.inner.right' and 'header' respectively. [] []
[2025-08-12T08:19:00.161495+00:00] main.INFO: Broken reference: the 'notification.messages' tries to reorder itself towards 'user', but their parents are different: 'header.inner.right' and 'header' respectively. [] []
[2025-08-12T08:33:32.761597+00:00] main.INFO: Broken reference: the 'notification.messages' tries to reorder itself towards 'user', but their parents are different: 'header.inner.right' and 'header' respectively. [] []
[2025-08-12T08:33:37.963553+00:00] main.INFO: Broken reference: the 'notification.messages' tries to reorder itself towards 'user', but their parents are different: 'header.inner.right' and 'header' respectively. [] []
[2025-08-12T08:33:42.255198+00:00] main.INFO: Broken reference: the 'notification.messages' tries to reorder itself towards 'user', but their parents are different: 'header.inner.right' and 'header' respectively. [] []
[2025-08-12T08:58:31.160414+00:00] main.INFO: Broken reference: the 'tracking' element cannot be added as child to 'header', because the latter doesn't exist [] []
[2025-08-12T08:58:31.160831+00:00] main.INFO: Broken reference: the 'notification_area' element cannot be added as child to 'notifications', because the latter doesn't exist [] []
[2025-08-12T08:58:31.161054+00:00] main.INFO: Broken reference: the 'unread_system_messages' element cannot be added as child to 'notifications', because the latter doesn't exist [] []
[2025-08-12T08:58:31.161241+00:00] main.INFO: Broken reference: the 'notification_window' element cannot be added as child to 'notifications', because the latter doesn't exist [] []
[2025-08-12T08:58:31.161421+00:00] main.INFO: Broken reference: the 'notification.messages' element cannot be added as child to 'header', because the latter doesn't exist [] []
[2025-08-12T08:58:31.161714+00:00] main.INFO: Broken reference: the 'global_notices' element cannot be added as child to 'global.notices', because the latter doesn't exist [] []
[2025-08-12T08:58:31.161948+00:00] main.INFO: Broken reference: the 'logo' element cannot be added as child to 'header', because the latter doesn't exist [] []
[2025-08-12T08:58:31.162135+00:00] main.INFO: Broken reference: the 'global.search' element cannot be added as child to 'header', because the latter doesn't exist [] []
[2025-08-12T08:58:31.162299+00:00] main.INFO: Broken reference: the 'user' element cannot be added as child to 'header', because the latter doesn't exist [] []
[2025-08-12T08:58:31.162460+00:00] main.INFO: Broken reference: the 'menu' element cannot be added as child to 'page.menu', because the latter doesn't exist [] []
[2025-08-12T08:58:31.162620+00:00] main.INFO: Broken reference: the 'breadcrumbs' element cannot be added as child to 'page.breadcrumbs', because the latter doesn't exist [] []
[2025-08-12T08:58:31.162778+00:00] main.INFO: Broken reference: the 'formkey' element cannot be added as child to 'page.formkey', because the latter doesn't exist [] []
[2025-08-12T08:58:31.162958+00:00] main.INFO: Broken reference: the 'page.title' element cannot be added as child to 'main.top', because the latter doesn't exist [] []
[2025-08-12T08:58:31.163117+00:00] main.INFO: Broken reference: the 'messages' element cannot be added as child to 'page.messages', because the latter doesn't exist [] []
[2025-08-12T08:58:31.163288+00:00] main.INFO: Broken reference: the 'page.actions.toolbar' element cannot be added as child to 'page.main.actions', because the latter doesn't exist [] []
[2025-08-12T08:58:31.163449+00:00] main.INFO: Broken reference: the 'legal' element cannot be added as child to 'footer', because the latter doesn't exist [] []
[2025-08-12T08:58:31.163879+00:00] main.INFO: Broken reference: the 'header.inner.left' element cannot be added as child to 'header', because the latter doesn't exist [] []
[2025-08-12T08:58:31.164137+00:00] main.INFO: Broken reference: the 'header.inner.right' element cannot be added as child to 'header', because the latter doesn't exist [] []
[2025-08-12T08:58:31.164571+00:00] main.INFO: Broken reference: the 'user' tries to reorder itself towards '', but their parents are different: 'header' and '' respectively. [] []
[2025-08-12T08:58:31.164875+00:00] main.INFO: Broken reference: the 'notification.messages' tries to reorder itself towards 'user', but their parents are different: 'header' and '' respectively. [] []
[2025-08-12T08:58:31.165172+00:00] main.INFO: Broken reference: the 'logo' tries to reorder itself towards '', but their parents are different: 'header' and '' respectively. [] []
[2025-08-12T08:58:31.165446+00:00] main.INFO: Broken reference: the 'global.search' tries to reorder itself towards 'logo', but their parents are different: 'header' and '' respectively. [] []
[2025-08-12T08:58:31.165703+00:00] main.INFO: Broken reference: the 'page.actions.toolbar' tries to reorder itself towards '', but their parents are different: 'page.main.actions' and '' respectively. [] []
[2025-08-12T08:58:31.166047+00:00] main.INFO: Broken reference: the 'header.inner.left' tries to reorder itself towards '', but their parents are different: 'header' and '' respectively. [] []
[2025-08-12T08:58:31.166329+00:00] main.INFO: Broken reference: the 'header.inner.right' tries to reorder itself towards 'header.inner.left', but their parents are different: 'header' and '' respectively. [] []
[2025-08-12T08:58:31.166550+00:00] main.INFO: Broken reference: the 'notification.messages' tries to reorder itself towards 'user', but their parents are different: 'header.inner.right' and '' respectively. [] []
[2025-08-12T08:58:38.384542+00:00] main.INFO: Broken reference: the 'tracking' element cannot be added as child to 'header', because the latter doesn't exist [] []
[2025-08-12T08:58:38.384958+00:00] main.INFO: Broken reference: the 'notification_area' element cannot be added as child to 'notifications', because the latter doesn't exist [] []
[2025-08-12T08:58:38.385166+00:00] main.INFO: Broken reference: the 'unread_system_messages' element cannot be added as child to 'notifications', because the latter doesn't exist [] []
[2025-08-12T08:58:38.385335+00:00] main.INFO: Broken reference: the 'notification_window' element cannot be added as child to 'notifications', because the latter doesn't exist [] []
[2025-08-12T08:58:38.385497+00:00] main.INFO: Broken reference: the 'notification.messages' element cannot be added as child to 'header', because the latter doesn't exist [] []
[2025-08-12T08:58:38.385668+00:00] main.INFO: Broken reference: the 'global_notices' element cannot be added as child to 'global.notices', because the latter doesn't exist [] []
[2025-08-12T08:58:38.385845+00:00] main.INFO: Broken reference: the 'logo' element cannot be added as child to 'header', because the latter doesn't exist [] []
[2025-08-12T08:58:38.386015+00:00] main.INFO: Broken reference: the 'global.search' element cannot be added as child to 'header', because the latter doesn't exist [] []
[2025-08-12T08:58:38.386175+00:00] main.INFO: Broken reference: the 'user' element cannot be added as child to 'header', because the latter doesn't exist [] []
[2025-08-12T08:58:38.386331+00:00] main.INFO: Broken reference: the 'menu' element cannot be added as child to 'page.menu', because the latter doesn't exist [] []
[2025-08-12T08:58:38.386488+00:00] main.INFO: Broken reference: the 'breadcrumbs' element cannot be added as child to 'page.breadcrumbs', because the latter doesn't exist [] []
[2025-08-12T08:58:38.386654+00:00] main.INFO: Broken reference: the 'formkey' element cannot be added as child to 'page.formkey', because the latter doesn't exist [] []
[2025-08-12T08:58:38.386808+00:00] main.INFO: Broken reference: the 'page.title' element cannot be added as child to 'main.top', because the latter doesn't exist [] []
[2025-08-12T08:58:38.387108+00:00] main.INFO: Broken reference: the 'messages' element cannot be added as child to 'page.messages', because the latter doesn't exist [] []
[2025-08-12T08:58:38.387272+00:00] main.INFO: Broken reference: the 'page.actions.toolbar' element cannot be added as child to 'page.main.actions', because the latter doesn't exist [] []
[2025-08-12T08:58:38.387429+00:00] main.INFO: Broken reference: the 'legal' element cannot be added as child to 'footer', because the latter doesn't exist [] []
[2025-08-12T08:58:38.387735+00:00] main.INFO: Broken reference: the 'header.inner.left' element cannot be added as child to 'header', because the latter doesn't exist [] []
[2025-08-12T08:58:38.387924+00:00] main.INFO: Broken reference: the 'header.inner.right' element cannot be added as child to 'header', because the latter doesn't exist [] []
[2025-08-12T08:58:38.388184+00:00] main.INFO: Broken reference: the 'user' tries to reorder itself towards '', but their parents are different: 'header' and '' respectively. [] []
[2025-08-12T08:58:38.388356+00:00] main.INFO: Broken reference: the 'notification.messages' tries to reorder itself towards 'user', but their parents are different: 'header' and '' respectively. [] []
[2025-08-12T08:58:38.388518+00:00] main.INFO: Broken reference: the 'logo' tries to reorder itself towards '', but their parents are different: 'header' and '' respectively. [] []
[2025-08-12T08:58:38.388673+00:00] main.INFO: Broken reference: the 'global.search' tries to reorder itself towards 'logo', but their parents are different: 'header' and '' respectively. [] []
[2025-08-12T08:58:38.388837+00:00] main.INFO: Broken reference: the 'page.actions.toolbar' tries to reorder itself towards '', but their parents are different: 'page.main.actions' and '' respectively. [] []
[2025-08-12T08:58:38.389057+00:00] main.INFO: Broken reference: the 'header.inner.left' tries to reorder itself towards '', but their parents are different: 'header' and '' respectively. [] []
[2025-08-12T08:58:38.389217+00:00] main.INFO: Broken reference: the 'header.inner.right' tries to reorder itself towards 'header.inner.left', but their parents are different: 'header' and '' respectively. [] []
[2025-08-12T08:58:38.389402+00:00] main.INFO: Broken reference: the 'notification.messages' tries to reorder itself towards 'user', but their parents are different: 'header.inner.right' and '' respectively. [] []
[2025-08-12T08:58:47.947096+00:00] main.INFO: Broken reference: the 'notification.messages' tries to reorder itself towards 'user', but their parents are different: 'header.inner.right' and 'header' respectively. [] []
[2025-08-12T08:59:37.288833+00:00] main.INFO: Broken reference: the 'notification.messages' tries to reorder itself towards 'user', but their parents are different: 'header.inner.right' and 'header' respectively. [] []
[2025-08-12T08:59:55.717361+00:00] main.INFO: Broken reference: the 'notification.messages' tries to reorder itself towards 'user', but their parents are different: 'header.inner.right' and 'header' respectively. [] []
[2025-08-12T09:00:12.644275+00:00] main.INFO: Broken reference: the 'notification.messages' tries to reorder itself towards 'user', but their parents are different: 'header.inner.right' and 'header' respectively. [] []
[2025-08-12T09:01:09.525316+00:00] main.INFO: Broken reference: the 'notification.messages' tries to reorder itself towards 'user', but their parents are different: 'header.inner.right' and 'header' respectively. [] []
[2025-08-12T09:01:20.804574+00:00] main.INFO: Broken reference: the 'notification.messages' tries to reorder itself towards 'user', but their parents are different: 'header.inner.right' and 'header' respectively. [] []
[2025-08-12T09:01:30.221463+00:00] main.INFO: Broken reference: the 'notification.messages' tries to reorder itself towards 'user', but their parents are different: 'header.inner.right' and 'header' respectively. [] []
[2025-08-12T09:01:34.307008+00:00] main.INFO: Broken reference: the 'notification.messages' tries to reorder itself towards 'user', but their parents are different: 'header.inner.right' and 'header' respectively. [] []
[2025-08-12T09:18:52.353872+00:00] main.INFO: Broken reference: the 'tracking' element cannot be added as child to 'header', because the latter doesn't exist [] []
[2025-08-12T09:18:52.354277+00:00] main.INFO: Broken reference: the 'notification_area' element cannot be added as child to 'notifications', because the latter doesn't exist [] []
[2025-08-12T09:18:52.354470+00:00] main.INFO: Broken reference: the 'unread_system_messages' element cannot be added as child to 'notifications', because the latter doesn't exist [] []
[2025-08-12T09:18:52.354643+00:00] main.INFO: Broken reference: the 'notification_window' element cannot be added as child to 'notifications', because the latter doesn't exist [] []
[2025-08-12T09:18:52.354809+00:00] main.INFO: Broken reference: the 'notification.messages' element cannot be added as child to 'header', because the latter doesn't exist [] []
[2025-08-12T09:18:52.355004+00:00] main.INFO: Broken reference: the 'global_notices' element cannot be added as child to 'global.notices', because the latter doesn't exist [] []
[2025-08-12T09:18:52.355169+00:00] main.INFO: Broken reference: the 'logo' element cannot be added as child to 'header', because the latter doesn't exist [] []
[2025-08-12T09:18:52.355332+00:00] main.INFO: Broken reference: the 'global.search' element cannot be added as child to 'header', because the latter doesn't exist [] []
[2025-08-12T09:18:52.355493+00:00] main.INFO: Broken reference: the 'user' element cannot be added as child to 'header', because the latter doesn't exist [] []
[2025-08-12T09:18:52.355654+00:00] main.INFO: Broken reference: the 'menu' element cannot be added as child to 'page.menu', because the latter doesn't exist [] []
[2025-08-12T09:18:52.355837+00:00] main.INFO: Broken reference: the 'breadcrumbs' element cannot be added as child to 'page.breadcrumbs', because the latter doesn't exist [] []
[2025-08-12T09:18:52.356005+00:00] main.INFO: Broken reference: the 'formkey' element cannot be added as child to 'page.formkey', because the latter doesn't exist [] []
[2025-08-12T09:18:52.356178+00:00] main.INFO: Broken reference: the 'page.title' element cannot be added as child to 'main.top', because the latter doesn't exist [] []
[2025-08-12T09:18:52.356331+00:00] main.INFO: Broken reference: the 'messages' element cannot be added as child to 'page.messages', because the latter doesn't exist [] []
[2025-08-12T09:18:52.356483+00:00] main.INFO: Broken reference: the 'page.actions.toolbar' element cannot be added as child to 'page.main.actions', because the latter doesn't exist [] []
[2025-08-12T09:18:52.356637+00:00] main.INFO: Broken reference: the 'legal' element cannot be added as child to 'footer', because the latter doesn't exist [] []
[2025-08-12T09:18:52.356951+00:00] main.INFO: Broken reference: the 'header.inner.left' element cannot be added as child to 'header', because the latter doesn't exist [] []
[2025-08-12T09:18:52.357130+00:00] main.INFO: Broken reference: the 'header.inner.right' element cannot be added as child to 'header', because the latter doesn't exist [] []
[2025-08-12T09:18:52.357381+00:00] main.INFO: Broken reference: the 'user' tries to reorder itself towards '', but their parents are different: 'header' and '' respectively. [] []
[2025-08-12T09:18:52.357547+00:00] main.INFO: Broken reference: the 'notification.messages' tries to reorder itself towards 'user', but their parents are different: 'header' and '' respectively. [] []
[2025-08-12T09:18:52.357707+00:00] main.INFO: Broken reference: the 'logo' tries to reorder itself towards '', but their parents are different: 'header' and '' respectively. [] []
[2025-08-12T09:18:52.357890+00:00] main.INFO: Broken reference: the 'global.search' tries to reorder itself towards 'logo', but their parents are different: 'header' and '' respectively. [] []
[2025-08-12T09:18:52.358053+00:00] main.INFO: Broken reference: the 'page.actions.toolbar' tries to reorder itself towards '', but their parents are different: 'page.main.actions' and '' respectively. [] []
[2025-08-12T09:18:52.358248+00:00] main.INFO: Broken reference: the 'header.inner.left' tries to reorder itself towards '', but their parents are different: 'header' and '' respectively. [] []
[2025-08-12T09:18:52.358409+00:00] main.INFO: Broken reference: the 'header.inner.right' tries to reorder itself towards 'header.inner.left', but their parents are different: 'header' and '' respectively. [] []
[2025-08-12T09:18:52.358623+00:00] main.INFO: Broken reference: the 'notification.messages' tries to reorder itself towards 'user', but their parents are different: 'header.inner.right' and '' respectively. [] []
[2025-08-12T09:19:05.264270+00:00] main.INFO: Broken reference: the 'notification.messages' tries to reorder itself towards 'user', but their parents are different: 'header.inner.right' and 'header' respectively. [] []
[2025-08-12T09:19:37.503454+00:00] main.INFO: Broken reference: the 'notification.messages' tries to reorder itself towards 'user', but their parents are different: 'header.inner.right' and 'header' respectively. [] []
[2025-08-12T09:20:34.576351+00:00] main.INFO: Broken reference: the 'notification.messages' tries to reorder itself towards 'user', but their parents are different: 'header.inner.right' and 'header' respectively. [] []
[2025-08-12T09:20:57.006408+00:00] main.INFO: Broken reference: the 'notification.messages' tries to reorder itself towards 'user', but their parents are different: 'header.inner.right' and 'header' respectively. [] []
[2025-08-12T09:23:21.257960+00:00] main.INFO: Broken reference: the 'notification.messages' tries to reorder itself towards 'user', but their parents are different: 'header.inner.right' and 'header' respectively. [] []
[2025-08-12T09:23:23.418729+00:00] main.INFO: Broken reference: the 'notification.messages' tries to reorder itself towards 'user', but their parents are different: 'header.inner.right' and 'header' respectively. [] []
[2025-08-12T09:23:29.764574+00:00] main.INFO: Broken reference: the 'notification.messages' tries to reorder itself towards 'user', but their parents are different: 'header.inner.right' and 'header' respectively. [] []
[2025-08-12T09:23:48.962872+00:00] main.INFO: Broken reference: the 'notification.messages' tries to reorder itself towards 'user', but their parents are different: 'header.inner.right' and 'header' respectively. [] []
[2025-08-12T09:55:24.001840+00:00] main.INFO: Broken reference: the 'tracking' element cannot be added as child to 'header', because the latter doesn't exist [] []
[2025-08-12T09:55:24.002249+00:00] main.INFO: Broken reference: the 'notification_area' element cannot be added as child to 'notifications', because the latter doesn't exist [] []
[2025-08-12T09:55:24.002440+00:00] main.INFO: Broken reference: the 'unread_system_messages' element cannot be added as child to 'notifications', because the latter doesn't exist [] []
[2025-08-12T09:55:24.002613+00:00] main.INFO: Broken reference: the 'notification_window' element cannot be added as child to 'notifications', because the latter doesn't exist [] []
[2025-08-12T09:55:24.002793+00:00] main.INFO: Broken reference: the 'notification.messages' element cannot be added as child to 'header', because the latter doesn't exist [] []
[2025-08-12T09:55:24.002990+00:00] main.INFO: Broken reference: the 'global_notices' element cannot be added as child to 'global.notices', because the latter doesn't exist [] []
[2025-08-12T09:55:24.003152+00:00] main.INFO: Broken reference: the 'logo' element cannot be added as child to 'header', because the latter doesn't exist [] []
[2025-08-12T09:55:24.003313+00:00] main.INFO: Broken reference: the 'global.search' element cannot be added as child to 'header', because the latter doesn't exist [] []
[2025-08-12T09:55:24.003474+00:00] main.INFO: Broken reference: the 'user' element cannot be added as child to 'header', because the latter doesn't exist [] []
[2025-08-12T09:55:24.003634+00:00] main.INFO: Broken reference: the 'menu' element cannot be added as child to 'page.menu', because the latter doesn't exist [] []
[2025-08-12T09:55:24.003791+00:00] main.INFO: Broken reference: the 'breadcrumbs' element cannot be added as child to 'page.breadcrumbs', because the latter doesn't exist [] []
[2025-08-12T09:55:24.003971+00:00] main.INFO: Broken reference: the 'formkey' element cannot be added as child to 'page.formkey', because the latter doesn't exist [] []
[2025-08-12T09:55:24.004131+00:00] main.INFO: Broken reference: the 'page.title' element cannot be added as child to 'main.top', because the latter doesn't exist [] []
[2025-08-12T09:55:24.004289+00:00] main.INFO: Broken reference: the 'messages' element cannot be added as child to 'page.messages', because the latter doesn't exist [] []
[2025-08-12T09:55:24.004448+00:00] main.INFO: Broken reference: the 'page.actions.toolbar' element cannot be added as child to 'page.main.actions', because the latter doesn't exist [] []
[2025-08-12T09:55:24.004607+00:00] main.INFO: Broken reference: the 'legal' element cannot be added as child to 'footer', because the latter doesn't exist [] []
[2025-08-12T09:55:24.004930+00:00] main.INFO: Broken reference: the 'header.inner.left' element cannot be added as child to 'header', because the latter doesn't exist [] []
[2025-08-12T09:55:24.005111+00:00] main.INFO: Broken reference: the 'header.inner.right' element cannot be added as child to 'header', because the latter doesn't exist [] []
[2025-08-12T09:55:24.005379+00:00] main.INFO: Broken reference: the 'user' tries to reorder itself towards '', but their parents are different: 'header' and '' respectively. [] []
[2025-08-12T09:55:24.005582+00:00] main.INFO: Broken reference: the 'notification.messages' tries to reorder itself towards 'user', but their parents are different: 'header' and '' respectively. [] []
[2025-08-12T09:55:24.005747+00:00] main.INFO: Broken reference: the 'logo' tries to reorder itself towards '', but their parents are different: 'header' and '' respectively. [] []
[2025-08-12T09:55:24.005926+00:00] main.INFO: Broken reference: the 'global.search' tries to reorder itself towards 'logo', but their parents are different: 'header' and '' respectively. [] []
[2025-08-12T09:55:24.006099+00:00] main.INFO: Broken reference: the 'page.actions.toolbar' tries to reorder itself towards '', but their parents are different: 'page.main.actions' and '' respectively. [] []
[2025-08-12T09:55:24.006319+00:00] main.INFO: Broken reference: the 'header.inner.left' tries to reorder itself towards '', but their parents are different: 'header' and '' respectively. [] []
[2025-08-12T09:55:24.006479+00:00] main.INFO: Broken reference: the 'header.inner.right' tries to reorder itself towards 'header.inner.left', but their parents are different: 'header' and '' respectively. [] []
[2025-08-12T09:55:24.006647+00:00] main.INFO: Broken reference: the 'notification.messages' tries to reorder itself towards 'user', but their parents are different: 'header.inner.right' and '' respectively. [] []
[2025-08-17T07:37:24.798724+00:00] main.INFO: Broken reference: the 'catalog.compare.sidebar' element cannot be added as child to 'sidebar.additional', because the latter doesn't exist [] []
[2025-08-17T07:37:24.799610+00:00] main.INFO: Broken reference: the 'sale.reorder.sidebar' element cannot be added as child to 'sidebar.additional', because the latter doesn't exist [] []
[2025-08-17T07:37:24.800134+00:00] main.INFO: Broken reference: the 'wishlist_sidebar' element cannot be added as child to 'sidebar.additional', because the latter doesn't exist [] []
[2025-08-17T07:37:24.800405+00:00] main.INFO: Broken reference: the 'paypal.partner.right.logo' element cannot be added as child to 'sidebar.additional', because the latter doesn't exist [] []
[2025-08-17T07:37:24.800619+00:00] main.INFO: Broken reference: the 'bml.right.logo' element cannot be added as child to 'sidebar.additional', because the latter doesn't exist [] []
[2025-08-17T07:37:24.800794+00:00] main.INFO: Broken reference: the 'sidebar.container.paylater' element cannot be added as child to 'sidebar.additional', because the latter doesn't exist [] []
[2025-08-17T07:37:24.801232+00:00] main.INFO: Broken reference: the 'news.category.navigation' tries to reorder itself towards 'catalog.topnav', but their parents are different: 'page.top' and 'store.menu' respectively. [] []
[2025-08-17T07:37:25.219097+00:00] main.ERROR: Braintree\Configuration::merchantId needs to be set (or accessToken needs to be passed to Braintree\Gateway). [] []
[2025-08-17T07:37:57.155998+00:00] main.INFO: Broken reference: the 'catalog.compare.sidebar' element cannot be added as child to 'sidebar.additional', because the latter doesn't exist [] []
[2025-08-17T07:37:57.156378+00:00] main.INFO: Broken reference: the 'sale.reorder.sidebar' element cannot be added as child to 'sidebar.additional', because the latter doesn't exist [] []
[2025-08-17T07:37:57.156724+00:00] main.INFO: Broken reference: the 'wishlist_sidebar' element cannot be added as child to 'sidebar.additional', because the latter doesn't exist [] []
[2025-08-17T07:37:57.157107+00:00] main.INFO: Broken reference: the 'news.category.navigation' tries to reorder itself towards 'catalog.topnav', but their parents are different: 'page.top' and 'store.menu' respectively. [] []
[2025-08-17T07:37:57.232150+00:00] main.ERROR: Braintree\Configuration::merchantId needs to be set (or accessToken needs to be passed to Braintree\Gateway). [] []
[2025-08-17T07:42:54.181308+00:00] main.INFO: Broken reference: the 'tracking' element cannot be added as child to 'header', because the latter doesn't exist [] []
[2025-08-17T07:42:54.181744+00:00] main.INFO: Broken reference: the 'notification_area' element cannot be added as child to 'notifications', because the latter doesn't exist [] []
[2025-08-17T07:42:54.181946+00:00] main.INFO: Broken reference: the 'unread_system_messages' element cannot be added as child to 'notifications', because the latter doesn't exist [] []
[2025-08-17T07:42:54.182126+00:00] main.INFO: Broken reference: the 'notification_window' element cannot be added as child to 'notifications', because the latter doesn't exist [] []
[2025-08-17T07:42:54.182297+00:00] main.INFO: Broken reference: the 'notification.messages' element cannot be added as child to 'header', because the latter doesn't exist [] []
[2025-08-17T07:42:54.182540+00:00] main.INFO: Broken reference: the 'global_notices' element cannot be added as child to 'global.notices', because the latter doesn't exist [] []
[2025-08-17T07:42:54.182739+00:00] main.INFO: Broken reference: the 'logo' element cannot be added as child to 'header', because the latter doesn't exist [] []
[2025-08-17T07:42:54.182931+00:00] main.INFO: Broken reference: the 'global.search' element cannot be added as child to 'header', because the latter doesn't exist [] []
[2025-08-17T07:42:54.183155+00:00] main.INFO: Broken reference: the 'user' element cannot be added as child to 'header', because the latter doesn't exist [] []
[2025-08-17T07:42:54.183443+00:00] main.INFO: Broken reference: the 'menu' element cannot be added as child to 'page.menu', because the latter doesn't exist [] []
[2025-08-17T07:42:54.183691+00:00] main.INFO: Broken reference: the 'breadcrumbs' element cannot be added as child to 'page.breadcrumbs', because the latter doesn't exist [] []
[2025-08-17T07:42:54.183862+00:00] main.INFO: Broken reference: the 'formkey' element cannot be added as child to 'page.formkey', because the latter doesn't exist [] []
[2025-08-17T07:42:54.184028+00:00] main.INFO: Broken reference: the 'page.title' element cannot be added as child to 'main.top', because the latter doesn't exist [] []
[2025-08-17T07:42:54.184219+00:00] main.INFO: Broken reference: the 'messages' element cannot be added as child to 'page.messages', because the latter doesn't exist [] []
[2025-08-17T07:42:54.184381+00:00] main.INFO: Broken reference: the 'page.actions.toolbar' element cannot be added as child to 'page.main.actions', because the latter doesn't exist [] []
[2025-08-17T07:42:54.184569+00:00] main.INFO: Broken reference: the 'legal' element cannot be added as child to 'footer', because the latter doesn't exist [] []
[2025-08-17T07:42:54.184896+00:00] main.INFO: Broken reference: the 'header.inner.left' element cannot be added as child to 'header', because the latter doesn't exist [] []
[2025-08-17T07:42:54.185072+00:00] main.INFO: Broken reference: the 'header.inner.right' element cannot be added as child to 'header', because the latter doesn't exist [] []
[2025-08-17T07:42:54.185338+00:00] main.INFO: Broken reference: the 'user' tries to reorder itself towards '', but their parents are different: 'header' and '' respectively. [] []
[2025-08-17T07:42:54.185553+00:00] main.INFO: Broken reference: the 'notification.messages' tries to reorder itself towards 'user', but their parents are different: 'header' and '' respectively. [] []
[2025-08-17T07:42:54.185727+00:00] main.INFO: Broken reference: the 'logo' tries to reorder itself towards '', but their parents are different: 'header' and '' respectively. [] []
[2025-08-17T07:42:54.185891+00:00] main.INFO: Broken reference: the 'global.search' tries to reorder itself towards 'logo', but their parents are different: 'header' and '' respectively. [] []
[2025-08-17T07:42:54.186054+00:00] main.INFO: Broken reference: the 'page.actions.toolbar' tries to reorder itself towards '', but their parents are different: 'page.main.actions' and '' respectively. [] []
[2025-08-17T07:42:54.186256+00:00] main.INFO: Broken reference: the 'header.inner.left' tries to reorder itself towards '', but their parents are different: 'header' and '' respectively. [] []
[2025-08-17T07:42:54.186434+00:00] main.INFO: Broken reference: the 'header.inner.right' tries to reorder itself towards 'header.inner.left', but their parents are different: 'header' and '' respectively. [] []
[2025-08-17T07:42:54.186624+00:00] main.INFO: Broken reference: the 'notification.messages' tries to reorder itself towards 'user', but their parents are different: 'header.inner.right' and '' respectively. [] []
[2025-08-17T07:43:13.436137+00:00] main.INFO: Broken reference: the 'notification.messages' tries to reorder itself towards 'user', but their parents are different: 'header.inner.right' and 'header' respectively. [] []
[2025-08-17T07:43:25.166707+00:00] main.INFO: Broken reference: the 'notification.messages' tries to reorder itself towards 'user', but their parents are different: 'header.inner.right' and 'header' respectively. [] []
[2025-08-17T07:43:29.997879+00:00] main.INFO: Broken reference: the 'notification.messages' tries to reorder itself towards 'user', but their parents are different: 'header.inner.right' and 'header' respectively. [] []
[2025-08-17T07:44:04.129710+00:00] main.INFO: Broken reference: the 'notification.messages' tries to reorder itself towards 'user', but their parents are different: 'header.inner.right' and 'header' respectively. [] []
[2025-08-17T07:44:20.727023+00:00] main.INFO: Broken reference: the 'notification.messages' tries to reorder itself towards 'user', but their parents are different: 'header.inner.right' and 'header' respectively. [] []
[2025-08-17T07:48:16.333397+00:00] main.INFO: Broken reference: the 'notification.messages' tries to reorder itself towards 'user', but their parents are different: 'header.inner.right' and 'header' respectively. [] []
[2025-08-17T07:48:52.116767+00:00] main.INFO: Broken reference: the 'notification.messages' tries to reorder itself towards 'user', but their parents are different: 'header.inner.right' and 'header' respectively. [] []
[2025-08-17T08:54:32.225876+00:00] main.INFO: Broken reference: the 'news.category.navigation' tries to reorder itself towards 'catalog.topnav', but their parents are different: 'page.top' and 'store.menu' respectively. [] []
[2025-08-17T08:54:32.321289+00:00] main.ERROR: Braintree\Configuration::merchantId needs to be set (or accessToken needs to be passed to Braintree\Gateway). [] []
[2025-08-18T06:28:39.978892+00:00] main.INFO: Broken reference: the 'tracking' element cannot be added as child to 'header', because the latter doesn't exist [] []
[2025-08-18T06:28:39.979749+00:00] main.INFO: Broken reference: the 'notification_area' element cannot be added as child to 'notifications', because the latter doesn't exist [] []
[2025-08-18T06:28:39.979975+00:00] main.INFO: Broken reference: the 'unread_system_messages' element cannot be added as child to 'notifications', because the latter doesn't exist [] []
[2025-08-18T06:28:39.980172+00:00] main.INFO: Broken reference: the 'notification_window' element cannot be added as child to 'notifications', because the latter doesn't exist [] []
[2025-08-18T06:28:39.980360+00:00] main.INFO: Broken reference: the 'notification.messages' element cannot be added as child to 'header', because the latter doesn't exist [] []
[2025-08-18T06:28:39.980557+00:00] main.INFO: Broken reference: the 'global_notices' element cannot be added as child to 'global.notices', because the latter doesn't exist [] []
[2025-08-18T06:28:39.980765+00:00] main.INFO: Broken reference: the 'logo' element cannot be added as child to 'header', because the latter doesn't exist [] []
[2025-08-18T06:28:39.980966+00:00] main.INFO: Broken reference: the 'global.search' element cannot be added as child to 'header', because the latter doesn't exist [] []
[2025-08-18T06:28:39.981158+00:00] main.INFO: Broken reference: the 'user' element cannot be added as child to 'header', because the latter doesn't exist [] []
[2025-08-18T06:28:39.981353+00:00] main.INFO: Broken reference: the 'menu' element cannot be added as child to 'page.menu', because the latter doesn't exist [] []
[2025-08-18T06:28:39.981543+00:00] main.INFO: Broken reference: the 'breadcrumbs' element cannot be added as child to 'page.breadcrumbs', because the latter doesn't exist [] []
[2025-08-18T06:28:39.981744+00:00] main.INFO: Broken reference: the 'formkey' element cannot be added as child to 'page.formkey', because the latter doesn't exist [] []
[2025-08-18T06:28:39.981960+00:00] main.INFO: Broken reference: the 'page.title' element cannot be added as child to 'main.top', because the latter doesn't exist [] []
[2025-08-18T06:28:39.982149+00:00] main.INFO: Broken reference: the 'messages' element cannot be added as child to 'page.messages', because the latter doesn't exist [] []
[2025-08-18T06:28:39.982344+00:00] main.INFO: Broken reference: the 'page.actions.toolbar' element cannot be added as child to 'page.main.actions', because the latter doesn't exist [] []
[2025-08-18T06:28:39.982521+00:00] main.INFO: Broken reference: the 'legal' element cannot be added as child to 'footer', because the latter doesn't exist [] []
[2025-08-18T06:28:39.982895+00:00] main.INFO: Broken reference: the 'header.inner.left' element cannot be added as child to 'header', because the latter doesn't exist [] []
[2025-08-18T06:28:39.983090+00:00] main.INFO: Broken reference: the 'header.inner.right' element cannot be added as child to 'header', because the latter doesn't exist [] []
[2025-08-18T06:28:39.983354+00:00] main.INFO: Broken reference: the 'user' tries to reorder itself towards '', but their parents are different: 'header' and '' respectively. [] []
[2025-08-18T06:28:39.983526+00:00] main.INFO: Broken reference: the 'notification.messages' tries to reorder itself towards 'user', but their parents are different: 'header' and '' respectively. [] []
[2025-08-18T06:28:39.983708+00:00] main.INFO: Broken reference: the 'logo' tries to reorder itself towards '', but their parents are different: 'header' and '' respectively. [] []
[2025-08-18T06:28:39.983882+00:00] main.INFO: Broken reference: the 'global.search' tries to reorder itself towards 'logo', but their parents are different: 'header' and '' respectively. [] []
[2025-08-18T06:28:39.984044+00:00] main.INFO: Broken reference: the 'page.actions.toolbar' tries to reorder itself towards '', but their parents are different: 'page.main.actions' and '' respectively. [] []
[2025-08-18T06:28:39.984289+00:00] main.INFO: Broken reference: the 'header.inner.left' tries to reorder itself towards '', but their parents are different: 'header' and '' respectively. [] []
[2025-08-18T06:28:39.984456+00:00] main.INFO: Broken reference: the 'header.inner.right' tries to reorder itself towards 'header.inner.left', but their parents are different: 'header' and '' respectively. [] []
[2025-08-18T06:28:39.984635+00:00] main.INFO: Broken reference: the 'notification.messages' tries to reorder itself towards 'user', but their parents are different: 'header.inner.right' and '' respectively. [] []
[2025-08-18T06:28:54.930816+00:00] main.INFO: Broken reference: the 'tracking' element cannot be added as child to 'header', because the latter doesn't exist [] []
[2025-08-18T06:28:54.931180+00:00] main.INFO: Broken reference: the 'notification_area' element cannot be added as child to 'notifications', because the latter doesn't exist [] []
[2025-08-18T06:28:54.931333+00:00] main.INFO: Broken reference: the 'unread_system_messages' element cannot be added as child to 'notifications', because the latter doesn't exist [] []
[2025-08-18T06:28:54.931468+00:00] main.INFO: Broken reference: the 'notification_window' element cannot be added as child to 'notifications', because the latter doesn't exist [] []
[2025-08-18T06:28:54.931596+00:00] main.INFO: Broken reference: the 'notification.messages' element cannot be added as child to 'header', because the latter doesn't exist [] []
[2025-08-18T06:28:54.931751+00:00] main.INFO: Broken reference: the 'global_notices' element cannot be added as child to 'global.notices', because the latter doesn't exist [] []
[2025-08-18T06:28:54.931883+00:00] main.INFO: Broken reference: the 'logo' element cannot be added as child to 'header', because the latter doesn't exist [] []
[2025-08-18T06:28:54.932006+00:00] main.INFO: Broken reference: the 'global.search' element cannot be added as child to 'header', because the latter doesn't exist [] []
[2025-08-18T06:28:54.932145+00:00] main.INFO: Broken reference: the 'user' element cannot be added as child to 'header', because the latter doesn't exist [] []
[2025-08-18T06:28:54.932270+00:00] main.INFO: Broken reference: the 'menu' element cannot be added as child to 'page.menu', because the latter doesn't exist [] []
[2025-08-18T06:28:54.932389+00:00] main.INFO: Broken reference: the 'breadcrumbs' element cannot be added as child to 'page.breadcrumbs', because the latter doesn't exist [] []
[2025-08-18T06:28:54.932523+00:00] main.INFO: Broken reference: the 'formkey' element cannot be added as child to 'page.formkey', because the latter doesn't exist [] []
[2025-08-18T06:28:54.932640+00:00] main.INFO: Broken reference: the 'page.title' element cannot be added as child to 'main.top', because the latter doesn't exist [] []
[2025-08-18T06:28:54.932776+00:00] main.INFO: Broken reference: the 'messages' element cannot be added as child to 'page.messages', because the latter doesn't exist [] []
[2025-08-18T06:28:54.932895+00:00] main.INFO: Broken reference: the 'page.actions.toolbar' element cannot be added as child to 'page.main.actions', because the latter doesn't exist [] []
[2025-08-18T06:28:54.933057+00:00] main.INFO: Broken reference: the 'legal' element cannot be added as child to 'footer', because the latter doesn't exist [] []
[2025-08-18T06:28:54.933349+00:00] main.INFO: Broken reference: the 'header.inner.left' element cannot be added as child to 'header', because the latter doesn't exist [] []
[2025-08-18T06:28:54.933487+00:00] main.INFO: Broken reference: the 'header.inner.right' element cannot be added as child to 'header', because the latter doesn't exist [] []
[2025-08-18T06:28:54.933667+00:00] main.INFO: Broken reference: the 'user' tries to reorder itself towards '', but their parents are different: 'header' and '' respectively. [] []
[2025-08-18T06:28:54.933827+00:00] main.INFO: Broken reference: the 'notification.messages' tries to reorder itself towards 'user', but their parents are different: 'header' and '' respectively. [] []
[2025-08-18T06:28:54.933948+00:00] main.INFO: Broken reference: the 'logo' tries to reorder itself towards '', but their parents are different: 'header' and '' respectively. [] []
[2025-08-18T06:28:54.934066+00:00] main.INFO: Broken reference: the 'global.search' tries to reorder itself towards 'logo', but their parents are different: 'header' and '' respectively. [] []
[2025-08-18T06:28:54.934180+00:00] main.INFO: Broken reference: the 'page.actions.toolbar' tries to reorder itself towards '', but their parents are different: 'page.main.actions' and '' respectively. [] []
[2025-08-18T06:28:54.934323+00:00] main.INFO: Broken reference: the 'header.inner.left' tries to reorder itself towards '', but their parents are different: 'header' and '' respectively. [] []
[2025-08-18T06:28:54.934446+00:00] main.INFO: Broken reference: the 'header.inner.right' tries to reorder itself towards 'header.inner.left', but their parents are different: 'header' and '' respectively. [] []
[2025-08-18T06:28:54.934575+00:00] main.INFO: Broken reference: the 'notification.messages' tries to reorder itself towards 'user', but their parents are different: 'header.inner.right' and '' respectively. [] []
[2025-08-18T06:29:04.975119+00:00] main.INFO: Broken reference: the 'notification.messages' tries to reorder itself towards 'user', but their parents are different: 'header.inner.right' and 'header' respectively. [] []
[2025-08-18T06:48:03.348001+00:00] main.INFO: Broken reference: the 'news.category.navigation' tries to reorder itself towards 'catalog.topnav', but their parents are different: 'page.top' and 'store.menu' respectively. [] []
[2025-08-18T06:48:03.882063+00:00] main.ERROR: Braintree\Configuration::merchantId needs to be set (or accessToken needs to be passed to Braintree\Gateway). [] []
[2025-08-18T08:02:08.825582+00:00] main.INFO: Broken reference: the 'catalog.compare.sidebar' element cannot be added as child to 'sidebar.additional', because the latter doesn't exist [] []
[2025-08-18T08:02:08.827371+00:00] main.INFO: Broken reference: the 'sale.reorder.sidebar' element cannot be added as child to 'sidebar.additional', because the latter doesn't exist [] []
[2025-08-18T08:02:08.827989+00:00] main.INFO: Broken reference: the 'wishlist_sidebar' element cannot be added as child to 'sidebar.additional', because the latter doesn't exist [] []
[2025-08-18T08:02:08.828265+00:00] main.INFO: Broken reference: the 'paypal.partner.right.logo' element cannot be added as child to 'sidebar.additional', because the latter doesn't exist [] []
[2025-08-18T08:02:08.828507+00:00] main.INFO: Broken reference: the 'bml.right.logo' element cannot be added as child to 'sidebar.additional', because the latter doesn't exist [] []
[2025-08-18T08:02:08.828692+00:00] main.INFO: Broken reference: the 'sidebar.container.paylater' element cannot be added as child to 'sidebar.additional', because the latter doesn't exist [] []
[2025-08-18T08:02:09.042893+00:00] main.ERROR: Braintree\Configuration::merchantId needs to be set (or accessToken needs to be passed to Braintree\Gateway). [] []
[2025-08-18T08:02:14.385679+00:00] main.INFO: Broken reference: the 'tracking' element cannot be added as child to 'header', because the latter doesn't exist [] []
[2025-08-18T08:02:14.386251+00:00] main.INFO: Broken reference: the 'notification_area' element cannot be added as child to 'notifications', because the latter doesn't exist [] []
[2025-08-18T08:02:14.386509+00:00] main.INFO: Broken reference: the 'unread_system_messages' element cannot be added as child to 'notifications', because the latter doesn't exist [] []
[2025-08-18T08:02:14.386740+00:00] main.INFO: Broken reference: the 'notification_window' element cannot be added as child to 'notifications', because the latter doesn't exist [] []
[2025-08-18T08:02:14.386916+00:00] main.INFO: Broken reference: the 'notification.messages' element cannot be added as child to 'header', because the latter doesn't exist [] []
[2025-08-18T08:02:14.387074+00:00] main.INFO: Broken reference: the 'global_notices' element cannot be added as child to 'global.notices', because the latter doesn't exist [] []
[2025-08-18T08:02:14.387201+00:00] main.INFO: Broken reference: the 'logo' element cannot be added as child to 'header', because the latter doesn't exist [] []
[2025-08-18T08:02:14.387391+00:00] main.INFO: Broken reference: the 'global.search' element cannot be added as child to 'header', because the latter doesn't exist [] []
[2025-08-18T08:02:14.387603+00:00] main.INFO: Broken reference: the 'user' element cannot be added as child to 'header', because the latter doesn't exist [] []
[2025-08-18T08:02:14.387808+00:00] main.INFO: Broken reference: the 'menu' element cannot be added as child to 'page.menu', because the latter doesn't exist [] []
[2025-08-18T08:02:14.388013+00:00] main.INFO: Broken reference: the 'breadcrumbs' element cannot be added as child to 'page.breadcrumbs', because the latter doesn't exist [] []
[2025-08-18T08:02:14.388145+00:00] main.INFO: Broken reference: the 'formkey' element cannot be added as child to 'page.formkey', because the latter doesn't exist [] []
[2025-08-18T08:02:14.388309+00:00] main.INFO: Broken reference: the 'page.title' element cannot be added as child to 'main.top', because the latter doesn't exist [] []
[2025-08-18T08:02:14.388525+00:00] main.INFO: Broken reference: the 'messages' element cannot be added as child to 'page.messages', because the latter doesn't exist [] []
[2025-08-18T08:02:14.388694+00:00] main.INFO: Broken reference: the 'page.actions.toolbar' element cannot be added as child to 'page.main.actions', because the latter doesn't exist [] []
[2025-08-18T08:02:14.388814+00:00] main.INFO: Broken reference: the 'legal' element cannot be added as child to 'footer', because the latter doesn't exist [] []
[2025-08-18T08:02:14.389115+00:00] main.INFO: Broken reference: the 'header.inner.left' element cannot be added as child to 'header', because the latter doesn't exist [] []
[2025-08-18T08:02:14.389258+00:00] main.INFO: Broken reference: the 'header.inner.right' element cannot be added as child to 'header', because the latter doesn't exist [] []
[2025-08-18T08:02:14.389468+00:00] main.INFO: Broken reference: the 'user' tries to reorder itself towards '', but their parents are different: 'header' and '' respectively. [] []
[2025-08-18T08:02:14.389609+00:00] main.INFO: Broken reference: the 'notification.messages' tries to reorder itself towards 'user', but their parents are different: 'header' and '' respectively. [] []
[2025-08-18T08:02:14.389755+00:00] main.INFO: Broken reference: the 'logo' tries to reorder itself towards '', but their parents are different: 'header' and '' respectively. [] []
[2025-08-18T08:02:14.389870+00:00] main.INFO: Broken reference: the 'global.search' tries to reorder itself towards 'logo', but their parents are different: 'header' and '' respectively. [] []
[2025-08-18T08:02:14.389984+00:00] main.INFO: Broken reference: the 'page.actions.toolbar' tries to reorder itself towards '', but their parents are different: 'page.main.actions' and '' respectively. [] []
[2025-08-18T08:02:14.390130+00:00] main.INFO: Broken reference: the 'header.inner.left' tries to reorder itself towards '', but their parents are different: 'header' and '' respectively. [] []
[2025-08-18T08:02:14.390249+00:00] main.INFO: Broken reference: the 'header.inner.right' tries to reorder itself towards 'header.inner.left', but their parents are different: 'header' and '' respectively. [] []
[2025-08-18T08:02:14.390392+00:00] main.INFO: Broken reference: the 'notification.messages' tries to reorder itself towards 'user', but their parents are different: 'header.inner.right' and '' respectively. [] []
[2025-08-18T08:14:31.857754+00:00] main.INFO: Broken reference: the 'tracking' element cannot be added as child to 'header', because the latter doesn't exist [] []
[2025-08-18T08:14:31.858614+00:00] main.INFO: Broken reference: the 'notification_area' element cannot be added as child to 'notifications', because the latter doesn't exist [] []
[2025-08-18T08:14:31.858820+00:00] main.INFO: Broken reference: the 'unread_system_messages' element cannot be added as child to 'notifications', because the latter doesn't exist [] []
[2025-08-18T08:14:31.858997+00:00] main.INFO: Broken reference: the 'notification_window' element cannot be added as child to 'notifications', because the latter doesn't exist [] []
[2025-08-18T08:14:31.859164+00:00] main.INFO: Broken reference: the 'notification.messages' element cannot be added as child to 'header', because the latter doesn't exist [] []
[2025-08-18T08:14:31.859341+00:00] main.INFO: Broken reference: the 'global_notices' element cannot be added as child to 'global.notices', because the latter doesn't exist [] []
[2025-08-18T08:14:31.859558+00:00] main.INFO: Broken reference: the 'logo' element cannot be added as child to 'header', because the latter doesn't exist [] []
[2025-08-18T08:14:31.859730+00:00] main.INFO: Broken reference: the 'global.search' element cannot be added as child to 'header', because the latter doesn't exist [] []
[2025-08-18T08:14:31.859895+00:00] main.INFO: Broken reference: the 'user' element cannot be added as child to 'header', because the latter doesn't exist [] []
[2025-08-18T08:14:31.860060+00:00] main.INFO: Broken reference: the 'menu' element cannot be added as child to 'page.menu', because the latter doesn't exist [] []
[2025-08-18T08:14:31.860236+00:00] main.INFO: Broken reference: the 'breadcrumbs' element cannot be added as child to 'page.breadcrumbs', because the latter doesn't exist [] []
[2025-08-18T08:14:31.860440+00:00] main.INFO: Broken reference: the 'formkey' element cannot be added as child to 'page.formkey', because the latter doesn't exist [] []
[2025-08-18T08:14:31.860630+00:00] main.INFO: Broken reference: the 'page.title' element cannot be added as child to 'main.top', because the latter doesn't exist [] []
[2025-08-18T08:14:31.860815+00:00] main.INFO: Broken reference: the 'messages' element cannot be added as child to 'page.messages', because the latter doesn't exist [] []
[2025-08-18T08:14:31.861000+00:00] main.INFO: Broken reference: the 'page.actions.toolbar' element cannot be added as child to 'page.main.actions', because the latter doesn't exist [] []
[2025-08-18T08:14:31.861184+00:00] main.INFO: Broken reference: the 'legal' element cannot be added as child to 'footer', because the latter doesn't exist [] []
[2025-08-18T08:14:31.861544+00:00] main.INFO: Broken reference: the 'header.inner.left' element cannot be added as child to 'header', because the latter doesn't exist [] []
[2025-08-18T08:14:31.861757+00:00] main.INFO: Broken reference: the 'header.inner.right' element cannot be added as child to 'header', because the latter doesn't exist [] []
[2025-08-18T08:14:31.862046+00:00] main.INFO: Broken reference: the 'user' tries to reorder itself towards '', but their parents are different: 'header' and '' respectively. [] []
[2025-08-18T08:14:31.862219+00:00] main.INFO: Broken reference: the 'notification.messages' tries to reorder itself towards 'user', but their parents are different: 'header' and '' respectively. [] []
[2025-08-18T08:14:31.862439+00:00] main.INFO: Broken reference: the 'logo' tries to reorder itself towards '', but their parents are different: 'header' and '' respectively. [] []
[2025-08-18T08:14:31.862628+00:00] main.INFO: Broken reference: the 'global.search' tries to reorder itself towards 'logo', but their parents are different: 'header' and '' respectively. [] []
[2025-08-18T08:14:31.862799+00:00] main.INFO: Broken reference: the 'page.actions.toolbar' tries to reorder itself towards '', but their parents are different: 'page.main.actions' and '' respectively. [] []
[2025-08-18T08:14:31.863023+00:00] main.INFO: Broken reference: the 'header.inner.left' tries to reorder itself towards '', but their parents are different: 'header' and '' respectively. [] []
[2025-08-18T08:14:31.863204+00:00] main.INFO: Broken reference: the 'header.inner.right' tries to reorder itself towards 'header.inner.left', but their parents are different: 'header' and '' respectively. [] []
[2025-08-18T08:14:31.863420+00:00] main.INFO: Broken reference: the 'notification.messages' tries to reorder itself towards 'user', but their parents are different: 'header.inner.right' and '' respectively. [] []
[2025-08-18T08:14:46.300163+00:00] main.ERROR: Could not create an acl object: The XML in file "/var/www/html/app/code/News/Manger/etc/acl.xml" is invalid:
Element 'resource': This element is not expected. Expected is ( resources ).
Line: 4
The xml was: 
0:<?xml version="1.0"?>
1:<config xmlns:xsi="http://www.w3.org/2001/XMLSchema-instance" xsi:noNamespaceSchemaLocation="urn:magento:framework:Acl/etc/acl.xsd">
2:    <acl>
3:        <resource id="News_Manger::admin">
4:          <resource id="News_Manger::News" title="News" translate="title" sortOrder="10">
5:            <resource id="News_Manger::News_Save" title="News" translate="title" sortOrder="10"/>
6:            <resource id="News_Manger::News_Delete" title="Delete News" translate="title" sortOrder="20"/>
7:            <resource id="News_Manger::News_View" title="View News" translate="title" sortOrder="30"/>
8:          </resource>
9:

Verify the XML and try again. [] []
[2025-08-18T08:14:47.866029+00:00] main.ERROR: Braintree\Configuration::merchantId needs to be set (or accessToken needs to be passed to Braintree\Gateway). [] []
[2025-08-18T08:16:30.332679+00:00] main.ERROR: Invalid Document 
Error in merged XML after reading /var/www/html/app/code/News/Manger/etc/adminhtml/menu.xml
Element 'add': The attribute 'module' is required but missing.
Line: 4
The xml was: 
0:<?xml version="1.0"?>
1:<!--
2:/**
3: * Copyright © Magento, Inc. All rights reserved.
4: * See COPYING.txt for license details.
5: */
6:-->
7:<config xmlns:xsi="http://www.w3.org/2001/XMLSchema-instance" xsi:noNamespaceSchemaLocation="urn:magento:module:Magento_Backend:etc/menu.xsd">
8:    <menu>
9:        <add id="Magento_Config::system_config" title="Configuration" translate="title" module="Magento_Config" sortOrder="20" parent="Magento_Backend::stores_settings" action="adminhtml/system_config" resource="Magento_Config::config"/>

Element 'add': The attribute 'module' is required but missing.
Line: 5
The xml was: 
0:<?xml version="1.0"?>
1:<!--
2:/**
3: * Copyright © Magento, Inc. All rights reserved.
4: * See COPYING.txt for license details.
5: */
6:-->
7:<config xmlns:xsi="http://www.w3.org/2001/XMLSchema-instance" xsi:noNamespaceSchemaLocation="urn:magento:module:Magento_Backend:etc/menu.xsd">
8:    <menu>
9:        <add id="Magento_Config::system_config" title="Configuration" translate="title" module="Magento_Config" sortOrder="20" parent="Magento_Backend::stores_settings" action="adminhtml/system_config" resource="Magento_Config::config"/>
 [] []
[2025-08-18T08:39:19.474048+00:00] main.INFO: Broken reference: the 'tracking' element cannot be added as child to 'header', because the latter doesn't exist [] []
[2025-08-18T08:39:19.474487+00:00] main.INFO: Broken reference: the 'notification_area' element cannot be added as child to 'notifications', because the latter doesn't exist [] []
[2025-08-18T08:39:19.474688+00:00] main.INFO: Broken reference: the 'unread_system_messages' element cannot be added as child to 'notifications', because the latter doesn't exist [] []
[2025-08-18T08:39:19.474864+00:00] main.INFO: Broken reference: the 'notification_window' element cannot be added as child to 'notifications', because the latter doesn't exist [] []
[2025-08-18T08:39:19.475034+00:00] main.INFO: Broken reference: the 'notification.messages' element cannot be added as child to 'header', because the latter doesn't exist [] []
[2025-08-18T08:39:19.475212+00:00] main.INFO: Broken reference: the 'global_notices' element cannot be added as child to 'global.notices', because the latter doesn't exist [] []
[2025-08-18T08:39:19.475396+00:00] main.INFO: Broken reference: the 'logo' element cannot be added as child to 'header', because the latter doesn't exist [] []
[2025-08-18T08:39:19.475613+00:00] main.INFO: Broken reference: the 'global.search' element cannot be added as child to 'header', because the latter doesn't exist [] []
[2025-08-18T08:39:19.475789+00:00] main.INFO: Broken reference: the 'user' element cannot be added as child to 'header', because the latter doesn't exist [] []
[2025-08-18T08:39:19.475956+00:00] main.INFO: Broken reference: the 'menu' element cannot be added as child to 'page.menu', because the latter doesn't exist [] []
[2025-08-18T08:39:19.476122+00:00] main.INFO: Broken reference: the 'breadcrumbs' element cannot be added as child to 'page.breadcrumbs', because the latter doesn't exist [] []
[2025-08-18T08:39:19.476286+00:00] main.INFO: Broken reference: the 'formkey' element cannot be added as child to 'page.formkey', because the latter doesn't exist [] []
[2025-08-18T08:39:19.476468+00:00] main.INFO: Broken reference: the 'page.title' element cannot be added as child to 'main.top', because the latter doesn't exist [] []
[2025-08-18T08:39:19.476636+00:00] main.INFO: Broken reference: the 'messages' element cannot be added as child to 'page.messages', because the latter doesn't exist [] []
[2025-08-18T08:39:19.476809+00:00] main.INFO: Broken reference: the 'page.actions.toolbar' element cannot be added as child to 'page.main.actions', because the latter doesn't exist [] []
[2025-08-18T08:39:19.477052+00:00] main.INFO: Broken reference: the 'legal' element cannot be added as child to 'footer', because the latter doesn't exist [] []
[2025-08-18T08:39:19.477555+00:00] main.INFO: Broken reference: the 'header.inner.left' element cannot be added as child to 'header', because the latter doesn't exist [] []
[2025-08-18T08:39:19.477849+00:00] main.INFO: Broken reference: the 'header.inner.right' element cannot be added as child to 'header', because the latter doesn't exist [] []
[2025-08-18T08:39:19.478228+00:00] main.INFO: Broken reference: the 'user' tries to reorder itself towards '', but their parents are different: 'header' and '' respectively. [] []
[2025-08-18T08:39:19.478497+00:00] main.INFO: Broken reference: the 'notification.messages' tries to reorder itself towards 'user', but their parents are different: 'header' and '' respectively. [] []
[2025-08-18T08:39:19.478763+00:00] main.INFO: Broken reference: the 'logo' tries to reorder itself towards '', but their parents are different: 'header' and '' respectively. [] []
[2025-08-18T08:39:19.479022+00:00] main.INFO: Broken reference: the 'global.search' tries to reorder itself towards 'logo', but their parents are different: 'header' and '' respectively. [] []
[2025-08-18T08:39:19.479311+00:00] main.INFO: Broken reference: the 'page.actions.toolbar' tries to reorder itself towards '', but their parents are different: 'page.main.actions' and '' respectively. [] []
[2025-08-18T08:39:19.479631+00:00] main.INFO: Broken reference: the 'header.inner.left' tries to reorder itself towards '', but their parents are different: 'header' and '' respectively. [] []
[2025-08-18T08:39:19.479880+00:00] main.INFO: Broken reference: the 'header.inner.right' tries to reorder itself towards 'header.inner.left', but their parents are different: 'header' and '' respectively. [] []
[2025-08-18T08:39:19.480156+00:00] main.INFO: Broken reference: the 'notification.messages' tries to reorder itself towards 'user', but their parents are different: 'header.inner.right' and '' respectively. [] []
[2025-08-18T08:39:36.824563+00:00] main.ERROR: Could not create an acl object: The XML in file "/var/www/html/app/code/News/Manger/etc/acl.xml" is invalid:
Element 'resource': This element is not expected. Expected is ( resources ).
Line: 4
The xml was: 
0:<?xml version="1.0"?>
1:<config xmlns:xsi="http://www.w3.org/2001/XMLSchema-instance" xsi:noNamespaceSchemaLocation="urn:magento:framework:Acl/etc/acl.xsd">
2:    <acl>
3:        <resource id="News_Manger::admin">
4:          <resource id="News_Manger::News" title="News" translate="title" sortOrder="10">
5:            <resource id="News_Manger::News_Save" title="News" translate="title" sortOrder="10"/>
6:            <resource id="News_Manger::News_Delete" title="Delete News" translate="title" sortOrder="20"/>
7:            <resource id="News_Manger::News_View" title="View News" translate="title" sortOrder="30"/>
8:          </resource>
9:

Verify the XML and try again. [] []
[2025-08-18T09:18:43.130299+00:00] main.INFO: Broken reference: the 'tracking' element cannot be added as child to 'header', because the latter doesn't exist [] []
[2025-08-18T09:18:43.130753+00:00] main.INFO: Broken reference: the 'notification_area' element cannot be added as child to 'notifications', because the latter doesn't exist [] []
[2025-08-18T09:18:43.130993+00:00] main.INFO: Broken reference: the 'unread_system_messages' element cannot be added as child to 'notifications', because the latter doesn't exist [] []
[2025-08-18T09:18:43.131188+00:00] main.INFO: Broken reference: the 'notification_window' element cannot be added as child to 'notifications', because the latter doesn't exist [] []
[2025-08-18T09:18:43.131386+00:00] main.INFO: Broken reference: the 'notification.messages' element cannot be added as child to 'header', because the latter doesn't exist [] []
[2025-08-18T09:18:43.131615+00:00] main.INFO: Broken reference: the 'global_notices' element cannot be added as child to 'global.notices', because the latter doesn't exist [] []
[2025-08-18T09:18:43.131838+00:00] main.INFO: Broken reference: the 'logo' element cannot be added as child to 'header', because the latter doesn't exist [] []
[2025-08-18T09:18:43.132057+00:00] main.INFO: Broken reference: the 'global.search' element cannot be added as child to 'header', because the latter doesn't exist [] []
[2025-08-18T09:18:43.132273+00:00] main.INFO: Broken reference: the 'user' element cannot be added as child to 'header', because the latter doesn't exist [] []
[2025-08-18T09:18:43.132499+00:00] main.INFO: Broken reference: the 'menu' element cannot be added as child to 'page.menu', because the latter doesn't exist [] []
[2025-08-18T09:18:43.132692+00:00] main.INFO: Broken reference: the 'breadcrumbs' element cannot be added as child to 'page.breadcrumbs', because the latter doesn't exist [] []
[2025-08-18T09:18:43.132874+00:00] main.INFO: Broken reference: the 'formkey' element cannot be added as child to 'page.formkey', because the latter doesn't exist [] []
[2025-08-18T09:18:43.133054+00:00] main.INFO: Broken reference: the 'page.title' element cannot be added as child to 'main.top', because the latter doesn't exist [] []
[2025-08-18T09:18:43.133231+00:00] main.INFO: Broken reference: the 'messages' element cannot be added as child to 'page.messages', because the latter doesn't exist [] []
[2025-08-18T09:18:43.134669+00:00] main.INFO: Broken reference: the 'page.actions.toolbar' element cannot be added as child to 'page.main.actions', because the latter doesn't exist [] []
[2025-08-18T09:18:43.134947+00:00] main.INFO: Broken reference: the 'legal' element cannot be added as child to 'footer', because the latter doesn't exist [] []
[2025-08-18T09:18:43.135421+00:00] main.INFO: Broken reference: the 'header.inner.left' element cannot be added as child to 'header', because the latter doesn't exist [] []
[2025-08-18T09:18:43.135687+00:00] main.INFO: Broken reference: the 'header.inner.right' element cannot be added as child to 'header', because the latter doesn't exist [] []
[2025-08-18T09:18:43.135973+00:00] main.INFO: Broken reference: the 'user' tries to reorder itself towards '', but their parents are different: 'header' and '' respectively. [] []
[2025-08-18T09:18:43.136188+00:00] main.INFO: Broken reference: the 'notification.messages' tries to reorder itself towards 'user', but their parents are different: 'header' and '' respectively. [] []
[2025-08-18T09:18:43.136375+00:00] main.INFO: Broken reference: the 'logo' tries to reorder itself towards '', but their parents are different: 'header' and '' respectively. [] []
[2025-08-18T09:18:43.136561+00:00] main.INFO: Broken reference: the 'global.search' tries to reorder itself towards 'logo', but their parents are different: 'header' and '' respectively. [] []
[2025-08-18T09:18:43.136732+00:00] main.INFO: Broken reference: the 'page.actions.toolbar' tries to reorder itself towards '', but their parents are different: 'page.main.actions' and '' respectively. [] []
[2025-08-18T09:18:43.136937+00:00] main.INFO: Broken reference: the 'header.inner.left' tries to reorder itself towards '', but their parents are different: 'header' and '' respectively. [] []
[2025-08-18T09:18:43.137108+00:00] main.INFO: Broken reference: the 'header.inner.right' tries to reorder itself towards 'header.inner.left', but their parents are different: 'header' and '' respectively. [] []
[2025-08-18T09:18:43.137294+00:00] main.INFO: Broken reference: the 'notification.messages' tries to reorder itself towards 'user', but their parents are different: 'header.inner.right' and '' respectively. [] []
[2025-08-18T09:20:27.228217+00:00] main.INFO: Broken reference: the 'tracking' element cannot be added as child to 'header', because the latter doesn't exist [] []
[2025-08-18T09:20:27.228590+00:00] main.INFO: Broken reference: the 'notification_area' element cannot be added as child to 'notifications', because the latter doesn't exist [] []
[2025-08-18T09:20:27.228751+00:00] main.INFO: Broken reference: the 'unread_system_messages' element cannot be added as child to 'notifications', because the latter doesn't exist [] []
[2025-08-18T09:20:27.228891+00:00] main.INFO: Broken reference: the 'notification_window' element cannot be added as child to 'notifications', because the latter doesn't exist [] []
[2025-08-18T09:20:27.229023+00:00] main.INFO: Broken reference: the 'notification.messages' element cannot be added as child to 'header', because the latter doesn't exist [] []
[2025-08-18T09:20:27.229159+00:00] main.INFO: Broken reference: the 'global_notices' element cannot be added as child to 'global.notices', because the latter doesn't exist [] []
[2025-08-18T09:20:27.229289+00:00] main.INFO: Broken reference: the 'logo' element cannot be added as child to 'header', because the latter doesn't exist [] []
[2025-08-18T09:20:27.229439+00:00] main.INFO: Broken reference: the 'global.search' element cannot be added as child to 'header', because the latter doesn't exist [] []
[2025-08-18T09:20:27.229570+00:00] main.INFO: Broken reference: the 'user' element cannot be added as child to 'header', because the latter doesn't exist [] []
[2025-08-18T09:20:27.229701+00:00] main.INFO: Broken reference: the 'menu' element cannot be added as child to 'page.menu', because the latter doesn't exist [] []
[2025-08-18T09:20:27.229849+00:00] main.INFO: Broken reference: the 'breadcrumbs' element cannot be added as child to 'page.breadcrumbs', because the latter doesn't exist [] []
[2025-08-18T09:20:27.229986+00:00] main.INFO: Broken reference: the 'formkey' element cannot be added as child to 'page.formkey', because the latter doesn't exist [] []
[2025-08-18T09:20:27.230161+00:00] main.INFO: Broken reference: the 'page.title' element cannot be added as child to 'main.top', because the latter doesn't exist [] []
[2025-08-18T09:20:27.230291+00:00] main.INFO: Broken reference: the 'messages' element cannot be added as child to 'page.messages', because the latter doesn't exist [] []
[2025-08-18T09:20:27.230430+00:00] main.INFO: Broken reference: the 'page.actions.toolbar' element cannot be added as child to 'page.main.actions', because the latter doesn't exist [] []
[2025-08-18T09:20:27.230559+00:00] main.INFO: Broken reference: the 'legal' element cannot be added as child to 'footer', because the latter doesn't exist [] []
[2025-08-18T09:20:27.230780+00:00] main.INFO: Broken reference: the 'header.inner.left' element cannot be added as child to 'header', because the latter doesn't exist [] []
[2025-08-18T09:20:27.230915+00:00] main.INFO: Broken reference: the 'header.inner.right' element cannot be added as child to 'header', because the latter doesn't exist [] []
[2025-08-18T09:20:27.231097+00:00] main.INFO: Broken reference: the 'user' tries to reorder itself towards '', but their parents are different: 'header' and '' respectively. [] []
[2025-08-18T09:20:27.231228+00:00] main.INFO: Broken reference: the 'notification.messages' tries to reorder itself towards 'user', but their parents are different: 'header' and '' respectively. [] []
[2025-08-18T09:20:27.231361+00:00] main.INFO: Broken reference: the 'logo' tries to reorder itself towards '', but their parents are different: 'header' and '' respectively. [] []
[2025-08-18T09:20:27.231498+00:00] main.INFO: Broken reference: the 'global.search' tries to reorder itself towards 'logo', but their parents are different: 'header' and '' respectively. [] []
[2025-08-18T09:20:27.231618+00:00] main.INFO: Broken reference: the 'page.actions.toolbar' tries to reorder itself towards '', but their parents are different: 'page.main.actions' and '' respectively. [] []
[2025-08-18T09:20:27.231767+00:00] main.INFO: Broken reference: the 'header.inner.left' tries to reorder itself towards '', but their parents are different: 'header' and '' respectively. [] []
[2025-08-18T09:20:27.231893+00:00] main.INFO: Broken reference: the 'header.inner.right' tries to reorder itself towards 'header.inner.left', but their parents are different: 'header' and '' respectively. [] []
[2025-08-18T09:20:27.232026+00:00] main.INFO: Broken reference: the 'notification.messages' tries to reorder itself towards 'user', but their parents are different: 'header.inner.right' and '' respectively. [] []
[2025-08-18T09:20:57.769135+00:00] main.ERROR: Could not create an acl object: The XML in file "/var/www/html/app/code/News/Manger/etc/acl.xml" is invalid:
Element 'resource': This element is not expected. Expected is ( resources ).
Line: 4
The xml was: 
0:<?xml version="1.0"?>
1:<config xmlns:xsi="http://www.w3.org/2001/XMLSchema-instance" xsi:noNamespaceSchemaLocation="urn:magento:framework:Acl/etc/acl.xsd">
2:    <acl>
3:        <resource id="News_Manger::admin">
4:          <resource id="News_Manger::News" title="News" translate="title" sortOrder="10">
5:            <resource id="News_Manger::News_Save" title="News" translate="title" sortOrder="10"/>
6:            <resource id="News_Manger::News_Delete" title="Delete News" translate="title" sortOrder="20"/>
7:            <resource id="News_Manger::News_View" title="View News" translate="title" sortOrder="30"/>
8:          </resource>
9:

Verify the XML and try again. [] []
[2025-08-18T09:27:26.878370+00:00] main.INFO: Broken reference: the 'notification.messages' tries to reorder itself towards 'user', but their parents are different: 'header.inner.right' and 'header' respectively. [] []
[2025-08-18T09:28:50.214325+00:00] main.INFO: Broken reference: the 'notification.messages' tries to reorder itself towards 'user', but their parents are different: 'header.inner.right' and 'header' respectively. [] []
[2025-08-18T09:29:19.463619+00:00] main.INFO: Broken reference: the 'notification.messages' tries to reorder itself towards 'user', but their parents are different: 'header.inner.right' and 'header' respectively. [] []
[2025-08-18T09:29:24.074736+00:00] main.INFO: Broken reference: the 'notification.messages' tries to reorder itself towards 'user', but their parents are different: 'header.inner.right' and 'header' respectively. [] []
[2025-08-18T09:29:32.251526+00:00] main.INFO: Broken reference: the 'notification.messages' tries to reorder itself towards 'user', but their parents are different: 'header.inner.right' and 'header' respectively. [] []
[2025-08-18T09:30:25.165115+00:00] main.INFO: Broken reference: the 'notification.messages' tries to reorder itself towards 'user', but their parents are different: 'header.inner.right' and 'header' respectively. [] []
[2025-08-18T09:31:44.657419+00:00] main.INFO: Broken reference: the 'notification.messages' tries to reorder itself towards 'user', but their parents are different: 'header.inner.right' and 'header' respectively. [] []
[2025-08-18T09:31:55.680860+00:00] main.INFO: Broken reference: the 'notification.messages' tries to reorder itself towards 'user', but their parents are different: 'header.inner.right' and 'header' respectively. [] []
[2025-08-18T09:32:00.460426+00:00] main.INFO: Broken reference: the 'notification.messages' tries to reorder itself towards 'user', but their parents are different: 'header.inner.right' and 'header' respectively. [] []
[2025-08-18T09:32:06.307505+00:00] main.INFO: Broken reference: the 'notification.messages' tries to reorder itself towards 'user', but their parents are different: 'header.inner.right' and 'header' respectively. [] []
[2025-08-18T09:50:52.830791+00:00] main.INFO: Broken reference: the 'tracking' element cannot be added as child to 'header', because the latter doesn't exist [] []
[2025-08-18T09:50:52.831322+00:00] main.INFO: Broken reference: the 'notification_area' element cannot be added as child to 'notifications', because the latter doesn't exist [] []
[2025-08-18T09:50:52.831551+00:00] main.INFO: Broken reference: the 'unread_system_messages' element cannot be added as child to 'notifications', because the latter doesn't exist [] []
[2025-08-18T09:50:52.831733+00:00] main.INFO: Broken reference: the 'notification_window' element cannot be added as child to 'notifications', because the latter doesn't exist [] []
[2025-08-18T09:50:52.831904+00:00] main.INFO: Broken reference: the 'notification.messages' element cannot be added as child to 'header', because the latter doesn't exist [] []
[2025-08-18T09:50:52.832083+00:00] main.INFO: Broken reference: the 'global_notices' element cannot be added as child to 'global.notices', because the latter doesn't exist [] []
[2025-08-18T09:50:52.832252+00:00] main.INFO: Broken reference: the 'logo' element cannot be added as child to 'header', because the latter doesn't exist [] []
[2025-08-18T09:50:52.832434+00:00] main.INFO: Broken reference: the 'global.search' element cannot be added as child to 'header', because the latter doesn't exist [] []
[2025-08-18T09:50:52.832604+00:00] main.INFO: Broken reference: the 'user' element cannot be added as child to 'header', because the latter doesn't exist [] []
[2025-08-18T09:50:52.832799+00:00] main.INFO: Broken reference: the 'menu' element cannot be added as child to 'page.menu', because the latter doesn't exist [] []
[2025-08-18T09:50:52.832967+00:00] main.INFO: Broken reference: the 'breadcrumbs' element cannot be added as child to 'page.breadcrumbs', because the latter doesn't exist [] []
[2025-08-18T09:50:52.833133+00:00] main.INFO: Broken reference: the 'formkey' element cannot be added as child to 'page.formkey', because the latter doesn't exist [] []
[2025-08-18T09:50:52.833298+00:00] main.INFO: Broken reference: the 'page.title' element cannot be added as child to 'main.top', because the latter doesn't exist [] []
[2025-08-18T09:50:52.833498+00:00] main.INFO: Broken reference: the 'messages' element cannot be added as child to 'page.messages', because the latter doesn't exist [] []
[2025-08-18T09:50:52.833664+00:00] main.INFO: Broken reference: the 'page.actions.toolbar' element cannot be added as child to 'page.main.actions', because the latter doesn't exist [] []
[2025-08-18T09:50:52.833827+00:00] main.INFO: Broken reference: the 'legal' element cannot be added as child to 'footer', because the latter doesn't exist [] []
[2025-08-18T09:50:52.834142+00:00] main.INFO: Broken reference: the 'header.inner.left' element cannot be added as child to 'header', because the latter doesn't exist [] []
[2025-08-18T09:50:52.834314+00:00] main.INFO: Broken reference: the 'header.inner.right' element cannot be added as child to 'header', because the latter doesn't exist [] []
[2025-08-18T09:50:52.834590+00:00] main.INFO: Broken reference: the 'user' tries to reorder itself towards '', but their parents are different: 'header' and '' respectively. [] []
[2025-08-18T09:50:52.834761+00:00] main.INFO: Broken reference: the 'notification.messages' tries to reorder itself towards 'user', but their parents are different: 'header' and '' respectively. [] []
[2025-08-18T09:50:52.834925+00:00] main.INFO: Broken reference: the 'logo' tries to reorder itself towards '', but their parents are different: 'header' and '' respectively. [] []
[2025-08-18T09:50:52.835121+00:00] main.INFO: Broken reference: the 'global.search' tries to reorder itself towards 'logo', but their parents are different: 'header' and '' respectively. [] []
[2025-08-18T09:50:52.835283+00:00] main.INFO: Broken reference: the 'page.actions.toolbar' tries to reorder itself towards '', but their parents are different: 'page.main.actions' and '' respectively. [] []
[2025-08-18T09:50:52.835499+00:00] main.INFO: Broken reference: the 'header.inner.left' tries to reorder itself towards '', but their parents are different: 'header' and '' respectively. [] []
[2025-08-18T09:50:52.835682+00:00] main.INFO: Broken reference: the 'header.inner.right' tries to reorder itself towards 'header.inner.left', but their parents are different: 'header' and '' respectively. [] []
[2025-08-18T09:50:52.835860+00:00] main.INFO: Broken reference: the 'notification.messages' tries to reorder itself towards 'user', but their parents are different: 'header.inner.right' and '' respectively. [] []
[2025-08-18T09:50:53.059231+00:00] main.ERROR: The "/var/www/html/var/tmp/alternative-source-css.lock" file can't be deleted.  [] []
[2025-08-18T09:50:53.059781+00:00] main.CRITICAL: The "/var/www/html/var/tmp/alternative-source-css.lock" file can't be deleted.  [] []
[2025-08-18T09:51:08.281387+00:00] main.INFO: Broken reference: the 'tracking' element cannot be added as child to 'header', because the latter doesn't exist [] []
[2025-08-18T09:51:08.281732+00:00] main.INFO: Broken reference: the 'notification_area' element cannot be added as child to 'notifications', because the latter doesn't exist [] []
[2025-08-18T09:51:08.281902+00:00] main.INFO: Broken reference: the 'unread_system_messages' element cannot be added as child to 'notifications', because the latter doesn't exist [] []
[2025-08-18T09:51:08.282058+00:00] main.INFO: Broken reference: the 'notification_window' element cannot be added as child to 'notifications', because the latter doesn't exist [] []
[2025-08-18T09:51:08.282180+00:00] main.INFO: Broken reference: the 'notification.messages' element cannot be added as child to 'header', because the latter doesn't exist [] []
[2025-08-18T09:51:08.282304+00:00] main.INFO: Broken reference: the 'global_notices' element cannot be added as child to 'global.notices', because the latter doesn't exist [] []
[2025-08-18T09:51:08.282451+00:00] main.INFO: Broken reference: the 'logo' element cannot be added as child to 'header', because the latter doesn't exist [] []
[2025-08-18T09:51:08.282596+00:00] main.INFO: Broken reference: the 'global.search' element cannot be added as child to 'header', because the latter doesn't exist [] []
[2025-08-18T09:51:08.282712+00:00] main.INFO: Broken reference: the 'user' element cannot be added as child to 'header', because the latter doesn't exist [] []
[2025-08-18T09:51:08.282826+00:00] main.INFO: Broken reference: the 'menu' element cannot be added as child to 'page.menu', because the latter doesn't exist [] []
[2025-08-18T09:51:08.282939+00:00] main.INFO: Broken reference: the 'breadcrumbs' element cannot be added as child to 'page.breadcrumbs', because the latter doesn't exist [] []
[2025-08-18T09:51:08.283052+00:00] main.INFO: Broken reference: the 'formkey' element cannot be added as child to 'page.formkey', because the latter doesn't exist [] []
[2025-08-18T09:51:08.283166+00:00] main.INFO: Broken reference: the 'page.title' element cannot be added as child to 'main.top', because the latter doesn't exist [] []
[2025-08-18T09:51:08.283278+00:00] main.INFO: Broken reference: the 'messages' element cannot be added as child to 'page.messages', because the latter doesn't exist [] []
[2025-08-18T09:51:08.283417+00:00] main.INFO: Broken reference: the 'page.actions.toolbar' element cannot be added as child to 'page.main.actions', because the latter doesn't exist [] []
[2025-08-18T09:51:08.283600+00:00] main.INFO: Broken reference: the 'legal' element cannot be added as child to 'footer', because the latter doesn't exist [] []
[2025-08-18T09:51:08.283816+00:00] main.INFO: Broken reference: the 'header.inner.left' element cannot be added as child to 'header', because the latter doesn't exist [] []
[2025-08-18T09:51:08.283943+00:00] main.INFO: Broken reference: the 'header.inner.right' element cannot be added as child to 'header', because the latter doesn't exist [] []
[2025-08-18T09:51:08.284122+00:00] main.INFO: Broken reference: the 'user' tries to reorder itself towards '', but their parents are different: 'header' and '' respectively. [] []
[2025-08-18T09:51:08.284261+00:00] main.INFO: Broken reference: the 'notification.messages' tries to reorder itself towards 'user', but their parents are different: 'header' and '' respectively. [] []
[2025-08-18T09:51:08.284394+00:00] main.INFO: Broken reference: the 'logo' tries to reorder itself towards '', but their parents are different: 'header' and '' respectively. [] []
[2025-08-18T09:51:08.284520+00:00] main.INFO: Broken reference: the 'global.search' tries to reorder itself towards 'logo', but their parents are different: 'header' and '' respectively. [] []
[2025-08-18T09:51:08.284634+00:00] main.INFO: Broken reference: the 'page.actions.toolbar' tries to reorder itself towards '', but their parents are different: 'page.main.actions' and '' respectively. [] []
[2025-08-18T09:51:08.284778+00:00] main.INFO: Broken reference: the 'header.inner.left' tries to reorder itself towards '', but their parents are different: 'header' and '' respectively. [] []
[2025-08-18T09:51:08.284898+00:00] main.INFO: Broken reference: the 'header.inner.right' tries to reorder itself towards 'header.inner.left', but their parents are different: 'header' and '' respectively. [] []
[2025-08-18T09:51:08.285028+00:00] main.INFO: Broken reference: the 'notification.messages' tries to reorder itself towards 'user', but their parents are different: 'header.inner.right' and '' respectively. [] []
[2025-08-18T09:51:36.742049+00:00] main.INFO: Broken reference: the 'notification.messages' tries to reorder itself towards 'user', but their parents are different: 'header.inner.right' and 'header' respectively. [] []
[2025-08-18T09:51:40.796708+00:00] main.INFO: Broken reference: the 'notification.messages' tries to reorder itself towards 'user', but their parents are different: 'header.inner.right' and 'header' respectively. [] []
[2025-08-18T09:51:45.724416+00:00] main.INFO: Broken reference: the 'notification.messages' tries to reorder itself towards 'user', but their parents are different: 'header.inner.right' and 'header' respectively. [] []
[2025-08-18T09:59:23.470778+00:00] main.INFO: Broken reference: the 'notification.messages' tries to reorder itself towards 'user', but their parents are different: 'header.inner.right' and 'header' respectively. [] []
[2025-08-18T11:20:14.463421+00:00] main.ERROR: Braintree\Configuration::merchantId needs to be set (or accessToken needs to be passed to Braintree\Gateway). [] []
[2025-08-18T11:25:40.647837+00:00] main.INFO: Broken reference: the 'tracking' element cannot be added as child to 'header', because the latter doesn't exist [] []
[2025-08-18T11:25:40.649273+00:00] main.INFO: Broken reference: the 'notification_area' element cannot be added as child to 'notifications', because the latter doesn't exist [] []
[2025-08-18T11:25:40.649504+00:00] main.INFO: Broken reference: the 'unread_system_messages' element cannot be added as child to 'notifications', because the latter doesn't exist [] []
[2025-08-18T11:25:40.649692+00:00] main.INFO: Broken reference: the 'notification_window' element cannot be added as child to 'notifications', because the latter doesn't exist [] []
[2025-08-18T11:25:40.649890+00:00] main.INFO: Broken reference: the 'notification.messages' element cannot be added as child to 'header', because the latter doesn't exist [] []
[2025-08-18T11:25:40.650077+00:00] main.INFO: Broken reference: the 'global_notices' element cannot be added as child to 'global.notices', because the latter doesn't exist [] []
[2025-08-18T11:25:40.650250+00:00] main.INFO: Broken reference: the 'logo' element cannot be added as child to 'header', because the latter doesn't exist [] []
[2025-08-18T11:25:40.650434+00:00] main.INFO: Broken reference: the 'global.search' element cannot be added as child to 'header', because the latter doesn't exist [] []
[2025-08-18T11:25:40.650604+00:00] main.INFO: Broken reference: the 'user' element cannot be added as child to 'header', because the latter doesn't exist [] []
[2025-08-18T11:25:40.650774+00:00] main.INFO: Broken reference: the 'menu' element cannot be added as child to 'page.menu', because the latter doesn't exist [] []
[2025-08-18T11:25:40.650941+00:00] main.INFO: Broken reference: the 'breadcrumbs' element cannot be added as child to 'page.breadcrumbs', because the latter doesn't exist [] []
[2025-08-18T11:25:40.651108+00:00] main.INFO: Broken reference: the 'formkey' element cannot be added as child to 'page.formkey', because the latter doesn't exist [] []
[2025-08-18T11:25:40.651275+00:00] main.INFO: Broken reference: the 'page.title' element cannot be added as child to 'main.top', because the latter doesn't exist [] []
[2025-08-18T11:25:40.651457+00:00] main.INFO: Broken reference: the 'messages' element cannot be added as child to 'page.messages', because the latter doesn't exist [] []
[2025-08-18T11:25:40.651626+00:00] main.INFO: Broken reference: the 'page.actions.toolbar' element cannot be added as child to 'page.main.actions', because the latter doesn't exist [] []
[2025-08-18T11:25:40.651792+00:00] main.INFO: Broken reference: the 'legal' element cannot be added as child to 'footer', because the latter doesn't exist [] []
[2025-08-18T11:25:40.652115+00:00] main.INFO: Broken reference: the 'header.inner.left' element cannot be added as child to 'header', because the latter doesn't exist [] []
[2025-08-18T11:25:40.652295+00:00] main.INFO: Broken reference: the 'header.inner.right' element cannot be added as child to 'header', because the latter doesn't exist [] []
[2025-08-18T11:25:40.652572+00:00] main.INFO: Broken reference: the 'user' tries to reorder itself towards '', but their parents are different: 'header' and '' respectively. [] []
[2025-08-18T11:25:40.652750+00:00] main.INFO: Broken reference: the 'notification.messages' tries to reorder itself towards 'user', but their parents are different: 'header' and '' respectively. [] []
[2025-08-18T11:25:40.652918+00:00] main.INFO: Broken reference: the 'logo' tries to reorder itself towards '', but their parents are different: 'header' and '' respectively. [] []
[2025-08-18T11:25:40.653082+00:00] main.INFO: Broken reference: the 'global.search' tries to reorder itself towards 'logo', but their parents are different: 'header' and '' respectively. [] []
[2025-08-18T11:25:40.653265+00:00] main.INFO: Broken reference: the 'page.actions.toolbar' tries to reorder itself towards '', but their parents are different: 'page.main.actions' and '' respectively. [] []
[2025-08-18T11:25:40.653479+00:00] main.INFO: Broken reference: the 'header.inner.left' tries to reorder itself towards '', but their parents are different: 'header' and '' respectively. [] []
[2025-08-18T11:25:40.653649+00:00] main.INFO: Broken reference: the 'header.inner.right' tries to reorder itself towards 'header.inner.left', but their parents are different: 'header' and '' respectively. [] []
[2025-08-18T11:25:40.653829+00:00] main.INFO: Broken reference: the 'notification.messages' tries to reorder itself towards 'user', but their parents are different: 'header.inner.right' and '' respectively. [] []
[2025-08-18T11:25:59.567596+00:00] main.INFO: Broken reference: the 'notification.messages' tries to reorder itself towards 'user', but their parents are different: 'header.inner.right' and 'header' respectively. [] []
[2025-08-18T11:26:05.587827+00:00] main.INFO: Broken reference: the 'notification.messages' tries to reorder itself towards 'user', but their parents are different: 'header.inner.right' and 'header' respectively. [] []
[2025-08-18T11:26:05.628058+00:00] main.ERROR: Class "News\Manger\Ui\Component\Listing\Column\NewsActions" does not exist [] []
[2025-08-18T11:28:28.683741+00:00] main.INFO: Broken reference: the 'notification.messages' tries to reorder itself towards 'user', but their parents are different: 'header.inner.right' and 'header' respectively. [] []
[2025-08-18T11:28:28.708519+00:00] main.ERROR: Class "News\Manger\Ui\Component\Listing\Column\NewsActions" does not exist [] []
[2025-08-18T11:29:28.929118+00:00] main.INFO: Broken reference: the 'notification.messages' tries to reorder itself towards 'user', but their parents are different: 'header.inner.right' and 'header' respectively. [] []
[2025-08-18T11:29:47.776022+00:00] main.INFO: Broken reference: the 'notification.messages' tries to reorder itself towards 'user', but their parents are different: 'header.inner.right' and 'header' respectively. [] []
[2025-08-18T11:29:49.942821+00:00] main.INFO: Broken reference: the 'notification.messages' tries to reorder itself towards 'user', but their parents are different: 'header.inner.right' and 'header' respectively. [] []
[2025-08-18T11:42:38.108370+00:00] main.INFO: Broken reference: the 'notification.messages' tries to reorder itself towards 'user', but their parents are different: 'header.inner.right' and 'header' respectively. [] []
[2025-08-18T11:44:10.482240+00:00] main.INFO: Broken reference: the 'notification.messages' tries to reorder itself towards 'user', but their parents are different: 'header.inner.right' and 'header' respectively. [] []
[2025-08-18T11:49:01.231126+00:00] main.INFO: Broken reference: the 'notification.messages' tries to reorder itself towards 'user', but their parents are different: 'header.inner.right' and 'header' respectively. [] []
[2025-08-18T11:50:40.592586+00:00] main.INFO: Broken reference: the 'notification.messages' tries to reorder itself towards 'user', but their parents are different: 'header.inner.right' and 'header' respectively. [] []
[2025-08-18T11:54:32.740571+00:00] main.INFO: Broken reference: the 'notification.messages' tries to reorder itself towards 'user', but their parents are different: 'header.inner.right' and 'header' respectively. [] []
[2025-08-18T11:54:38.463456+00:00] main.ERROR: The "/var/www/html/var/tmp/alternative-source-css.lock" file can't be deleted.  [] []
[2025-08-18T11:54:38.463839+00:00] main.CRITICAL: The "/var/www/html/var/tmp/alternative-source-css.lock" file can't be deleted.  [] []
[2025-08-18T11:54:42.021385+00:00] main.INFO: Broken reference: the 'notification.messages' tries to reorder itself towards 'user', but their parents are different: 'header.inner.right' and 'header' respectively. [] []
[2025-08-18T11:58:29.133679+00:00] main.INFO: Broken reference: the 'notification.messages' tries to reorder itself towards 'user', but their parents are different: 'header.inner.right' and 'header' respectively. [] []
[2025-08-18T12:03:17.029807+00:00] main.INFO: Broken reference: the 'notification.messages' tries to reorder itself towards 'user', but their parents are different: 'header.inner.right' and 'header' respectively. [] []
[2025-08-18T12:04:07.384220+00:00] main.INFO: Broken reference: the 'notification.messages' tries to reorder itself towards 'user', but their parents are different: 'header.inner.right' and 'header' respectively. [] []
[2025-08-18T12:07:10.392120+00:00] main.INFO: Broken reference: the 'notification.messages' tries to reorder itself towards 'user', but their parents are different: 'header.inner.right' and 'header' respectively. [] []
[2025-08-18T12:12:36.695227+00:00] main.INFO: Broken reference: the 'notification.messages' tries to reorder itself towards 'user', but their parents are different: 'header.inner.right' and 'header' respectively. [] []
[2025-08-18T12:12:55.500254+00:00] main.INFO: Broken reference: the 'notification.messages' tries to reorder itself towards 'user', but their parents are different: 'header.inner.right' and 'header' respectively. [] []
[2025-08-18T12:16:43.705059+00:00] main.INFO: Broken reference: the 'notification.messages' tries to reorder itself towards 'user', but their parents are different: 'header.inner.right' and 'header' respectively. [] []
[2025-08-18T12:16:43.747417+00:00] main.ERROR: Deprecated Functionality: Creation of dynamic property News\Manger\Ui\DataProvider\News\NewsGridDataProvider::$_map is deprecated in /var/www/html/app/code/News/Manger/Ui/DataProvider/News/NewsGridDataProvider.php on line 42 [] []
[2025-08-18T12:16:44.906529+00:00] main.ERROR: Braintree\Configuration::merchantId needs to be set (or accessToken needs to be passed to Braintree\Gateway). [] []
[2025-08-18T12:16:50.274409+00:00] main.INFO: Broken reference: the 'notification.messages' tries to reorder itself towards 'user', but their parents are different: 'header.inner.right' and 'header' respectively. [] []
[2025-08-18T12:16:50.302061+00:00] main.ERROR: Deprecated Functionality: Creation of dynamic property News\Manger\Ui\DataProvider\News\NewsGridDataProvider::$_map is deprecated in /var/www/html/app/code/News/Manger/Ui/DataProvider/News/NewsGridDataProvider.php on line 42 [] []
[2025-08-18T12:16:52.635150+00:00] main.INFO: Broken reference: the 'notification.messages' tries to reorder itself towards 'user', but their parents are different: 'header.inner.right' and 'header' respectively. [] []
[2025-08-18T12:16:52.661889+00:00] main.ERROR: Deprecated Functionality: Creation of dynamic property News\Manger\Ui\DataProvider\News\NewsGridDataProvider::$_map is deprecated in /var/www/html/app/code/News/Manger/Ui/DataProvider/News/NewsGridDataProvider.php on line 42 [] []
[2025-08-18T12:16:53.287256+00:00] main.INFO: Broken reference: the 'notification.messages' tries to reorder itself towards 'user', but their parents are different: 'header.inner.right' and 'header' respectively. [] []
[2025-08-18T12:16:53.315467+00:00] main.ERROR: Deprecated Functionality: Creation of dynamic property News\Manger\Ui\DataProvider\News\NewsGridDataProvider::$_map is deprecated in /var/www/html/app/code/News/Manger/Ui/DataProvider/News/NewsGridDataProvider.php on line 42 [] []
[2025-08-18T12:17:07.302525+00:00] main.ERROR: Deprecated Functionality: Creation of dynamic property News\Manger\Ui\DataProvider\News\NewsGridDataProvider::$_map is deprecated in /var/www/html/app/code/News/Manger/Ui/DataProvider/News/NewsGridDataProvider.php on line 42 [] []
[2025-08-18T12:17:57.658985+00:00] main.INFO: Broken reference: the 'notification.messages' tries to reorder itself towards 'user', but their parents are different: 'header.inner.right' and 'header' respectively. [] []
[2025-08-18T12:19:32.774846+00:00] main.INFO: Broken reference: the 'notification.messages' tries to reorder itself towards 'user', but their parents are different: 'header.inner.right' and 'header' respectively. [] []
[2025-08-18T12:22:37.042756+00:00] main.INFO: Broken reference: the 'notification.messages' tries to reorder itself towards 'user', but their parents are different: 'header.inner.right' and 'header' respectively. [] []
[2025-08-18T12:23:04.611515+00:00] main.INFO: Broken reference: the 'notification.messages' tries to reorder itself towards 'user', but their parents are different: 'header.inner.right' and 'header' respectively. [] []
[2025-08-18T12:23:17.412611+00:00] main.INFO: Broken reference: the 'notification.messages' tries to reorder itself towards 'user', but their parents are different: 'header.inner.right' and 'header' respectively. [] []
[2025-08-18T12:24:09.121047+00:00] main.INFO: Broken reference: the 'notification.messages' tries to reorder itself towards 'user', but their parents are different: 'header.inner.right' and 'header' respectively. [] []
[2025-08-18T12:31:52.630493+00:00] main.INFO: Broken reference: the 'notification.messages' tries to reorder itself towards 'user', but their parents are different: 'header.inner.right' and 'header' respectively. [] []
[2025-08-18T12:35:51.001796+00:00] main.INFO: Broken reference: the 'notification.messages' tries to reorder itself towards 'user', but their parents are different: 'header.inner.right' and 'header' respectively. [] []
[2025-08-18T12:46:53.569650+00:00] main.INFO: Broken reference: the 'notification.messages' tries to reorder itself towards 'user', but their parents are different: 'header.inner.right' and 'header' respectively. [] []
[2025-08-18T13:01:20.913502+00:00] main.INFO: Broken reference: the 'notification.messages' tries to reorder itself towards 'user', but their parents are different: 'header.inner.right' and 'header' respectively. [] []
[2025-08-18T13:19:04.753961+00:00] main.INFO: Broken reference: the 'notification.messages' tries to reorder itself towards 'user', but their parents are different: 'header.inner.right' and 'header' respectively. [] []
[2025-08-18T13:19:31.580861+00:00] main.INFO: Broken reference: the 'notification.messages' tries to reorder itself towards 'user', but their parents are different: 'header.inner.right' and 'header' respectively. [] []
[2025-08-18T13:22:31.804005+00:00] main.INFO: Broken reference: the 'notification.messages' tries to reorder itself towards 'user', but their parents are different: 'header.inner.right' and 'header' respectively. [] []
[2025-08-18T13:22:48.464454+00:00] main.INFO: Broken reference: the 'notification.messages' tries to reorder itself towards 'user', but their parents are different: 'header.inner.right' and 'header' respectively. [] []
[2025-08-18T13:23:35.019998+00:00] main.INFO: Broken reference: the 'notification.messages' tries to reorder itself towards 'user', but their parents are different: 'header.inner.right' and 'header' respectively. [] []
[2025-08-18T13:23:47.294902+00:00] main.INFO: Broken reference: the 'notification.messages' tries to reorder itself towards 'user', but their parents are different: 'header.inner.right' and 'header' respectively. [] []
[2025-08-18T13:23:51.597247+00:00] main.INFO: Broken reference: the 'notification.messages' tries to reorder itself towards 'user', but their parents are different: 'header.inner.right' and 'header' respectively. [] []
[2025-08-18T13:23:54.013069+00:00] main.INFO: Broken reference: the 'notification.messages' tries to reorder itself towards 'user', but their parents are different: 'header.inner.right' and 'header' respectively. [] []
[2025-08-18T13:25:59.981803+00:00] main.INFO: Broken reference: the 'notification.messages' tries to reorder itself towards 'user', but their parents are different: 'header.inner.right' and 'header' respectively. [] []
[2025-08-18T13:28:22.931754+00:00] main.INFO: Broken reference: the 'notification.messages' tries to reorder itself towards 'user', but their parents are different: 'header.inner.right' and 'header' respectively. [] []
[2025-08-18T13:30:19.774904+00:00] main.INFO: Broken reference: the 'notification.messages' tries to reorder itself towards 'user', but their parents are different: 'header.inner.right' and 'header' respectively. [] []
[2025-08-18T13:36:21.700386+00:00] main.INFO: Broken reference: the 'notification.messages' tries to reorder itself towards 'user', but their parents are different: 'header.inner.right' and 'header' respectively. [] []
[2025-08-18T13:36:29.202229+00:00] main.ERROR: The "/var/www/html/var/tmp/alternative-source-css.lock" file can't be deleted.  [] []
[2025-08-18T13:36:29.203066+00:00] main.CRITICAL: The "/var/www/html/var/tmp/alternative-source-css.lock" file can't be deleted.  [] []
[2025-08-18T13:36:39.991381+00:00] main.INFO: Broken reference: the 'notification.messages' tries to reorder itself towards 'user', but their parents are different: 'header.inner.right' and 'header' respectively. [] []
[2025-08-18T13:43:57.646028+00:00] main.INFO: Broken reference: the 'notification.messages' tries to reorder itself towards 'user', but their parents are different: 'header.inner.right' and 'header' respectively. [] []
[2025-08-18T13:44:29.107472+00:00] main.INFO: Broken reference: the 'notification.messages' tries to reorder itself towards 'user', but their parents are different: 'header.inner.right' and 'header' respectively. [] []
[2025-08-18T13:45:25.178687+00:00] main.INFO: Broken reference: the 'notification.messages' tries to reorder itself towards 'user', but their parents are different: 'header.inner.right' and 'header' respectively. [] []
[2025-08-18T14:17:55.195727+00:00] main.INFO: Broken reference: the 'tracking' element cannot be added as child to 'header', because the latter doesn't exist [] []
[2025-08-18T14:17:55.196142+00:00] main.INFO: Broken reference: the 'notification_area' element cannot be added as child to 'notifications', because the latter doesn't exist [] []
[2025-08-18T14:17:55.196341+00:00] main.INFO: Broken reference: the 'unread_system_messages' element cannot be added as child to 'notifications', because the latter doesn't exist [] []
[2025-08-18T14:17:55.196520+00:00] main.INFO: Broken reference: the 'notification_window' element cannot be added as child to 'notifications', because the latter doesn't exist [] []
[2025-08-18T14:17:55.196692+00:00] main.INFO: Broken reference: the 'notification.messages' element cannot be added as child to 'header', because the latter doesn't exist [] []
[2025-08-18T14:17:55.196870+00:00] main.INFO: Broken reference: the 'global_notices' element cannot be added as child to 'global.notices', because the latter doesn't exist [] []
[2025-08-18T14:17:55.197049+00:00] main.INFO: Broken reference: the 'logo' element cannot be added as child to 'header', because the latter doesn't exist [] []
[2025-08-18T14:17:55.197224+00:00] main.INFO: Broken reference: the 'global.search' element cannot be added as child to 'header', because the latter doesn't exist [] []
[2025-08-18T14:17:55.197393+00:00] main.INFO: Broken reference: the 'user' element cannot be added as child to 'header', because the latter doesn't exist [] []
[2025-08-18T14:17:55.197561+00:00] main.INFO: Broken reference: the 'menu' element cannot be added as child to 'page.menu', because the latter doesn't exist [] []
[2025-08-18T14:17:55.197728+00:00] main.INFO: Broken reference: the 'breadcrumbs' element cannot be added as child to 'page.breadcrumbs', because the latter doesn't exist [] []
[2025-08-18T14:17:55.197896+00:00] main.INFO: Broken reference: the 'formkey' element cannot be added as child to 'page.formkey', because the latter doesn't exist [] []
[2025-08-18T14:17:55.198078+00:00] main.INFO: Broken reference: the 'page.title' element cannot be added as child to 'main.top', because the latter doesn't exist [] []
[2025-08-18T14:17:55.198251+00:00] main.INFO: Broken reference: the 'messages' element cannot be added as child to 'page.messages', because the latter doesn't exist [] []
[2025-08-18T14:17:55.198416+00:00] main.INFO: Broken reference: the 'page.actions.toolbar' element cannot be added as child to 'page.main.actions', because the latter doesn't exist [] []
[2025-08-18T14:17:55.198598+00:00] main.INFO: Broken reference: the 'legal' element cannot be added as child to 'footer', because the latter doesn't exist [] []
[2025-08-18T14:17:55.198917+00:00] main.INFO: Broken reference: the 'header.inner.left' element cannot be added as child to 'header', because the latter doesn't exist [] []
[2025-08-18T14:17:55.199115+00:00] main.INFO: Broken reference: the 'header.inner.right' element cannot be added as child to 'header', because the latter doesn't exist [] []
[2025-08-18T14:17:55.199378+00:00] main.INFO: Broken reference: the 'user' tries to reorder itself towards '', but their parents are different: 'header' and '' respectively. [] []
[2025-08-18T14:17:55.199555+00:00] main.INFO: Broken reference: the 'notification.messages' tries to reorder itself towards 'user', but their parents are different: 'header' and '' respectively. [] []
[2025-08-18T14:17:55.199735+00:00] main.INFO: Broken reference: the 'logo' tries to reorder itself towards '', but their parents are different: 'header' and '' respectively. [] []
[2025-08-18T14:17:55.199899+00:00] main.INFO: Broken reference: the 'global.search' tries to reorder itself towards 'logo', but their parents are different: 'header' and '' respectively. [] []
[2025-08-18T14:17:55.200124+00:00] main.INFO: Broken reference: the 'page.actions.toolbar' tries to reorder itself towards '', but their parents are different: 'page.main.actions' and '' respectively. [] []
[2025-08-18T14:17:55.200451+00:00] main.INFO: Broken reference: the 'header.inner.left' tries to reorder itself towards '', but their parents are different: 'header' and '' respectively. [] []
[2025-08-18T14:17:55.200707+00:00] main.INFO: Broken reference: the 'header.inner.right' tries to reorder itself towards 'header.inner.left', but their parents are different: 'header' and '' respectively. [] []
[2025-08-18T14:17:55.200959+00:00] main.INFO: Broken reference: the 'notification.messages' tries to reorder itself towards 'user', but their parents are different: 'header.inner.right' and '' respectively. [] []
[2025-08-18T14:18:07.263550+00:00] main.INFO: Broken reference: the 'tracking' element cannot be added as child to 'header', because the latter doesn't exist [] []
[2025-08-18T14:18:07.264191+00:00] main.INFO: Broken reference: the 'notification_area' element cannot be added as child to 'notifications', because the latter doesn't exist [] []
[2025-08-18T14:18:07.264522+00:00] main.INFO: Broken reference: the 'unread_system_messages' element cannot be added as child to 'notifications', because the latter doesn't exist [] []
[2025-08-18T14:18:07.264836+00:00] main.INFO: Broken reference: the 'notification_window' element cannot be added as child to 'notifications', because the latter doesn't exist [] []
[2025-08-18T14:18:07.265159+00:00] main.INFO: Broken reference: the 'notification.messages' element cannot be added as child to 'header', because the latter doesn't exist [] []
[2025-08-18T14:18:07.265475+00:00] main.INFO: Broken reference: the 'global_notices' element cannot be added as child to 'global.notices', because the latter doesn't exist [] []
[2025-08-18T14:18:07.265770+00:00] main.INFO: Broken reference: the 'logo' element cannot be added as child to 'header', because the latter doesn't exist [] []
[2025-08-18T14:18:07.266076+00:00] main.INFO: Broken reference: the 'global.search' element cannot be added as child to 'header', because the latter doesn't exist [] []
[2025-08-18T14:18:07.266370+00:00] main.INFO: Broken reference: the 'user' element cannot be added as child to 'header', because the latter doesn't exist [] []
[2025-08-18T14:18:07.266658+00:00] main.INFO: Broken reference: the 'menu' element cannot be added as child to 'page.menu', because the latter doesn't exist [] []
[2025-08-18T14:18:07.266950+00:00] main.INFO: Broken reference: the 'breadcrumbs' element cannot be added as child to 'page.breadcrumbs', because the latter doesn't exist [] []
[2025-08-18T14:18:07.267258+00:00] main.INFO: Broken reference: the 'formkey' element cannot be added as child to 'page.formkey', because the latter doesn't exist [] []
[2025-08-18T14:18:07.267586+00:00] main.INFO: Broken reference: the 'page.title' element cannot be added as child to 'main.top', because the latter doesn't exist [] []
[2025-08-18T14:18:07.267859+00:00] main.INFO: Broken reference: the 'messages' element cannot be added as child to 'page.messages', because the latter doesn't exist [] []
[2025-08-18T14:18:07.268495+00:00] main.INFO: Broken reference: the 'page.actions.toolbar' element cannot be added as child to 'page.main.actions', because the latter doesn't exist [] []
[2025-08-18T14:18:07.268786+00:00] main.INFO: Broken reference: the 'legal' element cannot be added as child to 'footer', because the latter doesn't exist [] []
[2025-08-18T14:18:07.269335+00:00] main.INFO: Broken reference: the 'header.inner.left' element cannot be added as child to 'header', because the latter doesn't exist [] []
[2025-08-18T14:18:07.269650+00:00] main.INFO: Broken reference: the 'header.inner.right' element cannot be added as child to 'header', because the latter doesn't exist [] []
[2025-08-18T14:18:07.270089+00:00] main.INFO: Broken reference: the 'user' tries to reorder itself towards '', but their parents are different: 'header' and '' respectively. [] []
[2025-08-18T14:18:07.270389+00:00] main.INFO: Broken reference: the 'notification.messages' tries to reorder itself towards 'user', but their parents are different: 'header' and '' respectively. [] []
[2025-08-18T14:18:07.270656+00:00] main.INFO: Broken reference: the 'logo' tries to reorder itself towards '', but their parents are different: 'header' and '' respectively. [] []
[2025-08-18T14:18:07.270912+00:00] main.INFO: Broken reference: the 'global.search' tries to reorder itself towards 'logo', but their parents are different: 'header' and '' respectively. [] []
[2025-08-18T14:18:07.271182+00:00] main.INFO: Broken reference: the 'page.actions.toolbar' tries to reorder itself towards '', but their parents are different: 'page.main.actions' and '' respectively. [] []
[2025-08-18T14:18:07.271514+00:00] main.INFO: Broken reference: the 'header.inner.left' tries to reorder itself towards '', but their parents are different: 'header' and '' respectively. [] []
[2025-08-18T14:18:07.271785+00:00] main.INFO: Broken reference: the 'header.inner.right' tries to reorder itself towards 'header.inner.left', but their parents are different: 'header' and '' respectively. [] []
[2025-08-18T14:18:07.272102+00:00] main.INFO: Broken reference: the 'notification.messages' tries to reorder itself towards 'user', but their parents are different: 'header.inner.right' and '' respectively. [] []
[2025-08-18T14:18:17.020269+00:00] main.INFO: Broken reference: the 'notification.messages' tries to reorder itself towards 'user', but their parents are different: 'header.inner.right' and 'header' respectively. [] []
[2025-08-18T14:18:21.630479+00:00] main.INFO: Broken reference: the 'notification.messages' tries to reorder itself towards 'user', but their parents are different: 'header.inner.right' and 'header' respectively. [] []
[2025-08-18T14:18:24.250786+00:00] main.INFO: Broken reference: the 'notification.messages' tries to reorder itself towards 'user', but their parents are different: 'header.inner.right' and 'header' respectively. [] []
[2025-08-18T14:18:33.876894+00:00] main.INFO: Broken reference: the 'notification.messages' tries to reorder itself towards 'user', but their parents are different: 'header.inner.right' and 'header' respectively. [] []
[2025-08-18T14:18:39.425775+00:00] main.INFO: Broken reference: the 'notification.messages' tries to reorder itself towards 'user', but their parents are different: 'header.inner.right' and 'header' respectively. [] []
[2025-08-18T14:39:11.224975+00:00] main.INFO: Broken reference: the 'tracking' element cannot be added as child to 'header', because the latter doesn't exist [] []
[2025-08-18T14:39:11.225401+00:00] main.INFO: Broken reference: the 'notification_area' element cannot be added as child to 'notifications', because the latter doesn't exist [] []
[2025-08-18T14:39:11.225705+00:00] main.INFO: Broken reference: the 'unread_system_messages' element cannot be added as child to 'notifications', because the latter doesn't exist [] []
[2025-08-18T14:39:11.225910+00:00] main.INFO: Broken reference: the 'notification_window' element cannot be added as child to 'notifications', because the latter doesn't exist [] []
[2025-08-18T14:39:11.226105+00:00] main.INFO: Broken reference: the 'notification.messages' element cannot be added as child to 'header', because the latter doesn't exist [] []
[2025-08-18T14:39:11.226289+00:00] main.INFO: Broken reference: the 'global_notices' element cannot be added as child to 'global.notices', because the latter doesn't exist [] []
[2025-08-18T14:39:11.226454+00:00] main.INFO: Broken reference: the 'logo' element cannot be added as child to 'header', because the latter doesn't exist [] []
[2025-08-18T14:39:11.226620+00:00] main.INFO: Broken reference: the 'global.search' element cannot be added as child to 'header', because the latter doesn't exist [] []
[2025-08-18T14:39:11.226782+00:00] main.INFO: Broken reference: the 'user' element cannot be added as child to 'header', because the latter doesn't exist [] []
[2025-08-18T14:39:11.226960+00:00] main.INFO: Broken reference: the 'menu' element cannot be added as child to 'page.menu', because the latter doesn't exist [] []
[2025-08-18T14:39:11.227167+00:00] main.INFO: Broken reference: the 'breadcrumbs' element cannot be added as child to 'page.breadcrumbs', because the latter doesn't exist [] []
[2025-08-18T14:39:11.227358+00:00] main.INFO: Broken reference: the 'formkey' element cannot be added as child to 'page.formkey', because the latter doesn't exist [] []
[2025-08-18T14:39:11.227540+00:00] main.INFO: Broken reference: the 'page.title' element cannot be added as child to 'main.top', because the latter doesn't exist [] []
[2025-08-18T14:39:11.227780+00:00] main.INFO: Broken reference: the 'messages' element cannot be added as child to 'page.messages', because the latter doesn't exist [] []
[2025-08-18T14:39:11.228053+00:00] main.INFO: Broken reference: the 'page.actions.toolbar' element cannot be added as child to 'page.main.actions', because the latter doesn't exist [] []
[2025-08-18T14:39:11.228341+00:00] main.INFO: Broken reference: the 'legal' element cannot be added as child to 'footer', because the latter doesn't exist [] []
[2025-08-18T14:39:11.228753+00:00] main.INFO: Broken reference: the 'header.inner.left' element cannot be added as child to 'header', because the latter doesn't exist [] []
[2025-08-18T14:39:11.228962+00:00] main.INFO: Broken reference: the 'header.inner.right' element cannot be added as child to 'header', because the latter doesn't exist [] []
[2025-08-18T14:39:11.229283+00:00] main.INFO: Broken reference: the 'user' tries to reorder itself towards '', but their parents are different: 'header' and '' respectively. [] []
[2025-08-18T14:39:11.229490+00:00] main.INFO: Broken reference: the 'notification.messages' tries to reorder itself towards 'user', but their parents are different: 'header' and '' respectively. [] []
[2025-08-18T14:39:11.229659+00:00] main.INFO: Broken reference: the 'logo' tries to reorder itself towards '', but their parents are different: 'header' and '' respectively. [] []
[2025-08-18T14:39:11.229835+00:00] main.INFO: Broken reference: the 'global.search' tries to reorder itself towards 'logo', but their parents are different: 'header' and '' respectively. [] []
[2025-08-18T14:39:11.229998+00:00] main.INFO: Broken reference: the 'page.actions.toolbar' tries to reorder itself towards '', but their parents are different: 'page.main.actions' and '' respectively. [] []
[2025-08-18T14:39:11.230222+00:00] main.INFO: Broken reference: the 'header.inner.left' tries to reorder itself towards '', but their parents are different: 'header' and '' respectively. [] []
[2025-08-18T14:39:11.230390+00:00] main.INFO: Broken reference: the 'header.inner.right' tries to reorder itself towards 'header.inner.left', but their parents are different: 'header' and '' respectively. [] []
[2025-08-18T14:39:11.230605+00:00] main.INFO: Broken reference: the 'notification.messages' tries to reorder itself towards 'user', but their parents are different: 'header.inner.right' and '' respectively. [] []
[2025-08-18T14:39:22.528570+00:00] main.INFO: Broken reference: the 'notification.messages' tries to reorder itself towards 'user', but their parents are different: 'header.inner.right' and 'header' respectively. [] []
[2025-08-18T14:39:26.427349+00:00] main.INFO: Broken reference: the 'notification.messages' tries to reorder itself towards 'user', but their parents are different: 'header.inner.right' and 'header' respectively. [] []
[2025-08-18T14:39:27.629337+00:00] main.INFO: Broken reference: the 'notification.messages' tries to reorder itself towards 'user', but their parents are different: 'header.inner.right' and 'header' respectively. [] []
[2025-08-18T14:39:45.900412+00:00] main.INFO: Broken reference: the 'notification.messages' tries to reorder itself towards 'user', but their parents are different: 'header.inner.right' and 'header' respectively. [] []
[2025-08-18T14:39:50.786514+00:00] main.INFO: Broken reference: the 'notification.messages' tries to reorder itself towards 'user', but their parents are different: 'header.inner.right' and 'header' respectively. [] []
[2025-08-18T14:39:50.847859+00:00] main.ERROR: Error loading category options: Warning: foreach() argument must be of type array|object, int given in /var/www/html/app/code/News/Manger/Block/Adminhtml/Category/Edit/Form.php on line 208 [] []
[2025-08-18T14:40:01.833858+00:00] main.INFO: Broken reference: the 'notification.messages' tries to reorder itself towards 'user', but their parents are different: 'header.inner.right' and 'header' respectively. [] []
[2025-08-18T14:40:04.645668+00:00] main.INFO: Broken reference: the 'notification.messages' tries to reorder itself towards 'user', but their parents are different: 'header.inner.right' and 'header' respectively. [] []
[2025-08-18T14:40:04.712575+00:00] main.ERROR: Error loading category options: Warning: foreach() argument must be of type array|object, int given in /var/www/html/app/code/News/Manger/Block/Adminhtml/Category/Edit/Form.php on line 208 [] []
[2025-08-18T14:40:12.114439+00:00] main.INFO: Broken reference: the 'notification.messages' tries to reorder itself towards 'user', but their parents are different: 'header.inner.right' and 'header' respectively. [] []
[2025-08-18T14:40:12.178786+00:00] main.ERROR: Error loading category options: Warning: foreach() argument must be of type array|object, int given in /var/www/html/app/code/News/Manger/Block/Adminhtml/Category/Edit/Form.php on line 208 [] []
[2025-08-18T14:40:14.941924+00:00] main.INFO: Broken reference: the 'notification.messages' tries to reorder itself towards 'user', but their parents are different: 'header.inner.right' and 'header' respectively. [] []
[2025-08-18T14:40:14.998841+00:00] main.ERROR: Error loading category options: Warning: foreach() argument must be of type array|object, int given in /var/www/html/app/code/News/Manger/Block/Adminhtml/Category/Edit/Form.php on line 208 [] []
[2025-08-18T14:40:35.286290+00:00] main.INFO: Broken reference: the 'notification.messages' tries to reorder itself towards 'user', but their parents are different: 'header.inner.right' and 'header' respectively. [] []
[2025-08-18T14:40:39.527475+00:00] main.INFO: Broken reference: the 'notification.messages' tries to reorder itself towards 'user', but their parents are different: 'header.inner.right' and 'header' respectively. [] []
[2025-08-18T14:40:39.586430+00:00] main.ERROR: Error loading category options: Warning: foreach() argument must be of type array|object, int given in /var/www/html/app/code/News/Manger/Block/Adminhtml/Category/Edit/Form.php on line 208 [] []
[2025-08-18T14:41:01.821785+00:00] main.INFO: Broken reference: the 'notification.messages' tries to reorder itself towards 'user', but their parents are different: 'header.inner.right' and 'header' respectively. [] []
[2025-08-18T14:41:01.996931+00:00] main.ERROR: Error loading category options: Warning: foreach() argument must be of type array|object, int given in /var/www/html/app/code/News/Manger/Block/Adminhtml/Category/Edit/Form.php on line 208 [] []
[2025-08-18T14:41:04.276445+00:00] main.INFO: Broken reference: the 'notification.messages' tries to reorder itself towards 'user', but their parents are different: 'header.inner.right' and 'header' respectively. [] []
[2025-08-18T14:41:08.968242+00:00] main.INFO: Broken reference: the 'notification.messages' tries to reorder itself towards 'user', but their parents are different: 'header.inner.right' and 'header' respectively. [] []
[2025-08-18T14:41:09.031327+00:00] main.ERROR: Error loading category options: Warning: foreach() argument must be of type array|object, int given in /var/www/html/app/code/News/Manger/Block/Adminhtml/Category/Edit/Form.php on line 208 [] []
[2025-08-18T14:41:14.107472+00:00] main.INFO: Broken reference: the 'notification.messages' tries to reorder itself towards 'user', but their parents are different: 'header.inner.right' and 'header' respectively. [] []
[2025-08-18T14:45:12.182073+00:00] main.INFO: Broken reference: the 'notification.messages' tries to reorder itself towards 'user', but their parents are different: 'header.inner.right' and 'header' respectively. [] []
[2025-08-18T14:45:12.271950+00:00] main.ERROR: Error loading category options: Warning: foreach() argument must be of type array|object, int given in /var/www/html/app/code/News/Manger/Block/Adminhtml/Category/Edit/Form.php on line 208 [] []
[2025-08-18T14:45:39.354046+00:00] main.INFO: Broken reference: the 'notification.messages' tries to reorder itself towards 'user', but their parents are different: 'header.inner.right' and 'header' respectively. [] []
[2025-08-18T14:46:54.327885+00:00] main.INFO: Broken reference: the 'notification.messages' tries to reorder itself towards 'user', but their parents are different: 'header.inner.right' and 'header' respectively. [] []
[2025-08-18T14:47:02.674810+00:00] main.INFO: Broken reference: the 'notification.messages' tries to reorder itself towards 'user', but their parents are different: 'header.inner.right' and 'header' respectively. [] []
[2025-08-18T14:47:02.867956+00:00] main.ERROR: Error loading category options: Warning: foreach() argument must be of type array|object, int given in /var/www/html/app/code/News/Manger/Block/Adminhtml/Category/Edit/Form.php on line 208 [] []
[2025-08-18T14:50:02.493319+00:00] main.INFO: Broken reference: the 'notification.messages' tries to reorder itself towards 'user', but their parents are different: 'header.inner.right' and 'header' respectively. [] []
[2025-08-18T14:50:02.685704+00:00] main.ERROR: Error loading category options: Warning: foreach() argument must be of type array|object, int given in /var/www/html/app/code/News/Manger/Block/Adminhtml/Category/Edit/Form.php on line 208 [] []
[2025-08-18T14:53:38.265939+00:00] main.INFO: Broken reference: the 'notification.messages' tries to reorder itself towards 'user', but their parents are different: 'header.inner.right' and 'header' respectively. [] []
[2025-08-18T14:53:47.845168+00:00] main.INFO: Broken reference: the 'notification.messages' tries to reorder itself towards 'user', but their parents are different: 'header.inner.right' and 'header' respectively. [] []
[2025-08-18T14:53:47.978331+00:00] main.ERROR: Error loading category options: Warning: foreach() argument must be of type array|object, int given in /var/www/html/app/code/News/Manger/Block/Adminhtml/Category/Edit/Form.php on line 208 [] []
[2025-08-18T15:01:25.552334+00:00] main.INFO: Broken reference: the 'notification.messages' tries to reorder itself towards 'user', but their parents are different: 'header.inner.right' and 'header' respectively. [] []
[2025-08-18T15:01:25.569822+00:00] main.CRITICAL: Type Error occurred when creating object: News\Manger\Block\Adminhtml\Category\Edit\Form\Interceptor, News\Manger\Block\Adminhtml\Category\Edit\Form\Interceptor::__construct(): Argument #4 ($categoryFactory) must be of type News\Manger\Model\CategoryFactory, Magento\Store\Model\System\Store given, called in /var/www/html/vendor/magento/framework/ObjectManager/Factory/AbstractFactory.php on line 121 [] []
[2025-08-18T15:01:25.570687+00:00] main.ERROR: Type Error occurred when creating object: News\Manger\Block\Adminhtml\Category\Edit\Form\Interceptor, News\Manger\Block\Adminhtml\Category\Edit\Form\Interceptor::__construct(): Argument #4 ($categoryFactory) must be of type News\Manger\Model\CategoryFactory, Magento\Store\Model\System\Store given, called in /var/www/html/vendor/magento/framework/ObjectManager/Factory/AbstractFactory.php on line 121 [] []
[2025-08-18T15:02:18.770092+00:00] main.INFO: Broken reference: the 'notification.messages' tries to reorder itself towards 'user', but their parents are different: 'header.inner.right' and 'header' respectively. [] []
[2025-08-18T15:02:18.782696+00:00] main.CRITICAL: Type Error occurred when creating object: News\Manger\Block\Adminhtml\Category\Edit\Form\Interceptor, News\Manger\Block\Adminhtml\Category\Edit\Form\Interceptor::__construct(): Argument #4 ($categoryFactory) must be of type News\Manger\Model\CategoryFactory, Magento\Store\Model\System\Store given, called in /var/www/html/vendor/magento/framework/ObjectManager/Factory/AbstractFactory.php on line 121 [] []
[2025-08-18T15:02:18.783154+00:00] main.ERROR: Type Error occurred when creating object: News\Manger\Block\Adminhtml\Category\Edit\Form\Interceptor, News\Manger\Block\Adminhtml\Category\Edit\Form\Interceptor::__construct(): Argument #4 ($categoryFactory) must be of type News\Manger\Model\CategoryFactory, Magento\Store\Model\System\Store given, called in /var/www/html/vendor/magento/framework/ObjectManager/Factory/AbstractFactory.php on line 121 [] []
[2025-08-18T15:02:35.106218+00:00] main.INFO: Broken reference: the 'notification.messages' tries to reorder itself towards 'user', but their parents are different: 'header.inner.right' and 'header' respectively. [] []
[2025-08-18T15:02:35.115943+00:00] main.CRITICAL: Type Error occurred when creating object: News\Manger\Block\Adminhtml\Category\Edit\Form\Interceptor, News\Manger\Block\Adminhtml\Category\Edit\Form\Interceptor::__construct(): Argument #4 ($categoryFactory) must be of type News\Manger\Model\CategoryFactory, Magento\Store\Model\System\Store given, called in /var/www/html/vendor/magento/framework/ObjectManager/Factory/AbstractFactory.php on line 121 [] []
[2025-08-18T15:02:35.116408+00:00] main.ERROR: Type Error occurred when creating object: News\Manger\Block\Adminhtml\Category\Edit\Form\Interceptor, News\Manger\Block\Adminhtml\Category\Edit\Form\Interceptor::__construct(): Argument #4 ($categoryFactory) must be of type News\Manger\Model\CategoryFactory, Magento\Store\Model\System\Store given, called in /var/www/html/vendor/magento/framework/ObjectManager/Factory/AbstractFactory.php on line 121 [] []
[2025-08-18T15:04:19.989798+00:00] main.CRITICAL: Type Error occurred when creating object: News\Manger\Model\Category, News\Manger\Model\Category::__construct(): Argument #3 ($categoryCollectionFactory) must be of type News\Manger\Model\ResourceModel\Category\CollectionFactory, null given, called in /var/www/html/vendor/magento/framework/ObjectManager/Factory/AbstractFactory.php on line 121 [] []
[2025-08-18T15:04:19.990457+00:00] main.ERROR: Type Error occurred when creating object: News\Manger\Model\Category, News\Manger\Model\Category::__construct(): Argument #3 ($categoryCollectionFactory) must be of type News\Manger\Model\ResourceModel\Category\CollectionFactory, null given, called in /var/www/html/vendor/magento/framework/ObjectManager/Factory/AbstractFactory.php on line 121 [] []
[2025-08-18T15:07:24.115179+00:00] main.INFO: Broken reference: the 'notification.messages' tries to reorder itself towards 'user', but their parents are different: 'header.inner.right' and 'header' respectively. [] []
[2025-08-18T15:07:24.124309+00:00] main.CRITICAL: Type Error occurred when creating object: News\Manger\Block\Adminhtml\Category\Edit\Form\Interceptor, News\Manger\Block\Adminhtml\Category\Edit\Form\Interceptor::__construct(): Argument #4 ($categoryFactory) must be of type News\Manger\Model\CategoryFactory, Magento\Store\Model\System\Store given, called in /var/www/html/vendor/magento/framework/ObjectManager/Factory/AbstractFactory.php on line 121 [] []
[2025-08-18T15:07:24.124865+00:00] main.ERROR: Type Error occurred when creating object: News\Manger\Block\Adminhtml\Category\Edit\Form\Interceptor, News\Manger\Block\Adminhtml\Category\Edit\Form\Interceptor::__construct(): Argument #4 ($categoryFactory) must be of type News\Manger\Model\CategoryFactory, Magento\Store\Model\System\Store given, called in /var/www/html/vendor/magento/framework/ObjectManager/Factory/AbstractFactory.php on line 121 [] []
[2025-08-20T10:44:31.979769+00:00] main.INFO: Broken reference: the 'tracking' element cannot be added as child to 'header', because the latter doesn't exist [] []
[2025-08-20T10:44:31.981536+00:00] main.INFO: Broken reference: the 'notification_area' element cannot be added as child to 'notifications', because the latter doesn't exist [] []
[2025-08-20T10:44:31.981798+00:00] main.INFO: Broken reference: the 'unread_system_messages' element cannot be added as child to 'notifications', because the latter doesn't exist [] []
[2025-08-20T10:44:31.981989+00:00] main.INFO: Broken reference: the 'notification_window' element cannot be added as child to 'notifications', because the latter doesn't exist [] []
[2025-08-20T10:44:31.982165+00:00] main.INFO: Broken reference: the 'notification.messages' element cannot be added as child to 'header', because the latter doesn't exist [] []
[2025-08-20T10:44:31.982351+00:00] main.INFO: Broken reference: the 'global_notices' element cannot be added as child to 'global.notices', because the latter doesn't exist [] []
[2025-08-20T10:44:31.982524+00:00] main.INFO: Broken reference: the 'logo' element cannot be added as child to 'header', because the latter doesn't exist [] []
[2025-08-20T10:44:31.982707+00:00] main.INFO: Broken reference: the 'global.search' element cannot be added as child to 'header', because the latter doesn't exist [] []
[2025-08-20T10:44:31.982880+00:00] main.INFO: Broken reference: the 'user' element cannot be added as child to 'header', because the latter doesn't exist [] []
[2025-08-20T10:44:31.983053+00:00] main.INFO: Broken reference: the 'menu' element cannot be added as child to 'page.menu', because the latter doesn't exist [] []
[2025-08-20T10:44:31.983224+00:00] main.INFO: Broken reference: the 'breadcrumbs' element cannot be added as child to 'page.breadcrumbs', because the latter doesn't exist [] []
[2025-08-20T10:44:31.983395+00:00] main.INFO: Broken reference: the 'formkey' element cannot be added as child to 'page.formkey', because the latter doesn't exist [] []
[2025-08-20T10:44:31.983565+00:00] main.INFO: Broken reference: the 'page.title' element cannot be added as child to 'main.top', because the latter doesn't exist [] []
[2025-08-20T10:44:31.983745+00:00] main.INFO: Broken reference: the 'messages' element cannot be added as child to 'page.messages', because the latter doesn't exist [] []
[2025-08-20T10:44:31.983915+00:00] main.INFO: Broken reference: the 'page.actions.toolbar' element cannot be added as child to 'page.main.actions', because the latter doesn't exist [] []
[2025-08-20T10:44:31.984087+00:00] main.INFO: Broken reference: the 'legal' element cannot be added as child to 'footer', because the latter doesn't exist [] []
[2025-08-20T10:44:31.984424+00:00] main.INFO: Broken reference: the 'header.inner.left' element cannot be added as child to 'header', because the latter doesn't exist [] []
[2025-08-20T10:44:31.984639+00:00] main.INFO: Broken reference: the 'header.inner.right' element cannot be added as child to 'header', because the latter doesn't exist [] []
[2025-08-20T10:44:31.984950+00:00] main.INFO: Broken reference: the 'user' tries to reorder itself towards '', but their parents are different: 'header' and '' respectively. [] []
[2025-08-20T10:44:31.985163+00:00] main.INFO: Broken reference: the 'notification.messages' tries to reorder itself towards 'user', but their parents are different: 'header' and '' respectively. [] []
[2025-08-20T10:44:31.985388+00:00] main.INFO: Broken reference: the 'logo' tries to reorder itself towards '', but their parents are different: 'header' and '' respectively. [] []
[2025-08-20T10:44:31.985556+00:00] main.INFO: Broken reference: the 'global.search' tries to reorder itself towards 'logo', but their parents are different: 'header' and '' respectively. [] []
[2025-08-20T10:44:31.985750+00:00] main.INFO: Broken reference: the 'page.actions.toolbar' tries to reorder itself towards '', but their parents are different: 'page.main.actions' and '' respectively. [] []
[2025-08-20T10:44:31.985994+00:00] main.INFO: Broken reference: the 'header.inner.left' tries to reorder itself towards '', but their parents are different: 'header' and '' respectively. [] []
[2025-08-20T10:44:31.986191+00:00] main.INFO: Broken reference: the 'header.inner.right' tries to reorder itself towards 'header.inner.left', but their parents are different: 'header' and '' respectively. [] []
[2025-08-20T10:44:31.986390+00:00] main.INFO: Broken reference: the 'notification.messages' tries to reorder itself towards 'user', but their parents are different: 'header.inner.right' and '' respectively. [] []
[2025-08-20T10:45:52.932762+00:00] main.INFO: Broken reference: the 'notification.messages' tries to reorder itself towards 'user', but their parents are different: 'header.inner.right' and 'header' respectively. [] []
[2025-08-20T10:45:58.293393+00:00] main.INFO: Broken reference: the 'notification.messages' tries to reorder itself towards 'user', but their parents are different: 'header.inner.right' and 'header' respectively. [] []
[2025-08-20T10:46:03.451624+00:00] main.INFO: Broken reference: the 'notification.messages' tries to reorder itself towards 'user', but their parents are different: 'header.inner.right' and 'header' respectively. [] []
[2025-08-20T10:46:06.620242+00:00] main.INFO: Broken reference: the 'notification.messages' tries to reorder itself towards 'user', but their parents are different: 'header.inner.right' and 'header' respectively. [] []
[2025-08-20T10:46:09.114329+00:00] main.INFO: Broken reference: the 'notification.messages' tries to reorder itself towards 'user', but their parents are different: 'header.inner.right' and 'header' respectively. [] []
[2025-08-20T12:15:52.990344+00:00] main.ERROR: There are no commands defined in the "cahe" namespace.

Did you mean one of these?
    cache
    cache:clean
#0 /var/www/html/vendor/symfony/console/Application.php(720): Symfony\Component\Console\Application->findNamespace('cahe')
#1 /var/www/html/vendor/symfony/console/Application.php(266): Symfony\Component\Console\Application->find('cahe:flush')
#2 /var/www/html/vendor/magento/framework/Console/Cli.php(118): Symfony\Component\Console\Application->doRun(Object(Symfony\Component\Console\Input\ArgvInput), Object(Symfony\Component\Console\Output\ConsoleOutput))
#3 /var/www/html/vendor/symfony/console/Application.php(175): Magento\Framework\Console\Cli->doRun(Object(Symfony\Component\Console\Input\ArgvInput), Object(Symfony\Component\Console\Output\ConsoleOutput))
#4 /var/www/html/bin/magento(23): Symfony\Component\Console\Application->run()
#5 {main} [] []
[2025-08-20T13:10:09.170709+00:00] main.INFO: Broken reference: the 'tracking' element cannot be added as child to 'header', because the latter doesn't exist [] []
[2025-08-20T13:10:09.171122+00:00] main.INFO: Broken reference: the 'notification_area' element cannot be added as child to 'notifications', because the latter doesn't exist [] []
[2025-08-20T13:10:09.171317+00:00] main.INFO: Broken reference: the 'unread_system_messages' element cannot be added as child to 'notifications', because the latter doesn't exist [] []
[2025-08-20T13:10:09.171492+00:00] main.INFO: Broken reference: the 'notification_window' element cannot be added as child to 'notifications', because the latter doesn't exist [] []
[2025-08-20T13:10:09.171698+00:00] main.INFO: Broken reference: the 'notification.messages' element cannot be added as child to 'header', because the latter doesn't exist [] []
[2025-08-20T13:10:09.171877+00:00] main.INFO: Broken reference: the 'global_notices' element cannot be added as child to 'global.notices', because the latter doesn't exist [] []
[2025-08-20T13:10:09.172041+00:00] main.INFO: Broken reference: the 'logo' element cannot be added as child to 'header', because the latter doesn't exist [] []
[2025-08-20T13:10:09.172202+00:00] main.INFO: Broken reference: the 'global.search' element cannot be added as child to 'header', because the latter doesn't exist [] []
[2025-08-20T13:10:09.172393+00:00] main.INFO: Broken reference: the 'user' element cannot be added as child to 'header', because the latter doesn't exist [] []
[2025-08-20T13:10:09.172558+00:00] main.INFO: Broken reference: the 'menu' element cannot be added as child to 'page.menu', because the latter doesn't exist [] []
[2025-08-20T13:10:09.172749+00:00] main.INFO: Broken reference: the 'breadcrumbs' element cannot be added as child to 'page.breadcrumbs', because the latter doesn't exist [] []
[2025-08-20T13:10:09.172963+00:00] main.INFO: Broken reference: the 'formkey' element cannot be added as child to 'page.formkey', because the latter doesn't exist [] []
[2025-08-20T13:10:09.173164+00:00] main.INFO: Broken reference: the 'page.title' element cannot be added as child to 'main.top', because the latter doesn't exist [] []
[2025-08-20T13:10:09.173388+00:00] main.INFO: Broken reference: the 'messages' element cannot be added as child to 'page.messages', because the latter doesn't exist [] []
[2025-08-20T13:10:09.173584+00:00] main.INFO: Broken reference: the 'page.actions.toolbar' element cannot be added as child to 'page.main.actions', because the latter doesn't exist [] []
[2025-08-20T13:10:09.173783+00:00] main.INFO: Broken reference: the 'legal' element cannot be added as child to 'footer', because the latter doesn't exist [] []
[2025-08-20T13:10:09.174158+00:00] main.INFO: Broken reference: the 'header.inner.left' element cannot be added as child to 'header', because the latter doesn't exist [] []
[2025-08-20T13:10:09.174357+00:00] main.INFO: Broken reference: the 'header.inner.right' element cannot be added as child to 'header', because the latter doesn't exist [] []
[2025-08-20T13:10:09.174735+00:00] main.INFO: Broken reference: the 'user' tries to reorder itself towards '', but their parents are different: 'header' and '' respectively. [] []
[2025-08-20T13:10:09.174932+00:00] main.INFO: Broken reference: the 'notification.messages' tries to reorder itself towards 'user', but their parents are different: 'header' and '' respectively. [] []
[2025-08-20T13:10:09.175095+00:00] main.INFO: Broken reference: the 'logo' tries to reorder itself towards '', but their parents are different: 'header' and '' respectively. [] []
[2025-08-20T13:10:09.175253+00:00] main.INFO: Broken reference: the 'global.search' tries to reorder itself towards 'logo', but their parents are different: 'header' and '' respectively. [] []
[2025-08-20T13:10:09.175407+00:00] main.INFO: Broken reference: the 'page.actions.toolbar' tries to reorder itself towards '', but their parents are different: 'page.main.actions' and '' respectively. [] []
[2025-08-20T13:10:09.175603+00:00] main.INFO: Broken reference: the 'header.inner.left' tries to reorder itself towards '', but their parents are different: 'header' and '' respectively. [] []
[2025-08-20T13:10:09.175814+00:00] main.INFO: Broken reference: the 'header.inner.right' tries to reorder itself towards 'header.inner.left', but their parents are different: 'header' and '' respectively. [] []
[2025-08-20T13:10:09.176074+00:00] main.INFO: Broken reference: the 'notification.messages' tries to reorder itself towards 'user', but their parents are different: 'header.inner.right' and '' respectively. [] []
[2025-08-20T13:10:28.683108+00:00] main.INFO: Broken reference: the 'notification.messages' tries to reorder itself towards 'user', but their parents are different: 'header.inner.right' and 'header' respectively. [] []
[2025-08-20T13:10:33.860335+00:00] main.INFO: Broken reference: the 'notification.messages' tries to reorder itself towards 'user', but their parents are different: 'header.inner.right' and 'header' respectively. [] []
[2025-08-20T13:10:38.155730+00:00] main.INFO: Broken reference: the 'notification.messages' tries to reorder itself towards 'user', but their parents are different: 'header.inner.right' and 'header' respectively. [] []
[2025-08-20T13:10:47.362848+00:00] main.INFO: Broken reference: the 'notification.messages' tries to reorder itself towards 'user', but their parents are different: 'header.inner.right' and 'header' respectively. [] []
[2025-08-20T13:10:51.073651+00:00] main.INFO: Broken reference: the 'notification.messages' tries to reorder itself towards 'user', but their parents are different: 'header.inner.right' and 'header' respectively. [] []
[2025-08-20T13:10:59.695214+00:00] main.INFO: Broken reference: the 'notification.messages' tries to reorder itself towards 'user', but their parents are different: 'header.inner.right' and 'header' respectively. [] []
[2025-08-20T14:06:37.172003+00:00] main.ERROR: Braintree\Configuration::merchantId needs to be set (or accessToken needs to be passed to Braintree\Gateway). [] []
[2025-08-20T14:09:48.600838+00:00] main.INFO: Broken reference: the 'tracking' element cannot be added as child to 'header', because the latter doesn't exist [] []
[2025-08-20T14:09:48.601675+00:00] main.INFO: Broken reference: the 'notification_area' element cannot be added as child to 'notifications', because the latter doesn't exist [] []
[2025-08-20T14:09:48.601885+00:00] main.INFO: Broken reference: the 'unread_system_messages' element cannot be added as child to 'notifications', because the latter doesn't exist [] []
[2025-08-20T14:09:48.602065+00:00] main.INFO: Broken reference: the 'notification_window' element cannot be added as child to 'notifications', because the latter doesn't exist [] []
[2025-08-20T14:09:48.602236+00:00] main.INFO: Broken reference: the 'notification.messages' element cannot be added as child to 'header', because the latter doesn't exist [] []
[2025-08-20T14:09:48.602444+00:00] main.INFO: Broken reference: the 'global_notices' element cannot be added as child to 'global.notices', because the latter doesn't exist [] []
[2025-08-20T14:09:48.602626+00:00] main.INFO: Broken reference: the 'logo' element cannot be added as child to 'header', because the latter doesn't exist [] []
[2025-08-20T14:09:48.602804+00:00] main.INFO: Broken reference: the 'global.search' element cannot be added as child to 'header', because the latter doesn't exist [] []
[2025-08-20T14:09:48.602966+00:00] main.INFO: Broken reference: the 'user' element cannot be added as child to 'header', because the latter doesn't exist [] []
[2025-08-20T14:09:48.603128+00:00] main.INFO: Broken reference: the 'menu' element cannot be added as child to 'page.menu', because the latter doesn't exist [] []
[2025-08-20T14:09:48.603290+00:00] main.INFO: Broken reference: the 'breadcrumbs' element cannot be added as child to 'page.breadcrumbs', because the latter doesn't exist [] []
[2025-08-20T14:09:48.603451+00:00] main.INFO: Broken reference: the 'formkey' element cannot be added as child to 'page.formkey', because the latter doesn't exist [] []
[2025-08-20T14:09:48.603609+00:00] main.INFO: Broken reference: the 'page.title' element cannot be added as child to 'main.top', because the latter doesn't exist [] []
[2025-08-20T14:09:48.603781+00:00] main.INFO: Broken reference: the 'messages' element cannot be added as child to 'page.messages', because the latter doesn't exist [] []
[2025-08-20T14:09:48.603941+00:00] main.INFO: Broken reference: the 'page.actions.toolbar' element cannot be added as child to 'page.main.actions', because the latter doesn't exist [] []
[2025-08-20T14:09:48.604101+00:00] main.INFO: Broken reference: the 'legal' element cannot be added as child to 'footer', because the latter doesn't exist [] []
[2025-08-20T14:09:48.604441+00:00] main.INFO: Broken reference: the 'header.inner.left' element cannot be added as child to 'header', because the latter doesn't exist [] []
[2025-08-20T14:09:48.604619+00:00] main.INFO: Broken reference: the 'header.inner.right' element cannot be added as child to 'header', because the latter doesn't exist [] []
[2025-08-20T14:09:48.604886+00:00] main.INFO: Broken reference: the 'user' tries to reorder itself towards '', but their parents are different: 'header' and '' respectively. [] []
[2025-08-20T14:09:48.605058+00:00] main.INFO: Broken reference: the 'notification.messages' tries to reorder itself towards 'user', but their parents are different: 'header' and '' respectively. [] []
[2025-08-20T14:09:48.605219+00:00] main.INFO: Broken reference: the 'logo' tries to reorder itself towards '', but their parents are different: 'header' and '' respectively. [] []
[2025-08-20T14:09:48.605377+00:00] main.INFO: Broken reference: the 'global.search' tries to reorder itself towards 'logo', but their parents are different: 'header' and '' respectively. [] []
[2025-08-20T14:09:48.605532+00:00] main.INFO: Broken reference: the 'page.actions.toolbar' tries to reorder itself towards '', but their parents are different: 'page.main.actions' and '' respectively. [] []
[2025-08-20T14:09:48.605739+00:00] main.INFO: Broken reference: the 'header.inner.left' tries to reorder itself towards '', but their parents are different: 'header' and '' respectively. [] []
[2025-08-20T14:09:48.605908+00:00] main.INFO: Broken reference: the 'header.inner.right' tries to reorder itself towards 'header.inner.left', but their parents are different: 'header' and '' respectively. [] []
[2025-08-20T14:09:48.606082+00:00] main.INFO: Broken reference: the 'notification.messages' tries to reorder itself towards 'user', but their parents are different: 'header.inner.right' and '' respectively. [] []
[2025-08-20T14:10:05.175696+00:00] main.INFO: Broken reference: the 'notification.messages' tries to reorder itself towards 'user', but their parents are different: 'header.inner.right' and 'header' respectively. [] []
[2025-08-20T14:10:09.792840+00:00] main.INFO: Broken reference: the 'notification.messages' tries to reorder itself towards 'user', but their parents are different: 'header.inner.right' and 'header' respectively. [] []
[2025-08-20T14:10:14.413187+00:00] main.INFO: Broken reference: the 'notification.messages' tries to reorder itself towards 'user', but their parents are different: 'header.inner.right' and 'header' respectively. [] []
[2025-08-20T14:10:33.007331+00:00] main.INFO: Broken reference: the 'notification.messages' tries to reorder itself towards 'user', but their parents are different: 'header.inner.right' and 'header' respectively. [] []
[2025-08-20T14:10:35.878134+00:00] main.INFO: Broken reference: the 'notification.messages' tries to reorder itself towards 'user', but their parents are different: 'header.inner.right' and 'header' respectively. [] []
[2025-08-20T14:10:54.688391+00:00] main.INFO: Broken reference: the 'notification.messages' tries to reorder itself towards 'user', but their parents are different: 'header.inner.right' and 'header' respectively. [] []
[2025-08-20T14:11:02.152853+00:00] main.INFO: Broken reference: the 'notification.messages' tries to reorder itself towards 'user', but their parents are different: 'header.inner.right' and 'header' respectively. [] []
[2025-08-20T14:11:40.207222+00:00] main.INFO: Broken reference: the 'notification.messages' tries to reorder itself towards 'user', but their parents are different: 'header.inner.right' and 'header' respectively. [] []
[2025-08-20T14:11:43.095564+00:00] main.INFO: Broken reference: the 'notification.messages' tries to reorder itself towards 'user', but their parents are different: 'header.inner.right' and 'header' respectively. [] []
[2025-08-20T14:24:27.232275+00:00] main.INFO: Broken reference: the 'notification.messages' tries to reorder itself towards 'user', but their parents are different: 'header.inner.right' and 'header' respectively. [] []
[2025-08-20T14:24:32.722513+00:00] main.ERROR: The "/var/www/html/var/tmp/alternative-source-css.lock" file can't be deleted.  [] []
[2025-08-20T14:24:32.723035+00:00] main.CRITICAL: The "/var/www/html/var/tmp/alternative-source-css.lock" file can't be deleted.  [] []
[2025-08-20T14:24:37.641881+00:00] main.INFO: Broken reference: the 'notification.messages' tries to reorder itself towards 'user', but their parents are different: 'header.inner.right' and 'header' respectively. [] []
[2025-08-20T14:24:57.410876+00:00] main.CRITICAL: Exception message: SQLSTATE[23000]: Integrity constraint violation: 1062 Duplicate entry '4' for key 'PRIMARY', query was: INSERT INTO `news_category_hierarchy` (`category_id`, `parent_id`, `created_at`, `updated_at`) VALUES (?, ?, ?, ?)
Trace: <pre>#1 Magento\Framework\DB\Adapter\Pdo\Mysql->_query() called at [vendor/magento/framework/DB/Adapter/Pdo/Mysql.php:703]
#2 Magento\Framework\DB\Adapter\Pdo\Mysql->query() called at [vendor/magento/zend-db/library/Zend/Db/Adapter/Abstract.php:576]
#3 Zend_Db_Adapter_Abstract->insert() called at [app/code/News/Manger/Controller/Adminhtml/Category/Save.php:156]
#4 News\Manger\Controller\Adminhtml\Category\Save->saveMultipleHierarchies() called at [app/code/News/Manger/Controller/Adminhtml/Category/Save.php:100]
#5 News\Manger\Controller\Adminhtml\Category\Save->execute() called at [vendor/magento/framework/Interception/Interceptor.php:58]
#6 News\Manger\Controller\Adminhtml\Category\Save\Interceptor->___callParent() called at [vendor/magento/framework/Interception/Interceptor.php:138]
#7 News\Manger\Controller\Adminhtml\Category\Save\Interceptor->Magento\Framework\Interception\{closure}() called at [vendor/magento/framework/Interception/Interceptor.php:153]
#8 News\Manger\Controller\Adminhtml\Category\Save\Interceptor->___callPlugins() called at [generated/code/News/Manger/Controller/Adminhtml/Category/Save/Interceptor.php:23]
#9 News\Manger\Controller\Adminhtml\Category\Save\Interceptor->execute() called at [vendor/magento/framework/App/Action/Action.php:111]
#10 Magento\Framework\App\Action\Action->dispatch() called at [vendor/magento/module-backend/App/AbstractAction.php:151]
#11 Magento\Backend\App\AbstractAction->dispatch() called at [vendor/magento/framework/Interception/Interceptor.php:58]
#12 News\Manger\Controller\Adminhtml\Category\Save\Interceptor->___callParent() called at [vendor/magento/framework/Interception/Interceptor.php:138]
#13 News\Manger\Controller\Adminhtml\Category\Save\Interceptor->Magento\Framework\Interception\{closure}() called at [vendor/magento/module-backend/App/Action/Plugin/Authentication.php:145]
#14 Magento\Backend\App\Action\Plugin\Authentication->aroundDispatch() called at [vendor/magento/framework/Interception/Interceptor.php:135]
#15 News\Manger\Controller\Adminhtml\Category\Save\Interceptor->Magento\Framework\Interception\{closure}() called at [vendor/magento/framework/Interception/Interceptor.php:153]
#16 News\Manger\Controller\Adminhtml\Category\Save\Interceptor->___callPlugins() called at [generated/code/News/Manger/Controller/Adminhtml/Category/Save/Interceptor.php:32]
#17 News\Manger\Controller\Adminhtml\Category\Save\Interceptor->dispatch() called at [vendor/magento/framework/App/FrontController.php:245]
#18 Magento\Framework\App\FrontController->getActionResponse() called at [vendor/magento/framework/App/FrontController.php:212]
#19 Magento\Framework\App\FrontController->processRequest() called at [vendor/magento/framework/App/FrontController.php:146]
#20 Magento\Framework\App\FrontController->dispatch() called at [vendor/magento/framework/Interception/Interceptor.php:58]
#21 Magento\Framework\App\FrontController\Interceptor->___callParent() called at [vendor/magento/framework/Interception/Interceptor.php:138]
#22 Magento\Framework\App\FrontController\Interceptor->Magento\Framework\Interception\{closure}() called at [vendor/magento/framework/Interception/Interceptor.php:153]
#23 Magento\Framework\App\FrontController\Interceptor->___callPlugins() called at [generated/code/Magento/Framework/App/FrontController/Interceptor.php:23]
#24 Magento\Framework\App\FrontController\Interceptor->dispatch() called at [vendor/magento/framework/App/Http.php:116]
#25 Magento\Framework\App\Http->launch() called at [vendor/magento/framework/Interception/Interceptor.php:58]
#26 Magento\Framework\App\Http\Interceptor->___callParent() called at [vendor/magento/framework/Interception/Interceptor.php:138]
#27 Magento\Framework\App\Http\Interceptor->Magento\Framework\Interception\{closure}() called at [vendor/magento/module-application-performance-monitor/Plugin/ApplicationPerformanceMonitor.php:38]
#28 Magento\ApplicationPerformanceMonitor\Plugin\ApplicationPerformanceMonitor->aroundLaunch() called at [vendor/magento/framework/Interception/Interceptor.php:135]
#29 Magento\Framework\App\Http\Interceptor->Magento\Framework\Interception\{closure}() called at [vendor/magento/framework/Interception/Interceptor.php:153]
#30 Magento\Framework\App\Http\Interceptor->___callPlugins() called at [generated/code/Magento/Framework/App/Http/Interceptor.php:23]
#31 Magento\Framework\App\Http\Interceptor->launch() called at [vendor/magento/framework/App/Bootstrap.php:264]
#32 Magento\Framework\App\Bootstrap->run() called at [pub/index.php:30]
</pre> [] []
[2025-08-20T14:24:57.505147+00:00] main.INFO: Broken reference: the 'notification.messages' tries to reorder itself towards 'user', but their parents are different: 'header.inner.right' and 'header' respectively. [] []
[2025-08-20T14:26:27.668057+00:00] main.ERROR: Braintree\Configuration::merchantId needs to be set (or accessToken needs to be passed to Braintree\Gateway). [] []
[2025-08-20T14:37:07.748651+00:00] main.INFO: Broken reference: the 'notification.messages' tries to reorder itself towards 'user', but their parents are different: 'header.inner.right' and 'header' respectively. [] []
[2025-08-20T14:37:27.265109+00:00] main.CRITICAL: Exception message: SQLSTATE[23000]: Integrity constraint violation: 1062 Duplicate entry '5' for key 'PRIMARY', query was: INSERT INTO `news_category_hierarchy` (`category_id`, `parent_id`, `created_at`, `updated_at`) VALUES (?, ?, ?, ?)
Trace: <pre>#1 Magento\Framework\DB\Adapter\Pdo\Mysql->_query() called at [vendor/magento/framework/DB/Adapter/Pdo/Mysql.php:703]
#2 Magento\Framework\DB\Adapter\Pdo\Mysql->query() called at [vendor/magento/zend-db/library/Zend/Db/Adapter/Abstract.php:576]
#3 Zend_Db_Adapter_Abstract->insert() called at [app/code/News/Manger/Controller/Adminhtml/Category/Save.php:156]
#4 News\Manger\Controller\Adminhtml\Category\Save->saveMultipleHierarchies() called at [app/code/News/Manger/Controller/Adminhtml/Category/Save.php:100]
#5 News\Manger\Controller\Adminhtml\Category\Save->execute() called at [vendor/magento/framework/Interception/Interceptor.php:58]
#6 News\Manger\Controller\Adminhtml\Category\Save\Interceptor->___callParent() called at [vendor/magento/framework/Interception/Interceptor.php:138]
#7 News\Manger\Controller\Adminhtml\Category\Save\Interceptor->Magento\Framework\Interception\{closure}() called at [vendor/magento/framework/Interception/Interceptor.php:153]
#8 News\Manger\Controller\Adminhtml\Category\Save\Interceptor->___callPlugins() called at [generated/code/News/Manger/Controller/Adminhtml/Category/Save/Interceptor.php:23]
#9 News\Manger\Controller\Adminhtml\Category\Save\Interceptor->execute() called at [vendor/magento/framework/App/Action/Action.php:111]
#10 Magento\Framework\App\Action\Action->dispatch() called at [vendor/magento/module-backend/App/AbstractAction.php:151]
#11 Magento\Backend\App\AbstractAction->dispatch() called at [vendor/magento/framework/Interception/Interceptor.php:58]
#12 News\Manger\Controller\Adminhtml\Category\Save\Interceptor->___callParent() called at [vendor/magento/framework/Interception/Interceptor.php:138]
#13 News\Manger\Controller\Adminhtml\Category\Save\Interceptor->Magento\Framework\Interception\{closure}() called at [vendor/magento/module-backend/App/Action/Plugin/Authentication.php:145]
#14 Magento\Backend\App\Action\Plugin\Authentication->aroundDispatch() called at [vendor/magento/framework/Interception/Interceptor.php:135]
#15 News\Manger\Controller\Adminhtml\Category\Save\Interceptor->Magento\Framework\Interception\{closure}() called at [vendor/magento/framework/Interception/Interceptor.php:153]
#16 News\Manger\Controller\Adminhtml\Category\Save\Interceptor->___callPlugins() called at [generated/code/News/Manger/Controller/Adminhtml/Category/Save/Interceptor.php:32]
#17 News\Manger\Controller\Adminhtml\Category\Save\Interceptor->dispatch() called at [vendor/magento/framework/App/FrontController.php:245]
#18 Magento\Framework\App\FrontController->getActionResponse() called at [vendor/magento/framework/App/FrontController.php:212]
#19 Magento\Framework\App\FrontController->processRequest() called at [vendor/magento/framework/App/FrontController.php:146]
#20 Magento\Framework\App\FrontController->dispatch() called at [vendor/magento/framework/Interception/Interceptor.php:58]
#21 Magento\Framework\App\FrontController\Interceptor->___callParent() called at [vendor/magento/framework/Interception/Interceptor.php:138]
#22 Magento\Framework\App\FrontController\Interceptor->Magento\Framework\Interception\{closure}() called at [vendor/magento/framework/Interception/Interceptor.php:153]
#23 Magento\Framework\App\FrontController\Interceptor->___callPlugins() called at [generated/code/Magento/Framework/App/FrontController/Interceptor.php:23]
#24 Magento\Framework\App\FrontController\Interceptor->dispatch() called at [vendor/magento/framework/App/Http.php:116]
#25 Magento\Framework\App\Http->launch() called at [vendor/magento/framework/Interception/Interceptor.php:58]
#26 Magento\Framework\App\Http\Interceptor->___callParent() called at [vendor/magento/framework/Interception/Interceptor.php:138]
#27 Magento\Framework\App\Http\Interceptor->Magento\Framework\Interception\{closure}() called at [vendor/magento/module-application-performance-monitor/Plugin/ApplicationPerformanceMonitor.php:38]
#28 Magento\ApplicationPerformanceMonitor\Plugin\ApplicationPerformanceMonitor->aroundLaunch() called at [vendor/magento/framework/Interception/Interceptor.php:135]
#29 Magento\Framework\App\Http\Interceptor->Magento\Framework\Interception\{closure}() called at [vendor/magento/framework/Interception/Interceptor.php:153]
#30 Magento\Framework\App\Http\Interceptor->___callPlugins() called at [generated/code/Magento/Framework/App/Http/Interceptor.php:23]
#31 Magento\Framework\App\Http\Interceptor->launch() called at [vendor/magento/framework/App/Bootstrap.php:264]
#32 Magento\Framework\App\Bootstrap->run() called at [pub/index.php:30]
</pre> [] []
[2025-08-20T14:37:27.370503+00:00] main.INFO: Broken reference: the 'notification.messages' tries to reorder itself towards 'user', but their parents are different: 'header.inner.right' and 'header' respectively. [] []
[2025-08-20T14:37:42.494246+00:00] main.CRITICAL: Exception message: SQLSTATE[23000]: Integrity constraint violation: 1062 Duplicate entry '6' for key 'PRIMARY', query was: INSERT INTO `news_category_hierarchy` (`category_id`, `parent_id`, `created_at`, `updated_at`) VALUES (?, ?, ?, ?)
Trace: <pre>#1 Magento\Framework\DB\Adapter\Pdo\Mysql->_query() called at [vendor/magento/framework/DB/Adapter/Pdo/Mysql.php:703]
#2 Magento\Framework\DB\Adapter\Pdo\Mysql->query() called at [vendor/magento/zend-db/library/Zend/Db/Adapter/Abstract.php:576]
#3 Zend_Db_Adapter_Abstract->insert() called at [app/code/News/Manger/Controller/Adminhtml/Category/Save.php:156]
#4 News\Manger\Controller\Adminhtml\Category\Save->saveMultipleHierarchies() called at [app/code/News/Manger/Controller/Adminhtml/Category/Save.php:100]
#5 News\Manger\Controller\Adminhtml\Category\Save->execute() called at [vendor/magento/framework/Interception/Interceptor.php:58]
#6 News\Manger\Controller\Adminhtml\Category\Save\Interceptor->___callParent() called at [vendor/magento/framework/Interception/Interceptor.php:138]
#7 News\Manger\Controller\Adminhtml\Category\Save\Interceptor->Magento\Framework\Interception\{closure}() called at [vendor/magento/framework/Interception/Interceptor.php:153]
#8 News\Manger\Controller\Adminhtml\Category\Save\Interceptor->___callPlugins() called at [generated/code/News/Manger/Controller/Adminhtml/Category/Save/Interceptor.php:23]
#9 News\Manger\Controller\Adminhtml\Category\Save\Interceptor->execute() called at [vendor/magento/framework/App/Action/Action.php:111]
#10 Magento\Framework\App\Action\Action->dispatch() called at [vendor/magento/module-backend/App/AbstractAction.php:151]
#11 Magento\Backend\App\AbstractAction->dispatch() called at [vendor/magento/framework/Interception/Interceptor.php:58]
#12 News\Manger\Controller\Adminhtml\Category\Save\Interceptor->___callParent() called at [vendor/magento/framework/Interception/Interceptor.php:138]
#13 News\Manger\Controller\Adminhtml\Category\Save\Interceptor->Magento\Framework\Interception\{closure}() called at [vendor/magento/module-backend/App/Action/Plugin/Authentication.php:145]
#14 Magento\Backend\App\Action\Plugin\Authentication->aroundDispatch() called at [vendor/magento/framework/Interception/Interceptor.php:135]
#15 News\Manger\Controller\Adminhtml\Category\Save\Interceptor->Magento\Framework\Interception\{closure}() called at [vendor/magento/framework/Interception/Interceptor.php:153]
#16 News\Manger\Controller\Adminhtml\Category\Save\Interceptor->___callPlugins() called at [generated/code/News/Manger/Controller/Adminhtml/Category/Save/Interceptor.php:32]
#17 News\Manger\Controller\Adminhtml\Category\Save\Interceptor->dispatch() called at [vendor/magento/framework/App/FrontController.php:245]
#18 Magento\Framework\App\FrontController->getActionResponse() called at [vendor/magento/framework/App/FrontController.php:212]
#19 Magento\Framework\App\FrontController->processRequest() called at [vendor/magento/framework/App/FrontController.php:146]
#20 Magento\Framework\App\FrontController->dispatch() called at [vendor/magento/framework/Interception/Interceptor.php:58]
#21 Magento\Framework\App\FrontController\Interceptor->___callParent() called at [vendor/magento/framework/Interception/Interceptor.php:138]
#22 Magento\Framework\App\FrontController\Interceptor->Magento\Framework\Interception\{closure}() called at [vendor/magento/framework/Interception/Interceptor.php:153]
#23 Magento\Framework\App\FrontController\Interceptor->___callPlugins() called at [generated/code/Magento/Framework/App/FrontController/Interceptor.php:23]
#24 Magento\Framework\App\FrontController\Interceptor->dispatch() called at [vendor/magento/framework/App/Http.php:116]
#25 Magento\Framework\App\Http->launch() called at [vendor/magento/framework/Interception/Interceptor.php:58]
#26 Magento\Framework\App\Http\Interceptor->___callParent() called at [vendor/magento/framework/Interception/Interceptor.php:138]
#27 Magento\Framework\App\Http\Interceptor->Magento\Framework\Interception\{closure}() called at [vendor/magento/module-application-performance-monitor/Plugin/ApplicationPerformanceMonitor.php:38]
#28 Magento\ApplicationPerformanceMonitor\Plugin\ApplicationPerformanceMonitor->aroundLaunch() called at [vendor/magento/framework/Interception/Interceptor.php:135]
#29 Magento\Framework\App\Http\Interceptor->Magento\Framework\Interception\{closure}() called at [vendor/magento/framework/Interception/Interceptor.php:153]
#30 Magento\Framework\App\Http\Interceptor->___callPlugins() called at [generated/code/Magento/Framework/App/Http/Interceptor.php:23]
#31 Magento\Framework\App\Http\Interceptor->launch() called at [vendor/magento/framework/App/Bootstrap.php:264]
#32 Magento\Framework\App\Bootstrap->run() called at [pub/index.php:30]
</pre> [] []
[2025-08-20T14:37:42.593784+00:00] main.INFO: Broken reference: the 'notification.messages' tries to reorder itself towards 'user', but their parents are different: 'header.inner.right' and 'header' respectively. [] []
[2025-08-20T14:37:46.404928+00:00] main.INFO: Broken reference: the 'notification.messages' tries to reorder itself towards 'user', but their parents are different: 'header.inner.right' and 'header' respectively. [] []
[2025-08-20T14:37:49.248306+00:00] main.INFO: Broken reference: the 'notification.messages' tries to reorder itself towards 'user', but their parents are different: 'header.inner.right' and 'header' respectively. [] []
[2025-08-20T14:37:56.739263+00:00] main.INFO: Broken reference: the 'notification.messages' tries to reorder itself towards 'user', but their parents are different: 'header.inner.right' and 'header' respectively. [] []
[2025-08-20T14:37:59.774114+00:00] main.INFO: Broken reference: the 'notification.messages' tries to reorder itself towards 'user', but their parents are different: 'header.inner.right' and 'header' respectively. [] []
[2025-08-20T14:38:14.542500+00:00] main.CRITICAL: Exception message: SQLSTATE[23000]: Integrity constraint violation: 1062 Duplicate entry '7' for key 'PRIMARY', query was: INSERT INTO `news_category_hierarchy` (`category_id`, `parent_id`, `created_at`, `updated_at`) VALUES (?, ?, ?, ?)
Trace: <pre>#1 Magento\Framework\DB\Adapter\Pdo\Mysql->_query() called at [vendor/magento/framework/DB/Adapter/Pdo/Mysql.php:703]
#2 Magento\Framework\DB\Adapter\Pdo\Mysql->query() called at [vendor/magento/zend-db/library/Zend/Db/Adapter/Abstract.php:576]
#3 Zend_Db_Adapter_Abstract->insert() called at [app/code/News/Manger/Controller/Adminhtml/Category/Save.php:156]
#4 News\Manger\Controller\Adminhtml\Category\Save->saveMultipleHierarchies() called at [app/code/News/Manger/Controller/Adminhtml/Category/Save.php:100]
#5 News\Manger\Controller\Adminhtml\Category\Save->execute() called at [vendor/magento/framework/Interception/Interceptor.php:58]
#6 News\Manger\Controller\Adminhtml\Category\Save\Interceptor->___callParent() called at [vendor/magento/framework/Interception/Interceptor.php:138]
#7 News\Manger\Controller\Adminhtml\Category\Save\Interceptor->Magento\Framework\Interception\{closure}() called at [vendor/magento/framework/Interception/Interceptor.php:153]
#8 News\Manger\Controller\Adminhtml\Category\Save\Interceptor->___callPlugins() called at [generated/code/News/Manger/Controller/Adminhtml/Category/Save/Interceptor.php:23]
#9 News\Manger\Controller\Adminhtml\Category\Save\Interceptor->execute() called at [vendor/magento/framework/App/Action/Action.php:111]
#10 Magento\Framework\App\Action\Action->dispatch() called at [vendor/magento/module-backend/App/AbstractAction.php:151]
#11 Magento\Backend\App\AbstractAction->dispatch() called at [vendor/magento/framework/Interception/Interceptor.php:58]
#12 News\Manger\Controller\Adminhtml\Category\Save\Interceptor->___callParent() called at [vendor/magento/framework/Interception/Interceptor.php:138]
#13 News\Manger\Controller\Adminhtml\Category\Save\Interceptor->Magento\Framework\Interception\{closure}() called at [vendor/magento/module-backend/App/Action/Plugin/Authentication.php:145]
#14 Magento\Backend\App\Action\Plugin\Authentication->aroundDispatch() called at [vendor/magento/framework/Interception/Interceptor.php:135]
#15 News\Manger\Controller\Adminhtml\Category\Save\Interceptor->Magento\Framework\Interception\{closure}() called at [vendor/magento/framework/Interception/Interceptor.php:153]
#16 News\Manger\Controller\Adminhtml\Category\Save\Interceptor->___callPlugins() called at [generated/code/News/Manger/Controller/Adminhtml/Category/Save/Interceptor.php:32]
#17 News\Manger\Controller\Adminhtml\Category\Save\Interceptor->dispatch() called at [vendor/magento/framework/App/FrontController.php:245]
#18 Magento\Framework\App\FrontController->getActionResponse() called at [vendor/magento/framework/App/FrontController.php:212]
#19 Magento\Framework\App\FrontController->processRequest() called at [vendor/magento/framework/App/FrontController.php:146]
#20 Magento\Framework\App\FrontController->dispatch() called at [vendor/magento/framework/Interception/Interceptor.php:58]
#21 Magento\Framework\App\FrontController\Interceptor->___callParent() called at [vendor/magento/framework/Interception/Interceptor.php:138]
#22 Magento\Framework\App\FrontController\Interceptor->Magento\Framework\Interception\{closure}() called at [vendor/magento/framework/Interception/Interceptor.php:153]
#23 Magento\Framework\App\FrontController\Interceptor->___callPlugins() called at [generated/code/Magento/Framework/App/FrontController/Interceptor.php:23]
#24 Magento\Framework\App\FrontController\Interceptor->dispatch() called at [vendor/magento/framework/App/Http.php:116]
#25 Magento\Framework\App\Http->launch() called at [vendor/magento/framework/Interception/Interceptor.php:58]
#26 Magento\Framework\App\Http\Interceptor->___callParent() called at [vendor/magento/framework/Interception/Interceptor.php:138]
#27 Magento\Framework\App\Http\Interceptor->Magento\Framework\Interception\{closure}() called at [vendor/magento/module-application-performance-monitor/Plugin/ApplicationPerformanceMonitor.php:38]
#28 Magento\ApplicationPerformanceMonitor\Plugin\ApplicationPerformanceMonitor->aroundLaunch() called at [vendor/magento/framework/Interception/Interceptor.php:135]
#29 Magento\Framework\App\Http\Interceptor->Magento\Framework\Interception\{closure}() called at [vendor/magento/framework/Interception/Interceptor.php:153]
#30 Magento\Framework\App\Http\Interceptor->___callPlugins() called at [generated/code/Magento/Framework/App/Http/Interceptor.php:23]
#31 Magento\Framework\App\Http\Interceptor->launch() called at [vendor/magento/framework/App/Bootstrap.php:264]
#32 Magento\Framework\App\Bootstrap->run() called at [pub/index.php:30]
</pre> [] []
[2025-08-20T14:38:14.623440+00:00] main.INFO: Broken reference: the 'notification.messages' tries to reorder itself towards 'user', but their parents are different: 'header.inner.right' and 'header' respectively. [] []
[2025-08-20T14:40:07.662224+00:00] main.INFO: Broken reference: the 'notification.messages' tries to reorder itself towards 'user', but their parents are different: 'header.inner.right' and 'header' respectively. [] []
[2025-08-20T14:40:23.178245+00:00] main.INFO: Broken reference: the 'notification.messages' tries to reorder itself towards 'user', but their parents are different: 'header.inner.right' and 'header' respectively. [] []
[2025-08-20T14:40:43.975531+00:00] main.INFO: Broken reference: the 'notification.messages' tries to reorder itself towards 'user', but their parents are different: 'header.inner.right' and 'header' respectively. [] []
[2025-08-20T14:40:55.710280+00:00] main.CRITICAL: Type Error occurred when creating object: News\Manger\Controller\Adminhtml\Category\Save\Interceptor, Too few arguments to function News\Manger\Controller\Adminhtml\Category\Save\Interceptor::__construct(), 3 passed in /var/www/html/vendor/magento/framework/ObjectManager/Factory/AbstractFactory.php on line 121 and exactly 4 expected [] []
[2025-08-20T14:40:55.711490+00:00] main.ERROR: Type Error occurred when creating object: News\Manger\Controller\Adminhtml\Category\Save\Interceptor, Too few arguments to function News\Manger\Controller\Adminhtml\Category\Save\Interceptor::__construct(), 3 passed in /var/www/html/vendor/magento/framework/ObjectManager/Factory/AbstractFactory.php on line 121 and exactly 4 expected [] []
[2025-08-20T14:42:18.936282+00:00] main.INFO: Category Save - Incoming Data: {"data":{"form_key":"gAU8w6H5rcxpt34T","category_name":"lkfdsf","category_description":"sdf","category_status":"1","sort_order":"0","parent_category_ids":["","1","4","7"]},"id":null} []
[2025-08-20T14:42:18.937176+00:00] main.INFO: Parent Categories: {"parent_ids":{"1":1,"2":4,"3":7}} []
[2025-08-20T14:42:18.937513+00:00] main.INFO: Model data before save: {"model_data":{"form_key":"gAU8w6H5rcxpt34T","category_name":"lkfdsf","category_description":"sdf","category_status":"1","sort_order":"0"}} []
[2025-08-20T14:42:18.947011+00:00] main.INFO: Category saved successfully: {"category_id":"8"} []
[2025-08-20T14:42:18.948123+00:00] main.INFO: Saving hierarchies: {"category_id":"8","parent_ids":{"1":1,"2":4,"3":7},"hierarchy_table":"news_category_hierarchy"} []
[2025-08-20T14:42:18.972507+00:00] main.ERROR: Error saving hierarchies: {"message":"SQLSTATE[23000]: Integrity constraint violation: 1062 Duplicate entry '8' for key 'PRIMARY', query was: INSERT INTO `news_category_hierarchy` (`category_id`, `parent_id`, `created_at`, `updated_at`) VALUES (?, ?, ?, ?)","category_id":"8","parent_ids":{"1":1,"2":4,"3":7}} []
[2025-08-20T14:42:18.973005+00:00] main.CRITICAL: Exception in category save: {"message":"SQLSTATE[23000]: Integrity constraint violation: 1062 Duplicate entry '8' for key 'PRIMARY', query was: INSERT INTO `news_category_hierarchy` (`category_id`, `parent_id`, `created_at`, `updated_at`) VALUES (?, ?, ?, ?)","file":"/var/www/html/vendor/magento/framework/DB/Adapter/Pdo/Mysql.php","line":672,"trace":"#0 /var/www/html/vendor/magento/framework/DB/Adapter/Pdo/Mysql.php(614): Magento\\Framework\\DB\\Adapter\\Pdo\\Mysql->performQuery(Object(Closure))
#1 /var/www/html/vendor/magento/framework/DB/Adapter/Pdo/Mysql.php(703): Magento\\Framework\\DB\\Adapter\\Pdo\\Mysql->_query('INSERT INTO `ne...', Array)
#2 /var/www/html/vendor/magento/zend-db/library/Zend/Db/Adapter/Abstract.php(576): Magento\\Framework\\DB\\Adapter\\Pdo\\Mysql->query('INSERT INTO `ne...', Array)
#3 /var/www/html/app/code/News/Manger/Controller/Adminhtml/Category/Save.php(212): Zend_Db_Adapter_Abstract->insert('news_category_h...', Array)
#4 /var/www/html/app/code/News/Manger/Controller/Adminhtml/Category/Save.php(138): News\\Manger\\Controller\\Adminhtml\\Category\\Save->saveMultipleHierarchies('8', Array)
#5 /var/www/html/vendor/magento/framework/Interception/Interceptor.php(58): News\\Manger\\Controller\\Adminhtml\\Category\\Save->execute()
#6 /var/www/html/vendor/magento/framework/Interception/Interceptor.php(138): News\\Manger\\Controller\\Adminhtml\\Category\\Save\\Interceptor->___callParent('execute', Array)
#7 /var/www/html/vendor/magento/framework/Interception/Interceptor.php(153): News\\Manger\\Controller\\Adminhtml\\Category\\Save\\Interceptor->Magento\\Framework\\Interception\\{closure}()
#8 /var/www/html/generated/code/News/Manger/Controller/Adminhtml/Category/Save/Interceptor.php(23): News\\Manger\\Controller\\Adminhtml\\Category\\Save\\Interceptor->___callPlugins('execute', Array, Array)
#9 /var/www/html/vendor/magento/framework/App/Action/Action.php(111): News\\Manger\\Controller\\Adminhtml\\Category\\Save\\Interceptor->execute()
#10 /var/www/html/vendor/magento/module-backend/App/AbstractAction.php(151): Magento\\Framework\\App\\Action\\Action->dispatch(Object(Magento\\Framework\\App\\Request\\Http))
#11 /var/www/html/vendor/magento/framework/Interception/Interceptor.php(58): Magento\\Backend\\App\\AbstractAction->dispatch(Object(Magento\\Framework\\App\\Request\\Http))
#12 /var/www/html/vendor/magento/framework/Interception/Interceptor.php(138): News\\Manger\\Controller\\Adminhtml\\Category\\Save\\Interceptor->___callParent('dispatch', Array)
#13 /var/www/html/vendor/magento/module-backend/App/Action/Plugin/Authentication.php(145): News\\Manger\\Controller\\Adminhtml\\Category\\Save\\Interceptor->Magento\\Framework\\Interception\\{closure}(Object(Magento\\Framework\\App\\Request\\Http))
#14 /var/www/html/vendor/magento/framework/Interception/Interceptor.php(135): Magento\\Backend\\App\\Action\\Plugin\\Authentication->aroundDispatch(Object(News\\Manger\\Controller\\Adminhtml\\Category\\Save\\Interceptor), Object(Closure), Object(Magento\\Framework\\App\\Request\\Http))
#15 /var/www/html/vendor/magento/framework/Interception/Interceptor.php(153): News\\Manger\\Controller\\Adminhtml\\Category\\Save\\Interceptor->Magento\\Framework\\Interception\\{closure}(Object(Magento\\Framework\\App\\Request\\Http))
#16 /var/www/html/generated/code/News/Manger/Controller/Adminhtml/Category/Save/Interceptor.php(32): News\\Manger\\Controller\\Adminhtml\\Category\\Save\\Interceptor->___callPlugins('dispatch', Array, Array)
#17 /var/www/html/vendor/magento/framework/App/FrontController.php(245): News\\Manger\\Controller\\Adminhtml\\Category\\Save\\Interceptor->dispatch(Object(Magento\\Framework\\App\\Request\\Http))
#18 /var/www/html/vendor/magento/framework/App/FrontController.php(212): Magento\\Framework\\App\\FrontController->getActionResponse(Object(News\\Manger\\Controller\\Adminhtml\\Category\\Save\\Interceptor), Object(Magento\\Framework\\App\\Request\\Http))
#19 /var/www/html/vendor/magento/framework/App/FrontController.php(146): Magento\\Framework\\App\\FrontController->processRequest(Object(Magento\\Framework\\App\\Request\\Http), Object(News\\Manger\\Controller\\Adminhtml\\Category\\Save\\Interceptor))
#20 /var/www/html/vendor/magento/framework/Interception/Interceptor.php(58): Magento\\Framework\\App\\FrontController->dispatch(Object(Magento\\Framework\\App\\Request\\Http))
#21 /var/www/html/vendor/magento/framework/Interception/Interceptor.php(138): Magento\\Framework\\App\\FrontController\\Interceptor->___callParent('dispatch', Array)
#22 /var/www/html/vendor/magento/framework/Interception/Interceptor.php(153): Magento\\Framework\\App\\FrontController\\Interceptor->Magento\\Framework\\Interception\\{closure}(Object(Magento\\Framework\\App\\Request\\Http))
#23 /var/www/html/generated/code/Magento/Framework/App/FrontController/Interceptor.php(23): Magento\\Framework\\App\\FrontController\\Interceptor->___callPlugins('dispatch', Array, Array)
#24 /var/www/html/vendor/magento/framework/App/Http.php(116): Magento\\Framework\\App\\FrontController\\Interceptor->dispatch(Object(Magento\\Framework\\App\\Request\\Http))
#25 /var/www/html/vendor/magento/framework/Interception/Interceptor.php(58): Magento\\Framework\\App\\Http->launch()
#26 /var/www/html/vendor/magento/framework/Interception/Interceptor.php(138): Magento\\Framework\\App\\Http\\Interceptor->___callParent('launch', Array)
#27 /var/www/html/vendor/magento/module-application-performance-monitor/Plugin/ApplicationPerformanceMonitor.php(38): Magento\\Framework\\App\\Http\\Interceptor->Magento\\Framework\\Interception\\{closure}()
#28 /var/www/html/vendor/magento/framework/Interception/Interceptor.php(135): Magento\\ApplicationPerformanceMonitor\\Plugin\\ApplicationPerformanceMonitor->aroundLaunch(Object(Magento\\Framework\\App\\Http\\Interceptor), Object(Closure))
#29 /var/www/html/vendor/magento/framework/Interception/Interceptor.php(153): Magento\\Framework\\App\\Http\\Interceptor->Magento\\Framework\\Interception\\{closure}()
#30 /var/www/html/generated/code/Magento/Framework/App/Http/Interceptor.php(23): Magento\\Framework\\App\\Http\\Interceptor->___callPlugins('launch', Array, NULL)
#31 /var/www/html/vendor/magento/framework/App/Bootstrap.php(264): Magento\\Framework\\App\\Http\\Interceptor->launch()
#32 /var/www/html/pub/index.php(30): Magento\\Framework\\App\\Bootstrap->run(Object(Magento\\Framework\\App\\Http\\Interceptor))
#33 {main}"} []
[2025-08-20T14:42:18.973737+00:00] main.CRITICAL: Exception message: SQLSTATE[23000]: Integrity constraint violation: 1062 Duplicate entry '8' for key 'PRIMARY', query was: INSERT INTO `news_category_hierarchy` (`category_id`, `parent_id`, `created_at`, `updated_at`) VALUES (?, ?, ?, ?)
Trace: <pre>#1 Magento\Framework\DB\Adapter\Pdo\Mysql->_query() called at [vendor/magento/framework/DB/Adapter/Pdo/Mysql.php:703]
#2 Magento\Framework\DB\Adapter\Pdo\Mysql->query() called at [vendor/magento/zend-db/library/Zend/Db/Adapter/Abstract.php:576]
#3 Zend_Db_Adapter_Abstract->insert() called at [app/code/News/Manger/Controller/Adminhtml/Category/Save.php:212]
#4 News\Manger\Controller\Adminhtml\Category\Save->saveMultipleHierarchies() called at [app/code/News/Manger/Controller/Adminhtml/Category/Save.php:138]
#5 News\Manger\Controller\Adminhtml\Category\Save->execute() called at [vendor/magento/framework/Interception/Interceptor.php:58]
#6 News\Manger\Controller\Adminhtml\Category\Save\Interceptor->___callParent() called at [vendor/magento/framework/Interception/Interceptor.php:138]
#7 News\Manger\Controller\Adminhtml\Category\Save\Interceptor->Magento\Framework\Interception\{closure}() called at [vendor/magento/framework/Interception/Interceptor.php:153]
#8 News\Manger\Controller\Adminhtml\Category\Save\Interceptor->___callPlugins() called at [generated/code/News/Manger/Controller/Adminhtml/Category/Save/Interceptor.php:23]
#9 News\Manger\Controller\Adminhtml\Category\Save\Interceptor->execute() called at [vendor/magento/framework/App/Action/Action.php:111]
#10 Magento\Framework\App\Action\Action->dispatch() called at [vendor/magento/module-backend/App/AbstractAction.php:151]
#11 Magento\Backend\App\AbstractAction->dispatch() called at [vendor/magento/framework/Interception/Interceptor.php:58]
#12 News\Manger\Controller\Adminhtml\Category\Save\Interceptor->___callParent() called at [vendor/magento/framework/Interception/Interceptor.php:138]
#13 News\Manger\Controller\Adminhtml\Category\Save\Interceptor->Magento\Framework\Interception\{closure}() called at [vendor/magento/module-backend/App/Action/Plugin/Authentication.php:145]
#14 Magento\Backend\App\Action\Plugin\Authentication->aroundDispatch() called at [vendor/magento/framework/Interception/Interceptor.php:135]
#15 News\Manger\Controller\Adminhtml\Category\Save\Interceptor->Magento\Framework\Interception\{closure}() called at [vendor/magento/framework/Interception/Interceptor.php:153]
#16 News\Manger\Controller\Adminhtml\Category\Save\Interceptor->___callPlugins() called at [generated/code/News/Manger/Controller/Adminhtml/Category/Save/Interceptor.php:32]
#17 News\Manger\Controller\Adminhtml\Category\Save\Interceptor->dispatch() called at [vendor/magento/framework/App/FrontController.php:245]
#18 Magento\Framework\App\FrontController->getActionResponse() called at [vendor/magento/framework/App/FrontController.php:212]
#19 Magento\Framework\App\FrontController->processRequest() called at [vendor/magento/framework/App/FrontController.php:146]
#20 Magento\Framework\App\FrontController->dispatch() called at [vendor/magento/framework/Interception/Interceptor.php:58]
#21 Magento\Framework\App\FrontController\Interceptor->___callParent() called at [vendor/magento/framework/Interception/Interceptor.php:138]
#22 Magento\Framework\App\FrontController\Interceptor->Magento\Framework\Interception\{closure}() called at [vendor/magento/framework/Interception/Interceptor.php:153]
#23 Magento\Framework\App\FrontController\Interceptor->___callPlugins() called at [generated/code/Magento/Framework/App/FrontController/Interceptor.php:23]
#24 Magento\Framework\App\FrontController\Interceptor->dispatch() called at [vendor/magento/framework/App/Http.php:116]
#25 Magento\Framework\App\Http->launch() called at [vendor/magento/framework/Interception/Interceptor.php:58]
#26 Magento\Framework\App\Http\Interceptor->___callParent() called at [vendor/magento/framework/Interception/Interceptor.php:138]
#27 Magento\Framework\App\Http\Interceptor->Magento\Framework\Interception\{closure}() called at [vendor/magento/module-application-performance-monitor/Plugin/ApplicationPerformanceMonitor.php:38]
#28 Magento\ApplicationPerformanceMonitor\Plugin\ApplicationPerformanceMonitor->aroundLaunch() called at [vendor/magento/framework/Interception/Interceptor.php:135]
#29 Magento\Framework\App\Http\Interceptor->Magento\Framework\Interception\{closure}() called at [vendor/magento/framework/Interception/Interceptor.php:153]
#30 Magento\Framework\App\Http\Interceptor->___callPlugins() called at [generated/code/Magento/Framework/App/Http/Interceptor.php:23]
#31 Magento\Framework\App\Http\Interceptor->launch() called at [vendor/magento/framework/App/Bootstrap.php:264]
#32 Magento\Framework\App\Bootstrap->run() called at [pub/index.php:30]
</pre> [] []
[2025-08-20T14:42:19.069528+00:00] main.INFO: Broken reference: the 'notification.messages' tries to reorder itself towards 'user', but their parents are different: 'header.inner.right' and 'header' respectively. [] []
[2025-08-20T14:42:24.228647+00:00] main.INFO: Broken reference: the 'notification.messages' tries to reorder itself towards 'user', but their parents are different: 'header.inner.right' and 'header' respectively. [] []
[2025-08-20T14:42:33.506601+00:00] main.INFO: Category Save - Incoming Data: {"data":{"form_key":"gAU8w6H5rcxpt34T","category_name":"category1 ","category_description":"sadasd","category_status":"1","sort_order":"0","parent_category_ids":["","1","4","7"]},"id":null} []
[2025-08-20T14:42:33.507286+00:00] main.INFO: Parent Categories: {"parent_ids":{"1":1,"2":4,"3":7}} []
[2025-08-20T14:42:33.507577+00:00] main.INFO: Model data before save: {"model_data":{"form_key":"gAU8w6H5rcxpt34T","category_name":"category1 ","category_description":"sadasd","category_status":"1","sort_order":"0"}} []
[2025-08-20T14:42:33.510593+00:00] main.INFO: Category saved successfully: {"category_id":"9"} []
[2025-08-20T14:42:33.510993+00:00] main.INFO: Saving hierarchies: {"category_id":"9","parent_ids":{"1":1,"2":4,"3":7},"hierarchy_table":"news_category_hierarchy"} []
[2025-08-20T14:42:33.516177+00:00] main.ERROR: Error saving hierarchies: {"message":"SQLSTATE[23000]: Integrity constraint violation: 1062 Duplicate entry '9' for key 'PRIMARY', query was: INSERT INTO `news_category_hierarchy` (`category_id`, `parent_id`, `created_at`, `updated_at`) VALUES (?, ?, ?, ?)","category_id":"9","parent_ids":{"1":1,"2":4,"3":7}} []
[2025-08-20T14:42:33.516645+00:00] main.CRITICAL: Exception in category save: {"message":"SQLSTATE[23000]: Integrity constraint violation: 1062 Duplicate entry '9' for key 'PRIMARY', query was: INSERT INTO `news_category_hierarchy` (`category_id`, `parent_id`, `created_at`, `updated_at`) VALUES (?, ?, ?, ?)","file":"/var/www/html/vendor/magento/framework/DB/Adapter/Pdo/Mysql.php","line":672,"trace":"#0 /var/www/html/vendor/magento/framework/DB/Adapter/Pdo/Mysql.php(614): Magento\\Framework\\DB\\Adapter\\Pdo\\Mysql->performQuery(Object(Closure))
#1 /var/www/html/vendor/magento/framework/DB/Adapter/Pdo/Mysql.php(703): Magento\\Framework\\DB\\Adapter\\Pdo\\Mysql->_query('INSERT INTO `ne...', Array)
#2 /var/www/html/vendor/magento/zend-db/library/Zend/Db/Adapter/Abstract.php(576): Magento\\Framework\\DB\\Adapter\\Pdo\\Mysql->query('INSERT INTO `ne...', Array)
#3 /var/www/html/app/code/News/Manger/Controller/Adminhtml/Category/Save.php(212): Zend_Db_Adapter_Abstract->insert('news_category_h...', Array)
#4 /var/www/html/app/code/News/Manger/Controller/Adminhtml/Category/Save.php(138): News\\Manger\\Controller\\Adminhtml\\Category\\Save->saveMultipleHierarchies('9', Array)
#5 /var/www/html/vendor/magento/framework/Interception/Interceptor.php(58): News\\Manger\\Controller\\Adminhtml\\Category\\Save->execute()
#6 /var/www/html/vendor/magento/framework/Interception/Interceptor.php(138): News\\Manger\\Controller\\Adminhtml\\Category\\Save\\Interceptor->___callParent('execute', Array)
#7 /var/www/html/vendor/magento/framework/Interception/Interceptor.php(153): News\\Manger\\Controller\\Adminhtml\\Category\\Save\\Interceptor->Magento\\Framework\\Interception\\{closure}()
#8 /var/www/html/generated/code/News/Manger/Controller/Adminhtml/Category/Save/Interceptor.php(23): News\\Manger\\Controller\\Adminhtml\\Category\\Save\\Interceptor->___callPlugins('execute', Array, Array)
#9 /var/www/html/vendor/magento/framework/App/Action/Action.php(111): News\\Manger\\Controller\\Adminhtml\\Category\\Save\\Interceptor->execute()
#10 /var/www/html/vendor/magento/module-backend/App/AbstractAction.php(151): Magento\\Framework\\App\\Action\\Action->dispatch(Object(Magento\\Framework\\App\\Request\\Http))
#11 /var/www/html/vendor/magento/framework/Interception/Interceptor.php(58): Magento\\Backend\\App\\AbstractAction->dispatch(Object(Magento\\Framework\\App\\Request\\Http))
#12 /var/www/html/vendor/magento/framework/Interception/Interceptor.php(138): News\\Manger\\Controller\\Adminhtml\\Category\\Save\\Interceptor->___callParent('dispatch', Array)
#13 /var/www/html/vendor/magento/module-backend/App/Action/Plugin/Authentication.php(145): News\\Manger\\Controller\\Adminhtml\\Category\\Save\\Interceptor->Magento\\Framework\\Interception\\{closure}(Object(Magento\\Framework\\App\\Request\\Http))
#14 /var/www/html/vendor/magento/framework/Interception/Interceptor.php(135): Magento\\Backend\\App\\Action\\Plugin\\Authentication->aroundDispatch(Object(News\\Manger\\Controller\\Adminhtml\\Category\\Save\\Interceptor), Object(Closure), Object(Magento\\Framework\\App\\Request\\Http))
#15 /var/www/html/vendor/magento/framework/Interception/Interceptor.php(153): News\\Manger\\Controller\\Adminhtml\\Category\\Save\\Interceptor->Magento\\Framework\\Interception\\{closure}(Object(Magento\\Framework\\App\\Request\\Http))
#16 /var/www/html/generated/code/News/Manger/Controller/Adminhtml/Category/Save/Interceptor.php(32): News\\Manger\\Controller\\Adminhtml\\Category\\Save\\Interceptor->___callPlugins('dispatch', Array, Array)
#17 /var/www/html/vendor/magento/framework/App/FrontController.php(245): News\\Manger\\Controller\\Adminhtml\\Category\\Save\\Interceptor->dispatch(Object(Magento\\Framework\\App\\Request\\Http))
#18 /var/www/html/vendor/magento/framework/App/FrontController.php(212): Magento\\Framework\\App\\FrontController->getActionResponse(Object(News\\Manger\\Controller\\Adminhtml\\Category\\Save\\Interceptor), Object(Magento\\Framework\\App\\Request\\Http))
#19 /var/www/html/vendor/magento/framework/App/FrontController.php(146): Magento\\Framework\\App\\FrontController->processRequest(Object(Magento\\Framework\\App\\Request\\Http), Object(News\\Manger\\Controller\\Adminhtml\\Category\\Save\\Interceptor))
#20 /var/www/html/vendor/magento/framework/Interception/Interceptor.php(58): Magento\\Framework\\App\\FrontController->dispatch(Object(Magento\\Framework\\App\\Request\\Http))
#21 /var/www/html/vendor/magento/framework/Interception/Interceptor.php(138): Magento\\Framework\\App\\FrontController\\Interceptor->___callParent('dispatch', Array)
#22 /var/www/html/vendor/magento/framework/Interception/Interceptor.php(153): Magento\\Framework\\App\\FrontController\\Interceptor->Magento\\Framework\\Interception\\{closure}(Object(Magento\\Framework\\App\\Request\\Http))
#23 /var/www/html/generated/code/Magento/Framework/App/FrontController/Interceptor.php(23): Magento\\Framework\\App\\FrontController\\Interceptor->___callPlugins('dispatch', Array, Array)
#24 /var/www/html/vendor/magento/framework/App/Http.php(116): Magento\\Framework\\App\\FrontController\\Interceptor->dispatch(Object(Magento\\Framework\\App\\Request\\Http))
#25 /var/www/html/vendor/magento/framework/Interception/Interceptor.php(58): Magento\\Framework\\App\\Http->launch()
#26 /var/www/html/vendor/magento/framework/Interception/Interceptor.php(138): Magento\\Framework\\App\\Http\\Interceptor->___callParent('launch', Array)
#27 /var/www/html/vendor/magento/module-application-performance-monitor/Plugin/ApplicationPerformanceMonitor.php(38): Magento\\Framework\\App\\Http\\Interceptor->Magento\\Framework\\Interception\\{closure}()
#28 /var/www/html/vendor/magento/framework/Interception/Interceptor.php(135): Magento\\ApplicationPerformanceMonitor\\Plugin\\ApplicationPerformanceMonitor->aroundLaunch(Object(Magento\\Framework\\App\\Http\\Interceptor), Object(Closure))
#29 /var/www/html/vendor/magento/framework/Interception/Interceptor.php(153): Magento\\Framework\\App\\Http\\Interceptor->Magento\\Framework\\Interception\\{closure}()
#30 /var/www/html/generated/code/Magento/Framework/App/Http/Interceptor.php(23): Magento\\Framework\\App\\Http\\Interceptor->___callPlugins('launch', Array, NULL)
#31 /var/www/html/vendor/magento/framework/App/Bootstrap.php(264): Magento\\Framework\\App\\Http\\Interceptor->launch()
#32 /var/www/html/pub/index.php(30): Magento\\Framework\\App\\Bootstrap->run(Object(Magento\\Framework\\App\\Http\\Interceptor))
#33 {main}"} []
[2025-08-20T14:42:33.517408+00:00] main.CRITICAL: Exception message: SQLSTATE[23000]: Integrity constraint violation: 1062 Duplicate entry '9' for key 'PRIMARY', query was: INSERT INTO `news_category_hierarchy` (`category_id`, `parent_id`, `created_at`, `updated_at`) VALUES (?, ?, ?, ?)
Trace: <pre>#1 Magento\Framework\DB\Adapter\Pdo\Mysql->_query() called at [vendor/magento/framework/DB/Adapter/Pdo/Mysql.php:703]
#2 Magento\Framework\DB\Adapter\Pdo\Mysql->query() called at [vendor/magento/zend-db/library/Zend/Db/Adapter/Abstract.php:576]
#3 Zend_Db_Adapter_Abstract->insert() called at [app/code/News/Manger/Controller/Adminhtml/Category/Save.php:212]
#4 News\Manger\Controller\Adminhtml\Category\Save->saveMultipleHierarchies() called at [app/code/News/Manger/Controller/Adminhtml/Category/Save.php:138]
#5 News\Manger\Controller\Adminhtml\Category\Save->execute() called at [vendor/magento/framework/Interception/Interceptor.php:58]
#6 News\Manger\Controller\Adminhtml\Category\Save\Interceptor->___callParent() called at [vendor/magento/framework/Interception/Interceptor.php:138]
#7 News\Manger\Controller\Adminhtml\Category\Save\Interceptor->Magento\Framework\Interception\{closure}() called at [vendor/magento/framework/Interception/Interceptor.php:153]
#8 News\Manger\Controller\Adminhtml\Category\Save\Interceptor->___callPlugins() called at [generated/code/News/Manger/Controller/Adminhtml/Category/Save/Interceptor.php:23]
#9 News\Manger\Controller\Adminhtml\Category\Save\Interceptor->execute() called at [vendor/magento/framework/App/Action/Action.php:111]
#10 Magento\Framework\App\Action\Action->dispatch() called at [vendor/magento/module-backend/App/AbstractAction.php:151]
#11 Magento\Backend\App\AbstractAction->dispatch() called at [vendor/magento/framework/Interception/Interceptor.php:58]
#12 News\Manger\Controller\Adminhtml\Category\Save\Interceptor->___callParent() called at [vendor/magento/framework/Interception/Interceptor.php:138]
#13 News\Manger\Controller\Adminhtml\Category\Save\Interceptor->Magento\Framework\Interception\{closure}() called at [vendor/magento/module-backend/App/Action/Plugin/Authentication.php:145]
#14 Magento\Backend\App\Action\Plugin\Authentication->aroundDispatch() called at [vendor/magento/framework/Interception/Interceptor.php:135]
#15 News\Manger\Controller\Adminhtml\Category\Save\Interceptor->Magento\Framework\Interception\{closure}() called at [vendor/magento/framework/Interception/Interceptor.php:153]
#16 News\Manger\Controller\Adminhtml\Category\Save\Interceptor->___callPlugins() called at [generated/code/News/Manger/Controller/Adminhtml/Category/Save/Interceptor.php:32]
#17 News\Manger\Controller\Adminhtml\Category\Save\Interceptor->dispatch() called at [vendor/magento/framework/App/FrontController.php:245]
#18 Magento\Framework\App\FrontController->getActionResponse() called at [vendor/magento/framework/App/FrontController.php:212]
#19 Magento\Framework\App\FrontController->processRequest() called at [vendor/magento/framework/App/FrontController.php:146]
#20 Magento\Framework\App\FrontController->dispatch() called at [vendor/magento/framework/Interception/Interceptor.php:58]
#21 Magento\Framework\App\FrontController\Interceptor->___callParent() called at [vendor/magento/framework/Interception/Interceptor.php:138]
#22 Magento\Framework\App\FrontController\Interceptor->Magento\Framework\Interception\{closure}() called at [vendor/magento/framework/Interception/Interceptor.php:153]
#23 Magento\Framework\App\FrontController\Interceptor->___callPlugins() called at [generated/code/Magento/Framework/App/FrontController/Interceptor.php:23]
#24 Magento\Framework\App\FrontController\Interceptor->dispatch() called at [vendor/magento/framework/App/Http.php:116]
#25 Magento\Framework\App\Http->launch() called at [vendor/magento/framework/Interception/Interceptor.php:58]
#26 Magento\Framework\App\Http\Interceptor->___callParent() called at [vendor/magento/framework/Interception/Interceptor.php:138]
#27 Magento\Framework\App\Http\Interceptor->Magento\Framework\Interception\{closure}() called at [vendor/magento/module-application-performance-monitor/Plugin/ApplicationPerformanceMonitor.php:38]
#28 Magento\ApplicationPerformanceMonitor\Plugin\ApplicationPerformanceMonitor->aroundLaunch() called at [vendor/magento/framework/Interception/Interceptor.php:135]
#29 Magento\Framework\App\Http\Interceptor->Magento\Framework\Interception\{closure}() called at [vendor/magento/framework/Interception/Interceptor.php:153]
#30 Magento\Framework\App\Http\Interceptor->___callPlugins() called at [generated/code/Magento/Framework/App/Http/Interceptor.php:23]
#31 Magento\Framework\App\Http\Interceptor->launch() called at [vendor/magento/framework/App/Bootstrap.php:264]
#32 Magento\Framework\App\Bootstrap->run() called at [pub/index.php:30]
</pre> [] []
[2025-08-20T14:42:33.618811+00:00] main.INFO: Broken reference: the 'notification.messages' tries to reorder itself towards 'user', but their parents are different: 'header.inner.right' and 'header' respectively. [] []
[2025-08-20T14:52:40.403187+00:00] main.INFO: Broken reference: the 'notification.messages' tries to reorder itself towards 'user', but their parents are different: 'header.inner.right' and 'header' respectively. [] []
[2025-08-20T14:53:17.414094+00:00] main.INFO: Broken reference: the 'notification.messages' tries to reorder itself towards 'user', but their parents are different: 'header.inner.right' and 'header' respectively. [] []
[2025-08-20T14:53:21.322700+00:00] main.INFO: Broken reference: the 'notification.messages' tries to reorder itself towards 'user', but their parents are different: 'header.inner.right' and 'header' respectively. [] []
[2025-08-20T14:56:24.704257+00:00] main.INFO: Broken reference: the 'notification.messages' tries to reorder itself towards 'user', but their parents are different: 'header.inner.right' and 'header' respectively. [] []
[2025-08-20T14:56:29.644576+00:00] main.INFO: Broken reference: the 'notification.messages' tries to reorder itself towards 'user', but their parents are different: 'header.inner.right' and 'header' respectively. [] []
